record_id,source_database,search_date,is_preprint,title,authors,year,venue,doi,url,content_type,phase1_identified,phase2_dedup_status,phase3_title_decision,phase3_title_reason,abstract_source,phase4_abstract_decision,phase4_abstract_reason,phase4_ic_met,phase4_ec_triggered,phase5_fulltext_decision,phase5_ec_triggered,phase5_decision_reviewed,phase5_fulltext_reason,phase6_qa_total_score,phase6_qa_meets_threshold,phase7_final_decision
R0093,ACM Digital Library,2026-07-06,False,Machine Learning-Enhanced Cross-Tier Security and Anomaly Detection in Wireless Body Area Networks,"Shamshuzzoha, Md and Islam, Md. Motaharul",2024,Proceedings of the 3rd International Conference on Computing Advancements,10.1145/3723178.3723179,https://doi.org/10.1145/3723178.3723179,inproceedings,Yes,Unique,Passed,,,Uncertain,"The paper addresses IoMT/WBAN environments (IC1) and proposes both anomaly detection (SenseGuard) and intrusion detection systems (IC2), but the abstract does not explicitly confirm whether the architecture combines unsupervised anomaly detection with supervised classification in a hybrid design (IC3).","IC1, IC2",,Excluded,EC3,Accepted,"Domain: WBAN healthcare IoT, satisfies EC1 (in scope). Combines an unsupervised component (One-Class SVM / Isolation Forest, used interchangeably and inconsistently for the same ""Device Tier"" task) with a supervised component (Random Forest / Logistic Regression at ""Hub Tier"") avoids EC3/EC4, though the two stages are not an integrated cascade; they're independent modules deployed at separate network tiers with no fusion mechanism, meta-classifier, or output-forwarding between them. No book chapter, not pre-2019, English, full text available, EC6–EC10 don't apply.",3.5,yes,Accepted
R0175,IEEE Xplore,2026-07-06,False,An Adaptive Dynamic Anomaly Detection Model for Internet of Medical Things,"Babu, S. Dilli and Rao, Yamala Veerabhadra and Mounika, Udatha and Reddy, Sidda Harinesh and Reddy, Desireddy Joshith",2026,2026 International Conference on Electronics and Renewable Systems (ICEARS),10.1109/icears67481.2026.11416517,https://doi.org/10.1109/icears67481.2026.11416517,inproceedings,Yes,Unique,Passed,,,Uncertain,"The paper proposes a hybrid IDS for IoMT combining unsupervised anomaly detection (statistical z-score ROI extraction) with supervised classification (Random Forest, ANN, XGBoost ensemble) in a two-stage architecture.","IC1, IC2, IC3",,Excluded,EC3,Accepted,"Included as a borderline primary study. The paper proposes an adaptive multi-stage IoMT anomaly detection framework combining a statistical ROI filtering stage with a supervised stacking ensemble composed of RF, ANN, and XGBoost. It is directly relevant to hybrid IoMT IDS architectures, adaptive learning, latency-aware detection, and false-positive reduction. However, the output appears to be binary normal/anomaly detection rather than fine-grained attack-type classification, so it should be coded as “binary hybrid IDS” rather than “multiclass attack classification”.",7.0,yes,Accepted
R0183,IEEE Xplore,2026-07-06,False,An Explainable Latent-Attention Hybrid Deep Learning Framework for High-Fidelity Intrusion Detection in IoT and Industrial Cyber Systems,"Gupta, Shiva and VERMA, Deepak Kumar and Srivastava, Santosh Kumar and Joshi, Chirag",2026,IEEE Access,10.1109/access.2026.3701636,https://doi.org/10.1109/access.2026.3701636,article,Yes,Unique,Passed,,,Uncertain,"The paper proposes a hybrid IDS combining autoencoders (unsupervised) with CNN-LSTM (supervised) for IoT and industrial networks, but IoMT/healthcare domain is not explicitly mentioned.","IC2, IC3",,Excluded,EC1,Accepted,"Included with a scope flag. The paper proposes NOVA-XIDS, a hybrid IDS combining autoencoder-based latent representation learning with supervised deep classification using residual CNN, CBAM attention, LSTM, and self-attention. It satisfies the technical hybrid criterion because it combines an unsupervised representation-learning component with a supervised classifier. However, the study is framed as a general IoT/IIoT/industrial IDS and uses IoMT as one dataset within a cross-domain evaluation, so it should be coded as “cross-domain including IoMT” rather than IoMT-specific",6.5,yes,Accepted
R0192,IEEE Xplore,2026-07-06,False,Optimized Hybrid Approach for Anomaly Detection of DDoS and Network Attacks in IoMT Systems using Autoencoders and TabNet,"G, Kirubavathi and Sivakumar, Shreya and Manickam, Sivakumar",2024,2024 4th International Conference on Mobile Networks and Wireless Communications (ICMNWC),10.1109/icmnwc63764.2024.10872358,https://doi.org/10.1109/icmnwc63764.2024.10872358,inproceedings,Yes,Unique,Passed,,,Uncertain,Paper proposes a hybrid IDS for IoMT combining unsupervised AutoEncoder (reconstruction error-based anomaly detection) with supervised TabNet classifier in a two-stage architecture.,"IC1, IC2, IC3",,Excluded,EC3,Accepted,"Included. The paper proposes and evaluates an IoMT anomaly detection framework using the CICIoMT 2024 dataset. It satisfies IC1 and IC2 because it addresses IoMT network security and evaluates anomaly detection for DDoS, DoS, reconnaissance, MQTT-based, and spoofing attacks. It satisfies IC3 because it combines an AutoEncoder-based unsupervised anomaly detection component, using reconstruction error and thresholding, with a TabNet supervised/tabular classification component. The study is a primary conference paper, published in 2024 and written in English. The integration should be coded with caution as a two-model or parallel hybrid framework, since the paper does not fully specify a single fused decision layer.",3.5,yes,Accepted
R0338,ScienceDirect,2026-07-06,False,Anomaly detection in Internet of medical Things with Blockchain from the perspective of deep neural network,Jun Wang and Hanlei Jin and Junxiao Chen and Jinghua Tan and Kaiyang Zhong,2022,Information Sciences,10.1016/j.ins.2022.10.060,https://www.sciencedirect.com/science/article/pii/S0020025522011835,article,Yes,Unique,Passed,,,Uncertain,"The paper addresses IoMT environments (IC1), proposes an anomaly detection system (IC2), and employs a hybrid architecture using autoencoder for unsupervised feature extraction followed by supervised classification tasks (IC3).","IC1, IC2, IC3",,Excluded,EC3,Accepted,"The paper proposes HFMMAD, a hierarchical anomaly detection and classification framework for IoMT-Blockchain traffic. It satisfies IC1 and IC2 because it explicitly addresses abnormal traffic detection in IoMT-Blockchain environments. It satisfies IC3 because the architecture combines a multi-model autoencoder component for unsupervised feature extraction and fusion with a supervised BiLSTM-based sequence classification component using residual learning and Softmax classifiers. The method is evaluated on two IoMT-Blockchain traffic datasets, TADA and TADB, under binary and multiclass anomaly detection settings. Therefore, it fits the strict hybrid IDS criterion combining unsupervised representation learning with supervised classification.",2.0,no,Accepted
R0413,ScienceDirect,2026-07-06,False,Implementation of art therapy assisted by the internet of medical things based on blockchain and fuzzy set theory,Xiaofeng Lu,2023,Information Sciences,10.1016/j.ins.2023.03.044,https://www.sciencedirect.com/science/article/pii/S0020025523003407,article,Yes,Unique,Passed,,,Uncertain,"The paper uses DFCM (unsupervised clustering) combined with FSVM (supervised classification) which appears hybrid, but DFCM is density-based fuzzy clustering not anomaly detection, and the architecture lacks the unsupervised anomaly detection component required by IC3.","IC1, IC2",EC3,Excluded,EC3,Accepted,Implementation of art therapy assisted by the internet of medical things based on blockchain and fuzzy set theory,4.0,yes,Accepted
R0444,ScienceDirect,2026-07-06,False,AIDA: A health informatics-oriented adaptive cybersecurity framework for clinically aware detection and response in healthcare,Mostafa Rahmany,2026,Informatics and Health,10.1016/j.infoh.2026.03.001,https://www.sciencedirect.com/science/article/pii/S294995342600007X,article,Yes,Unique,Passed,,,Accepted,"The paper addresses IoMT healthcare environments (IC1), proposes an intrusion detection framework (IC2), and explicitly combines unsupervised Autoencoder with supervised Random Forest and XGBoost in a multi-model architecture (IC3).","IC1, IC2, IC3",,Excluded,EC3,Accepted,"Included. The paper proposes AIDA, a health informatics-oriented adaptive cybersecurity framework for healthcare environments that integrates EHR logs, IoMT telemetry, and identity/access-control events. It satisfies IC1 because it explicitly addresses healthcare information infrastructures and IoMT-connected clinical environments. It satisfies IC2 because it performs intrusion/anomaly detection, alert correlation, and clinically aware response selection. It satisfies IC3 because the detection stack combines Random Forest and XGBoost supervised models with an Autoencoder unsupervised anomaly-detection component, supported by multisource event fusion, SHAP/LIME explanations, and NSGA-II multi-objective optimization. The paper is a primary research article, published in 2026 and written in English. A limitation is that the evaluation uses CICIDS2017 augmented with synthetic healthcare-specific attack scenarios and a digital twin rather than a native IoMT traffic dataset, so the validation should be coded as healthcare-augmented/simulated rather than fully IoMT-native.",6.5,yes,Accepted
R0446,ScienceDirect,2026-07-06,False,An Auto Encoder-Enhanced Stacked Ensemble for Intrusion Detection in Healthcare Networks,Fatma S. Alrayes and Mohammed Zakariah and Mohammed K. Alzaylaee and Syed Umar Amin and Zafar Iqbal Khan,2025,"Computers, Materials and Continua",10.32604/cmc.2025.068599,https://www.sciencedirect.com/science/article/pii/S1546221825008707,article,Yes,Unique,Passed,,,Uncertain,"The paper addresses healthcare network intrusion detection (IC1, IC2) and uses an autoencoder-enhanced stacked ensemble, but the abstract does not clearly confirm the autoencoder functions as unsupervised anomaly detection in a cascade with supervised classifiers (IC3 unclear).","IC1, IC2",,Excluded,EC3,Accepted,"Included. The paper proposes Auto-Stack ID / AESE, an autoencoder-enhanced stacked ensemble IDS for healthcare networks using the WUSTL-EHMS 2020 dataset. It satisfies IC1 because it addresses healthcare network security with EHRs, Medical IoT devices, biometric sensors, networked medical equipment, and patient-monitoring systems. It satisfies IC2 because it proposes and evaluates an IDS for distinguishing normal traffic from intrusion attacks. It satisfies IC3 because the architecture combines an unsupervised autoencoder for feature enhancement and latent representation learning with supervised base classifiers, including TabNet, LightGBM, Gaussian Naive Bayes, Histogram-Based Gradient Boosting, and Logistic Regression, followed by an XGBoost meta-learner. The paper is a primary research article, published in 2025 and written in English. A coding note should indicate that the autoencoder is used for feature enhancement rather than as a standalone reconstruction-threshold anomaly detector.",4.5,yes,Accepted
R0479,ScienceDirect,2026-07-06,False,Future-Proofing CIA Triad with Authentication for Healthcare: Integrating Hybrid Architecture of ML & DL with IDPS for Robust IoMT Security,Saad Awadh Alanazi and Fahad Ahmad,2025,"Computers, Materials and Continua",10.32604/cmc.2025.066753,https://www.sciencedirect.com/science/article/pii/S1546221825007799,article,Yes,Unique,Passed,,,Accepted,"The paper addresses IoMT security with an IDPS that explicitly combines unsupervised anomaly detection (Autoencoders) with supervised classification (XGB, CNN) in a hybrid architecture.","IC1, IC2, IC3",,Excluded,EC3,Accepted,"Included. The paper proposes an IoMT-oriented IDPS framework integrating ML and DL within a hierarchical security architecture for protecting patient-generated health data under the CIA triad and authentication principles. It satisfies IC3 because the architecture uses ML models for initial anomaly-oriented scrutiny of IoMT/network traffic and DL models for deeper threat verification and classification. The study evaluates multiple ML and DL models, including XGBoost and hybrid CNN+Autoencoder, with the best ML model achieving about 96% accuracy and the best DL hybrid model achieving about 98% accuracy with low false alarm rates. Although the experimental dataset is Edge-IIoTset rather than a purely IoMT-specific dataset, the paper’s system model, motivation, and deployment architecture are explicitly framed for IoMT, medical sensors, PGHD, and healthcare IDPS. Therefore, it is included as a primary hybrid IoMT IDS/IDPS study.",3.0,yes,Accepted
R0483,ScienceDirect,2026-07-06,False,Meta-Fed IDS: Meta-learning and Federated learning based fog-cloud approach to detect known and zero-day cyber attacks in IoMT networks,Umer Zukaib and Xiaohui Cui and Chengliang Zheng and Dong Liang and Salah Ud Din,2024,Journal of Parallel and Distributed Computing,10.1016/j.jpdc.2024.104934,https://www.sciencedirect.com/science/article/pii/S0743731524000984,article,Yes,Unique,Passed,,,Uncertain,"Paper addresses IoMT intrusion detection with multi-phase architecture and clustering plus classifiers, but the abstract does not explicitly confirm the unsupervised-then-supervised hybrid cascade structure required by IC3.","IC1, IC2",,Excluded,EC3,Accepted,"Included. The paper proposes Meta-Fed IDS, a fog-cloud IoMT intrusion detection framework combining meta-learning and federated learning for known attack detection, and Anoml-Fed IDS for zero-day attack detection. It satisfies IC3 because the architecture combines supervised learners, including DT, RF, AdaBoost, Extra Trees, and XGBoost, with an unsupervised anomaly-detection component based on Agglomerative Clustering and biased classifiers for unknown attack detection. The framework is explicitly designed for IoMT networks and is evaluated on M-IoT-Env, WUSTL-EHMS-2020, and M-En datasets. Although M-IoT-Env is partly derived from generic IoT/IIoT datasets, the use of WUSTL-EHMS-2020 and the IoMT-specific fog-cloud deployment architecture support inclusion. Therefore, the paper is included as a primary hybrid IoMT IDS study.",7.0,yes,Accepted
R0491,ScienceDirect,2026-07-06,False,A hybrid lightweight feature extraction assisted ensemble approach for intrusion detection with ESMOTE-based class imbalance handling in IoT networks,T. Ammannamma and ASN Chakravarthy,2026,Computers and Electrical Engineering,10.1016/j.compeleceng.2025.110846,https://www.sciencedirect.com/science/article/pii/S004579062500789X,article,Yes,Unique,Passed,,,Accepted,"The paper proposes a hybrid IDS for IoT/IoMT networks that combines unsupervised feature extraction (SLGRAE autoencoder) with supervised ensemble classification (XGBoost, AdaBoost, Random Forest), and explicitly evaluates on the CIC-IoMT 2024 dataset.","IC1, IC2, IC3",,Excluded,EC1,Accepted,"Included with scope caveat. The paper proposes a hybrid intrusion detection framework combining ESMOTE-based imbalance handling, SLGRAE-ENet deep feature extraction, ImRMR feature selection, and a supervised ensemble of Random Forest, AdaBoost, and XGBoost. It satisfies IC3 because the architecture uses an autoencoder-based representation module, namely the Semi-skipping Layered Gated Recurrent Autoencoder combined with EfficientNet, followed by supervised ensemble classification. The paper is primarily framed for generic IoT intrusion detection rather than exclusively for IoMT, but it evaluates the framework on CIC-IoMT2024 and reports IoMT-specific results, including accuracy, confusion matrix, SHAP analysis, and comparison with CIC-IoMT2024 baselines. Therefore, it is included as a hybrid IDS study with IoMT benchmark validation, while noting that IoMT relevance is dataset-based rather than domain-specific in the system design.",7.0,yes,Accepted
R0555,SpringerLink,2026-07-06,False,Smart defense based on explainable stacked machine learning architecture for securing internet of health things with K-means clustering,Tanzila SabaAmjad RehmanMuhammad MujahidAmal Al-RasheedShaha Al-OtaibiAbdallah Yousif,2025,Scientific Reports,10.1038/s41598-025-21032-3,https://link.springer.com/article/10.1038/s41598-025-21032-3,Article,Yes,Unique,Passed,,OpenAlex,Uncertain,"The paper addresses IoHT/healthcare IoT (IC1), proposes an intrusion detection system for cyber threats (IC2), and combines unsupervised K-means clustering for pattern discovery with supervised stacked ensemble classification in a hybrid architecture (IC3).","IC1, IC2, IC3",,Excluded,IC3 ambiguous,Accepted,"Included. The paper proposes Smart Defence-IoHT, an explainable stacked machine learning IDS for healthcare IoT/IoHT networks. It satisfies IC3 because it combines an unsupervised K-means clustering component with a supervised stacked classification architecture. K-means is applied to uncover latent structural patterns in ECU-IoHT network traffic, and the resulting cluster labels are appended as enriched features. The supervised stage combines Random Forest, KNN, and Gradient Boosting base classifiers, with a Random Forest meta-model used for stacking. The study is healthcare-specific, evaluates the framework on ECU-IoHT and additionally on WUSTL-EHMS-2020, and applies SHAP and LIME for interpretability. Therefore, it is included as a primary hybrid healthcare IoT IDS study, with the caveat that the unsupervised stage is used for feature enrichment rather than standalone anomaly filtering.",5.0,yes,Accepted
R0571,SpringerLink,2026-07-06,False,Blockchain-Based intrusion detection system for IoMT utilizing an enhanced artificial bee colony (E-ABC) and deep belief network (DBN),Augusta Kani GAnurekha GBharathi NAAncy Micheal A,2026,Peer-to-Peer Networking and Applications,10.1007/s12083-025-02108-3,https://link.springer.com/article/10.1007/s12083-025-02108-3,Article,Yes,Unique,Passed,,Springer,Uncertain,The system uses E-ABC optimization with DBN (both supervised techniques) without incorporating unsupervised anomaly detection as a separate stage in the architecture.,"IC1, IC2",EC3,Excluded,EC3,Accepted,"Included. The paper proposes a blockchain-enabled IoMT intrusion-detection framework that, according to its detailed methodology and Algorithm 3, combines an unsupervised autoencoder with a supervised Naive Bayes classifier. The autoencoder learns compressed representations and produces reconstruction errors used as anomaly scores. The encoded features and corresponding labels are then used to train Naive Bayes. During inference, a sample whose reconstruction loss exceeds a predefined threshold is labelled as an anomaly; otherwise, the Naive Bayes prediction is used. This constitutes an explicit multi-stage unsupervised–supervised IDS and satisfies IC3. E-ABC performs feature selection and parameter optimization but is not itself the anomaly detector. The paper should nevertheless be flagged for severe internal inconsistency: the title and abstract describe E-ABC with a Deep Belief Network, whereas the methodology, architecture diagram, Algorithm 3, results discussion, and conclusion implement and describe an Autoencoder–Naive Bayes model. The empirical evaluation also uses the generic NSL-KDD dataset rather than an IoMT-specific dataset.",4.5,yes,Accepted
R0804,SpringerLink,2026-07-06,False,Enhancing IoMT edge security through federated small language models and knowledge-defined networks,Ahmed Raoof Tawfeeq Al-HasaniAli BroumandniaHamid Haj Seyyed Javadi,2026,The Journal of Supercomputing,10.1007/s11227-026-08661-9,https://link.springer.com/article/10.1007/s11227-026-08661-9,Article,Yes,Unique,Passed,,Springer,Uncertain,"The paper addresses IoMT intrusion/anomaly detection (IC1, IC2 met), but uses federated small language models for semantic anomaly detection without clear evidence of a hybrid architecture combining unsupervised anomaly detection with supervised classification stages.","IC1, IC2",,Excluded,EC3,Accepted,"Included. The paper proposes FSLM-KDN, a multilayer IoMT edge-security architecture combining supervised TinyBERT/DistilBERT-based threat scoring with an operational unsupervised statistical rate-anomaly score calculated over sliding traffic windows. These outputs are fused with telemetry, trust, geolocation, and threat-intelligence evidence to calculate a composite threat score and trigger adaptive actions such as rate limiting, isolation, packet dropping, or traffic redirection. The study is IoMT-specific, evaluates intrusion detection using CICIoMT2024 and a hospital deployment, is original research published in 2026, and is written in English. Therefore, it satisfies IC1–IC6, including IC3 as a hybrid unsupervised-statistical and supervised-Transformer IDS.",7.0,yes,Accepted
R0957,SpringerLink,2026-07-06,False,Blockchain and deep learning for improving impenetrable data passage in the IoT-imbued healthcare system,Isaac Osei AsanteLibing Wu,2025,Cluster Computing,10.1007/s10586-025-05398-7,https://link.springer.com/article/10.1007/s10586-025-05398-7,Article,Yes,Unique,Passed,,Springer,Uncertain,"The paper addresses IoT-imbued healthcare systems (IC1), proposes an intrusion detection system with real-time anomaly detection (IC2), and combines unsupervised Deep Variational Autoencoder for feature extraction with supervised BiLSTM for classification in a hybrid architecture (IC3).","IC1, IC2, IC3",,Excluded,EC3,Accepted,"Accept (borderline) — genuine hybrid architecture, but with domain-fit and dataset caveats This is the first paper in this batch that presents a genuine hybrid unsupervised + supervised cascade as defined by IC3, so it merits full consideration rather than automatic exclusion on architecture grounds.",5.0,yes,Accepted
R1070,SpringerLink,2026-07-06,False,Intrusion Detection Method Based on Stacked Sparse Autoencoder and Sliced GRU for Connected Healthcare Systems,Zhaoyang GuLiangliang WangJinguo LiMi WenYuping Liu,2023,Arabian Journal for Science and Engineering,10.1007/s13369-022-07079-8,https://link.springer.com/article/10.1007/s13369-022-07079-8,Article,Yes,Unique,Passed,,Springer,Uncertain,The paper proposes a hybrid IDS for connected healthcare systems combining unsupervised dimensionality reduction via stacked sparse autoencoder with supervised classification using sliced GRU networks.,"IC1, IC2, IC3",,Excluded,EC3,Accepted,"Satisfies: IC1, IC2, IC3, IC4, IC5, IC6. This is a genuine hybrid IDS under your protocol. The architecture is a true two-stage cascade: stacked sparse autoencoder (sSAE) — an unsupervised component trained via reconstruction loss (MSE + KL-divergence sparsity penalty, no labels used) — performs dimensionality reduction/feature extraction, feeding into sliced GRU (SGRU), a supervised multi-class classifier trained with cross-entropy loss against ground-truth labels (Normal/Flooding/Injection/Impersonation, softmax output).",2.5,yes,Accepted
R1520,OpenAlex,2026-07-06,False,TRIDENT-NET: A Multi-Stream Attention-based Hybrid Intrusion Detection Framework for Securing IoMT Networks,"Parkavi S, Saravanan V, Sangeetha A, Abiramikayathiri S, Ramkumar M P, Emil Selvan G S R **(less)**",2026,,10.1109/icicv68925.2026.11554662,https://openalex.org/works/w7164540235,article,Yes,Unique,Passed,,OpenAlex,Accepted,The paper proposes TRIDENT-NET for IoMT intrusion detection that combines an unsupervised Autoencoder with supervised components (1D-CNN and BiGRU) through multi-head attention fusion.,"IC1, IC2, IC3",,Excluded,EC3,Accepted,"Included. The paper proposes TRIDENT-NET, an IoMT-specific parallel hybrid intrusion-detection framework combining three feature-learning streams: a supervised 1D-CNN for spatial attack patterns, a supervised BiGRU for temporal dependencies, and an autoencoder intended to learn latent representations of normal traffic and identify structural or zero-day anomalies. The three outputs are fused through a Multi-Head Attention mechanism and passed to a dense classifier for binary or multiclass attack prediction. The architecture therefore combines an unsupervised representation/anomaly component with supervised classification components in a multi-stream ensemble design, satisfying IC3. It is evaluated as a primary study on CICIoMT2024, ECU-IoHT, and WUSTL-EHMS. However, the paper does not clearly report the autoencoder’s separate training procedure, reconstruction loss, benign-only training set, or anomaly threshold; this methodological ambiguity should be recorded during quality assessment.",5.5,yes,Accepted
R0177,IEEE Xplore,2026-07-06,False,A Multi-Stage Learning Framework for Detecting Known and Novel Attacks in the Internet of Medical Things,"Alfageer, Razan and Ghaleb, Mustafa and Aljoby, Walid and Felemban, Muhamad",2026,IEEE Access,10.1109/access.2026.3677553,https://doi.org/10.1109/access.2026.3677553,article,Yes,Unique,Passed,,,Accepted,"The paper proposes a multi-stage IDS for IoMT that combines unsupervised anomaly detection (autoencoder with reconstruction error) with supervised classification (Random Forest, XGBoost, CNN) in a cascaded architecture.","IC1, IC2, IC3",,Included,,Accepted,"The paper proposes a multi-stage hybrid IDS for IoMT combining a benign-trained Auto-Encoder (unsupervised anomaly screening) with hierarchical supervised classifiers (Random Forest, XGBoost, lightweight CNN) and validates on CICIoMT2024, satisfying all inclusion criteria.",5.0,yes,Accepted
R0204,IEEE Xplore,2026-07-06,False,Adaptive Anomaly Detection in IoT-Connected Healthcare Wearables Using a Combined Random Forest and K-Means Model,"P, Radhakrishnan and B.Saravanan and Ravi Kumar, S. and Vanitha, P and Akanksha, Akanksha and S, Vinayagam",2025,2025 IEEE 6th Global Conference for Advancement in Technology (GCAT),10.1109/gcat66372.2025.11368352,https://doi.org/10.1109/gcat66372.2025.11368352,inproceedings,Yes,Unique,Passed,,,Uncertain,"The paper proposes a hybrid KMeans++-RF system for anomaly detection in IoT healthcare wearables, combining unsupervised clustering (KMeans++) with supervised classification (Random Forest) in an ensemble approach.","IC1, IC2, IC3",,Included,,Accepted,"The paper proposes a hybrid two-stage anomaly detection system for IoT healthcare wearables combining K-Means++ clustering (unsupervised) with Random Forest classifier (supervised) in an ensemble architecture, achieving 97.56% accuracy on healthcare IoT data.",2.5,yes,Accepted
R0214,Scopus,2026-07-06,False,A Unified AI Framework for Confidentiality Preserving Cyberattack Detection in Healthcare Cyber Physical Networks,"Praveen, Surapaneni Phani and Kamalrudin, Massila and Musa, Mustafa and Harita, Udayasankar and Ayyappa, Yalanati and Nagamani, Tenali",2025,International Journal of Innovative Technology and Interdisciplinary Sciences,10.15157/ijitis.2025.8.3.818-841,https://www.scopus.com/pages/publications/105020723835?origin=resultslist,article,Yes,Unique,Passed,,,Accepted,"The paper proposes a hybrid IDS for healthcare cyber-physical systems that explicitly combines unsupervised methods (Autoencoder, Isolation Forest) with supervised classifiers (SVM, RF) in a fusion architecture for intrusion detection in healthcare networks.","IC1, IC2, IC3",,Included,,Accepted,IC3 adjudication confirmed: genuine hybrid pipeline,5.0,yes,Accepted
R0392,ScienceDirect,2026-07-06,False,A privacy-aware framework for detecting cyber attacks on internet of medical things systems using data fusion and quantum deep learning,Muna Al-Hawawreh and M. Shamim Hossain,2023,Information Fusion,10.1016/j.inffus.2023.101889,https://www.sciencedirect.com/science/article/pii/S1566253523002051,article,Yes,Unique,Passed,,,Accepted,The paper addresses IoMT cyber attack detection using a hybrid architecture combining unsupervised deep contractive autoencoder for data fusion with quantum neural network for supervised attack classification.,"IC1, IC2, IC3",,Included,,Accepted,"The paper proposes a hybrid architecture for IoMT intrusion detection combining a deep contractive autoencoder (unsupervised, for data fusion and dimensionality reduction) with a quantum deep neural network (supervised, for attack classification) in a multi-stage pipeline.",4.5,yes,Accepted
R0419,ScienceDirect,2026-07-06,False,Research on optimizing network intrusion detection using deep learning and big data in intelligent elderly care,Dai Huiying,2026,Computer Standards & Interfaces,10.1016/j.csi.2026.104136,https://www.sciencedirect.com/science/article/pii/S0920548926000103,article,Yes,Unique,Passed,,,Uncertain,"The paper addresses intelligent elderly care IoT (IC1), proposes an intrusion detection system (IC2), and mentions autoencoders alongside supervised deep learning models, but it is unclear from the abstract whether the autoencoder performs unsupervised anomaly detection in a cascade/two-stage architecture or merely serves as one base learner in a purely supervised ensemble.","IC1, IC2",,Included,,Accepted,IC3 adjudication confirmed: genuine hybrid pipeline,4.0,yes,Accepted
R0457,ScienceDirect,2026-07-06,False,A Fuzzy-Based Duo-Secure Multi-Modal Framework for IoMT Anomaly Detection,Shiraz Ali Wagan and Jahwan Koo and Isma Farah Siddiqui and Nawab Muhammad Faseeh Qureshi and Muhammad Attique and Dong Ryeol Shin,2023,Journal of King Saud University - Computer and Information Sciences,10.1016/j.jksuci.2022.11.007,https://www.sciencedirect.com/science/article/pii/S1319157822004050,article,Yes,Unique,Passed,,,Uncertain,"The paper addresses IoMT anomaly detection using Fuzzy C-Means clustering (unsupervised) and Bi-LSTM (supervised), but the abstract does not clearly confirm whether these operate in a cascade/two-stage hybrid architecture or as separate parallel models.","IC1, IC2",,Included,,Accepted,The paper proposes a hybrid IoMT anomaly detection framework combining unsupervised Fuzzy C-Means clustering with supervised Bi-LSTM in a multi-modal architecture for intrusion detection in healthcare networks.,3.0,yes,Accepted
R0495,ScienceDirect,2026-07-06,False,GEMLIDS-MIOT: A Green Effective Machine Learning Intrusion Detection System based on Federated Learning for Medical IoT network security hardening,Iacovos Ioannou and Prabagarane Nagaradjane and Pelin Angin and Palaniappan Balasubramanian and Karthick Jeyagopal Kavitha and Palani Murugan and Vasos Vassiliou,2024,Computer Communications,10.1016/j.comcom.2024.02.023,https://www.sciencedirect.com/science/article/pii/S0140366424000793,article,Yes,Unique,Passed,,,Uncertain,The paper proposes a hybrid IDS for Medical IoT combining supervised classification (Enhanced Random Forest) with unsupervised anomaly detection (One-Class SVM) in a multi-stage architecture.,"IC1, IC2, IC3",,Included,,Accepted,"The paper proposes a hybrid two-stage IDS for Medical IoT: Stage 1 uses Enhanced Random Forest (supervised) for attack classification, Stage 2 uses One-Class SVM (unsupervised) for anomaly detection of unknown attacks, combined with Federated Learning for model updates.",5.5,yes,Accepted
R0531,SpringerLink,2026-07-06,False,Spatial–temporal graph neural network with autoencoder pretraining for intrusion detection in healthcare IoT ecosystems,Md Iftekhar Monzur TanvirNusrat Yasmin NadiaHabibor Rahman RabbyMd Habibul ArifKamruddin NurDebasish Ghose,2026,Scientific Reports,10.1038/s41598-026-45041-y,https://link.springer.com/article/10.1038/s41598-026-45041-y,Article,Yes,Unique,Passed,,OpenAlex,Uncertain,"The paper addresses healthcare IoT intrusion detection using autoencoder-based unsupervised pretraining followed by a spatial-temporal GNN for supervised classification, meeting all inclusion criteria.","IC1, IC2, IC3",,Included,,Accepted,"The paper proposes a two-stage hybrid architecture combining autoencoder-based unsupervised pretraining for feature representation learning followed by a supervised spatial-temporal GNN for classification, applied to healthcare IoT intrusion detection.",6.0,yes,Accepted
R0639,SpringerLink,2026-07-06,False,A hybrid blockchain based deep learning model for multivector attack detection in internet of things enabled healthcare systems,Sudhakar SenganChin-Shiuh ShiehMong-Fong Horng,2026,Scientific Reports,10.1038/s41598-026-40765-3,https://link.springer.com/article/10.1038/s41598-026-40765-3,Article,Yes,Unique,Passed,,OpenAlex,Uncertain,"The paper addresses IoT-enabled healthcare systems (IC1), proposes an intrusion detection system for multiple attack types (IC2), and explicitly combines unsupervised Deep Sparse Autoencoder for feature extraction with supervised BiLSTM for temporal classification in a hybrid architecture (IC3).","IC1, IC2, IC3",,Included,,Accepted,"The paper proposes a hybrid IDS for IoT-enabled healthcare systems combining an unsupervised Deep Sparse Autoencoder (DSAE) for feature extraction with supervised BiLSTM and other classifiers in a multi-stage architecture, satisfying all inclusion criteria.",5.0,yes,Accepted
R0696,SpringerLink,2026-07-06,False,"Hybrid deep learning-enabled framework for enhancing security, data integrity, and operational performance in Healthcare Internet of Things (H-IoT) environments",Nithesh NaikNeha SurendranathSai Annamaiah Basava RajuChennaiah MadduriNagaraju DasariVinod Kumar ShuklaVathsala Patil,2025,Scientific Reports,10.1038/s41598-025-15292-2,https://link.springer.com/article/10.1038/s41598-025-15292-2,Article,Yes,Unique,Passed,,OpenAlex,Uncertain,"The paper addresses Healthcare IoT (H-IoT) environments, proposes an anomaly detection system, and explicitly combines unsupervised VAE for anomaly likelihood with supervised CNN-LSTM for classification in a hybrid architecture.","IC1, IC2, IC3",,Included,,Accepted,The paper proposes a hybrid deep learning framework for H-IoT security combining VAE (unsupervised/reconstruction-based anomaly detection) with CNN and LSTM (supervised classification) in an integrated architecture for anomaly detection and access control.,6.5,yes,Accepted
R0736,SpringerLink,2026-07-06,False,Dynamic Weighted K-Asynchronous Federated Learning for Privacy-Preserving Intrusion Detection in Wireless Body Area Networks,Soufiane Ben OthmanDarren M. Kennedy,2026,Cognitive Computation,10.1007/s12559-026-10610-w,https://link.springer.com/article/10.1007/s12559-026-10610-w,Article,Yes,Unique,Passed,,OpenAlex,Accepted,The paper proposes a hybrid IDS for WBANs (IoMT domain) that combines unsupervised VAE-based anomaly detection with supervised CNN-LSTM classification in a multi-stage architecture.,"IC1, IC2, IC3",,Included,,Accepted,"The paper proposes a hybrid IDS architecture for WBANs (IoMT) combining a VAE-based Bio-Anomaly Fusion Layer (unsupervised reconstruction-error component) with a CNN-LSTM classifier (supervised component) in a multi-stage design, satisfying IC1-IC6.",7.0,yes,Accepted
R0753,SpringerLink,2026-07-06,False,A power-efficient layered MIoT framework for real-time ECG anomaly detection and sensor fault classification based on hierarchical THECF and hybrid intelligent models,Hossein KhezripourSaadat Pour MozaffariHouman Zarrabi,2026,Scientific Reports,10.1038/s41598-026-49593-x,https://link.springer.com/article/10.1038/s41598-026-49593-x,Article,Yes,Unique,Passed,,OpenAlex,Uncertain,The paper proposes a two-stage hybrid IDS for MIoT environments combining unsupervised anomaly detection (HGAN-based abnormal ECG detection in stage 1) with supervised classification (CNN for arrhythmia classification in stage 2).,"IC1, IC2, IC3",,Included,,Accepted,"The paper proposes a two-stage hybrid architecture for ECG anomaly detection in MIoT environments: Stage 1 uses a hybrid GAN with SVM/DT for unsupervised anomaly detection at the edge, and Stage 2 uses CNN for supervised arrhythmia classification, satisfying the hybrid unsupervised+supervised cascade requirement.",5.0,yes,Accepted
R0779,SpringerLink,2026-07-06,False,Securing healthcare data in mobile edge computing: a hybrid deep learning framework for privacy and anomaly detection,Anandh Sam Chandra BoseM. EliazerB. Uma MaheswariA. SivaneshkumarM. SumithraShamimul Qamar,2025,Knowledge and Information Systems,10.1007/s10115-025-02586-0,https://link.springer.com/article/10.1007/s10115-025-02586-0,Article,Yes,Unique,Passed,,Springer,Uncertain,"The paper addresses healthcare data in mobile edge computing with anomaly detection using a hybrid approach combining stochastic vector autoencoder (unsupervised) with multiple classifiers (supervised), but it is unclear if this specifically targets IoMT intrusion detection or broader healthcare data anomaly detection.","IC1, IC2",,Included,,Accepted,"The paper proposes a hybrid architecture for anomaly detection in healthcare/IoMT data combining unsupervised components (stochastic vector autoencoder, GAN) with supervised components (XGBoost, Naïve Bayes, SVM) in a multi-stage ensemble with majority voting, satisfying all inclusion criteria.",4.5,yes,Accepted
R0791,SpringerLink,2026-07-06,False,A lightweight trusted framework for secure data exchange and threat mitigation in IoT-enabled healthcare environments,Pramit Kumar SamantVinay PathakWakar AhmadAbdulatif Alabdultif,2025,Scientific Reports,10.1038/s41598-025-22797-3,https://link.springer.com/article/10.1038/s41598-025-22797-3,Article,Yes,Unique,Passed,,OpenAlex,Uncertain,"The paper addresses IoT-enabled healthcare environments (IC1), proposes a hybrid anomaly detection system called RHADS (IC2), and explicitly combines unsupervised learning (VAE) with supervised classification (LSTM, SVM) for intrusion detection (IC3).","IC1, IC2, IC3",,Included,,Accepted,IC3 adjudication confirmed: genuine hybrid pipeline,5.0,yes,Accepted
R1508,arXiv,2026-07-06,True,A Hierarchical IDS for Zero-Day Attack Detection in Internet of Medical Things Networks,"Md Ashraf Uddin, Nam H. Chu, Reza Rafeh",2025,arXiv (preprint),,https://arxiv.org/abs/2508.10346,preprint,Yes,Unique,Passed,,,Uncertain,The paper proposes a multi-level IDS for IoMT that combines unsupervised anomaly detection (One Class Classification with usfAD) in the first layer with subsequent supervised classification layers for attack type identification.,"IC1, IC2, IC3",,Included,,Accepted,"The paper proposes a hierarchical IDS for IoMT with usfAD-based One Class Classification (unsupervised) at the Near Edge layer followed by supervised classifiers at Far Edge and Cloud layers for attack classification, constituting a multi-stage hybrid architecture.",5.0,yes,Accepted
R1516,OpenAlex,2026-07-06,False,Intelligent Fusion: A Resilient Anomaly Detection Framework for IoMT Health Devices,"Flavio Pastore, Raja Waseem Anwar, Nafaa Hadi Jabeur, Saqib Ali",2026,Information,,https://openalex.org/works/w7125689806,article,Yes,Unique,Passed,,,Uncertain,"The paper proposes a hybrid framework for IoMT devices that combines supervised XGBoost classifier for attack detection with unsupervised LSTM autoencoder for anomaly detection, meeting all inclusion criteria.","IC1, IC2, IC3",,Included,,Accepted,"The paper proposes a hybrid fusion framework for IoMT anomaly detection combining an unsupervised LSTM autoencoder for physiological/technical deviations with a supervised XGBoost classifier for security threats, evaluated on CICIoMT2024 and MIMIC-IV datasets.",7.0,yes,Accepted
R1528,OpenAlex,2026-07-06,False,Resilient Cloud Architectures with AI Agents for Enhancing Cybersecurity in Health Information Systems,"Anjan Gundaboina, Abhilash K S",2025,,10.1109/iceca66444.2025.11383493,https://www.scopus.com/pages/publications/105034878059?origin=resultslist,article,Yes,Unique,Passed,,,Accepted,The paper proposes a hybrid IDS for IoMT/healthcare systems combining unsupervised Isolation Forest for anomaly detection with supervised XGBoost classifier in a two-layered architecture.,"IC1, IC2, IC3",,Included,,Accepted,"The paper proposes a two-stage hybrid IDS for healthcare/IoMT environments using Isolation Forest (unsupervised) as first-layer anomaly detector and XGBoost (supervised) as second-layer classifier, evaluated on CIC-IoMT 2024 dataset.",4.0,yes,Accepted
R0089,ACM Digital Library,2026-07-06,False,A Two-Stage Federated Learning Framework for Human Activity and Anomaly Detection in IoMT,"Salimzhanov, Abylay and Tynyssova, Ayaulym and Tursynbekov, Temirlan and Tulebayeva, Saida and Yelmagambetova, Ayazhan and Ever, Enver and Yazici, Adnan",2025,Proceedings of the 15th International Conference on the Internet of Things,10.1145/3770501.3770510,https://doi.org/10.1145/3770501.3770510,inproceedings,Yes,Unique,Passed,,,Uncertain,"The paper addresses IoMT anomaly detection with a two-stage system combining anomaly detection (SensorECGCNN-Light) and activity recognition (LRCN), but the abstract does not clearly specify whether the anomaly detection stage uses unsupervised learning methods like autoencoders or reconstruction-error approaches.","IC1, IC2",,Excluded,EC3,Excluded,"EC5 e EC2 - The paper's ""anomaly detection"" refers to physiological anomalies (ECG abnormal beats via SensorECGCNN-Light) and human activity context (HAR via CNN+GRU), verified by a meta-classifier for clinical true/false positives — not network intrusion detection. Datasets used (MIT-BIH Arrhythmia, PTB Diagnostic ECG, NTU RGB+D) are physiological/vision-based, not network traffic. FL is used for patient-data privacy (HIPAA/GDPR compliance), not as an IDS component. There is no mention of network packets, protocols, attacks, or intrusions anywhere in the paper.",,,Excluded
R0091,ACM Digital Library,2026-07-06,False,A Softwarized Intrusion Detection System for IoT-Enabled Smart Healthcare System,"Javeed, Danish and Gao, Tianhan and Saeed, Muhammad Shahid and Kumar, Prabhat and Kumar, Randhir and Jolfaei, Alireza",2023,ACM Trans. Internet Technol.,10.1145/3634748,https://doi.org/10.1145/3634748,article,Yes,Unique,Passed,,,Uncertain,The paper proposes a hybrid cuLSTM-DNN architecture but appears to be a purely supervised deep learning model without an unsupervised anomaly detection component in a cascade or two-stage design.,"IC1, IC2",EC3,Excluded,EC3,Excluded,"EC3 - The proposed cuLSTM-DNN is a purely supervised multi-class classifier: LSTM layers extract temporal features, which feed into DNN layers with a softmax output over 8 labeled classes (Benign + 7 DDoS attack types), trained end-to-end with categorical cross-entropy. Despite being called ""hybrid,"" both LSTM and DNN stages are supervised classification components — there is no unsupervised anomaly-detection stage (no autoencoder, clustering, OC-SVM, or anomaly-scoring mechanism) preceding or complementing the classifier. MinMaxScaler is only pre-processing normalization, not an unsupervised detection component. This fails QA2 entirely (no unsupervised+supervised cascade) and matches EC3 directly: ""single-stage or purely supervised (no unsupervised anomaly detection component)."" Additional notes (not exclusion-determining, but relevant):Domain fit is borderline: motivation is IoT-SHS, but evaluation uses the generic CICDDoS2019 dataset (network DDoS traffic), not IoMT/healthcare-specific traffic — would only score ""Partially"" on QA3 if the paper were otherwise eligible. No zero-day/unknown-attack evaluation, no explainability (XAI), no per-device profiling — further QA gaps, moot given EC3 exclusion.",,,Excluded
R0123,ACM Digital Library,2026-07-06,False,Self-Healing Digital Twins: Hybrid Generative and Privacy-Preserving AI for Adaptive Wellness Platforms,"Mani, Nariman and Attaranasl, Salma",2025,"Proceedings of the ACM/IEEE International Conference on Connected Health: Applications, Systems and Engineering Technologies",10.1145/3721201.3725427,https://doi.org/10.1145/3721201.3725427,inproceedings,Yes,Unique,Passed,,,Uncertain,"The paper addresses IoMT and mentions anomaly detection in healthcare context, but the abstract does not clearly specify whether the hybrid AI architecture combines unsupervised anomaly detection with supervised classification in the required cascade or multi-stage design for intrusion detection.","IC1, IC2",,Excluded,EC2,Excluded,"The paper proposes a wellness platform using Digital Twins, Reinforcement Learning, and Privacy-Preserving AI for lifestyle/diet management, but does not propose an intrusion detection or anomaly detection system for cybersecurity threats - the anomaly detection mentioned is for health trend deviations, not network intrusions.",,,Excluded
R0125,ACM Digital Library,2026-07-06,False,AI-Driven Zero-Trust Models for Blockchain-Supported Healthcare Ecosystems,"Vusumuzi, Malele and Godwin, Mandinyenya",2025,Proceedings of the 2025 International Conference on Artificial Intelligence and Its Applications,10.1145/3774791.3774801,https://doi.org/10.1145/3774791.3774801,inproceedings,Yes,Unique,Passed,,,Uncertain,"The paper addresses healthcare IoT (mHealth, wearables) and mentions machine learning for anomaly detection and intrusion detection, but the abstract does not clearly specify whether unsupervised anomaly detection is combined with supervised classification in a hybrid architecture.","IC1, IC2",,Excluded,EC3,Excluded,"The paper proposes a Zero Trust framework with AI-driven anomaly detection and blockchain, but does not describe a hybrid two-stage/multi-stage IDS architecture combining unsupervised and supervised components in cascade - it uses federated machine learning for anomaly detection without the required unsupervised+supervised cascade structure.",,,Excluded
R0140,ACM Digital Library,2026-07-06,False,Intelligent Control and Security of Fog Resources in Healthcare Systems via a Cognitive Fog Model,"Al-Khafajiy, Mohammed and Otoum, Safa and Baker, Thar and Asim, Muhammad and Maamar, Zakaria and Aloqaily, Moayad and Taylor, Mark and Randles, Martin",2021,ACM Trans. Internet Technol.,10.1145/3382770,https://doi.org/10.1145/3382770,article,Yes,Unique,Passed,,,Uncertain,"The paper addresses IoMT/healthcare IoT and intrusion detection with an ensemble security model, but the abstract does not clearly specify whether the ensemble combines unsupervised anomaly detection with supervised classification or just multiple supervised classifiers.","IC1, IC2",,Excluded,EC3,Excluded,"EC2 - The ensemble classifier uses K-NN, DBSCAN, and Decision Tree but lacks a true hybrid architecture with an unsupervised anomaly detection stage followed by a supervised classification stage - DBSCAN is used as one of three equal classifiers in an ensemble, not as an unsupervised pre-filtering component.",,,Excluded
R0178,IEEE Xplore,2026-07-06,False,An Intelligent and Explainable SaaS-Based Intrusion Detection System for Resource-Constrained IoMT,"Aljuhani, Ahamed and Alamri, Abdulelah and Kumar, Prabhat and Jolfaei, Alireza",2024,IEEE Internet of Things Journal,10.1109/jiot.2023.3327024,https://doi.org/10.1109/jiot.2023.3327024,article,Yes,Unique,Passed,,,Uncertain,The system uses an ensemble of machine learning and deep learning models but does not describe a hybrid architecture combining unsupervised anomaly detection with supervised classification in a cascade or multi-stage design.,"IC1, IC2",EC3,Excluded,EC3,Excluded,"Excluded from the strict primary corpus. The study proposes an explainable SaaS-based IDS for resource-constrained IoMT using PSO-based feature selection, supervised classifiers, and SHAP interpretation on WUSTL-EHMS-2020. Although it is highly relevant to IoMT IDS, edge deployment, and explainability, it does not clearly combine an unsupervised anomaly detection stage with supervised attack classification. It should be used as related work or as an auxiliary comparator for explainable/resource-aware IoMT IDS.",,,Excluded
R0184,IEEE Xplore,2026-07-06,False,Towards Secure Healthcare: Intrusion Detection with GraphSAGE-Based Meta-Learning and Hybrid Deep Models,"Degu, Abel and Igwe, Nnaemeka and Harrath, Youssef and Drumheller, Cole",2025,2025 Cyber Awareness and Research Symposium (CARS),10.1109/cars67163.2025.11337635,https://doi.org/10.1109/cars67163.2025.11337635,inproceedings,Yes,Unique,Passed,,,Uncertain,The paper describes two separate approaches but neither combines unsupervised anomaly detection with supervised classification in a hybrid cascade or two-stage architecture as required by IC3.,"IC1, IC2",EC3,Excluded,EC3,Excluded,"Excluded from the strict primary corpus. The paper evaluates two IoMT IDS approaches, EGraphSAGE with an MLP edge predictor and a CNN-LSTM hybrid deep model, on IoMT attacks and ACI-IoT-2023 datasets. Although it is relevant to healthcare IDS and compares graph-based and sequence-based architectures, it does not clearly implement a hybrid pipeline combining unsupervised anomaly detection with supervised attack classification. It should be used as related work or as an auxiliary comparator for graph-based and CNN-LSTM IoMT IDS.",,,Excluded
R0189,IEEE Xplore,2026-07-06,False,FBZX: A Novel Explainable AI based Security Model for IoT Healthcare Systems,"Sowjanya, Yemineni and Gopalakrishnan, S. and Kumar, R. Dinesh",2025,2025 Third International Conference on Augmented Intelligence and Sustainable Systems (ICAISS),10.1109/icaiss61471.2025.11042096,https://doi.org/10.1109/icaiss61471.2025.11042096,inproceedings,Yes,Unique,Passed,,,Uncertain,"The paper addresses IoMT healthcare security with anomaly detection using Federated Learning, but the abstract does not clearly confirm whether a supervised classification stage is combined with the unsupervised anomaly detection in a hybrid cascade or ensemble architecture.","IC1, IC2",,Excluded,EC3,Excluded,"Excluded from the strict primary corpus. The paper proposes FBZX, a hybrid explainable security model for IoT healthcare systems integrating Zero Trust Architecture, blockchain-based identity management, federated-learning-based anomaly detection with a Random Forest classifier, and XAI explanations. Although relevant to healthcare IoT security, privacy preservation, and explainability, it does not clearly implement a hybrid IDS pipeline combining unsupervised anomaly detection with supervised attack classification. It should be used as related work for privacy-preserving and explainable healthcare IoT security architectures.",,,Excluded
R0190,IEEE Xplore,2026-07-06,False,RemoteCare: Secure and Explainable Dual-Task Health and Cyberattack Detection Framework for IoMT,"Nnadiekwe, Chigozie Athanasius and Okechukwu Ajakwe, Simeon and Lee, Jae Min and Kim, Dong-Seong",2025,2025 16th International Conference on Information and Communication Technology Convergence (ICTC),10.1109/ictc66702.2025.11388979,https://doi.org/10.1109/ictc66702.2025.11388979,inproceedings,Yes,Unique,Passed,,,Uncertain,The paper uses a purely supervised deep learning architecture (CNN-GRU-LSTM) for both health and attack detection without incorporating unsupervised anomaly detection components.,"IC1, IC2",EC3,Excluded,EC3,Excluded,"Excluded from the strict primary corpus. The paper proposes a dual-task IoMT framework using CNN-GRU-LSTM for physiological state classification and binary cyberattack detection, with SHAP explainability and blockchain audit logging. Although highly relevant to IoMT security, XAI, and blockchain-based monitoring, it does not include a distinct unsupervised anomaly-detection stage. The architecture is a supervised hybrid deep-learning framework rather than a two-stage anomaly-detection/classification IDS.",,,Excluded
R0191,IEEE Xplore,2026-07-06,False,An Efficient Intrusion Detection Framework for IoMT Using Hybrid LSTM-XGBoost Model,"Baniya, Babu Kaji",2025,2025 IEEE Annual Congress on Artificial Intelligence of Things (AIoT),10.1109/aiot66900.2025.00150,https://doi.org/10.1109/aiot66900.2025.00150,inproceedings,Yes,Unique,Passed,,,Uncertain,"The paper uses a supervised LSTM+XGBoost cascade without any unsupervised anomaly detection component (e.g., autoencoder, one-class learning, reconstruction error).","IC1, IC2",EC3,Excluded,EC3,Excluded,"The paper uses a hybrid LSTM-XGBoost architecture where LSTM extracts temporal features and XGBoost performs classification, but both components are supervised classifiers trained on labeled data; there is no unsupervised component (autoencoder, one-class classifier, isolation forest, or reconstruction-error based method) in the architecture.",,,Excluded
R0194,IEEE Xplore,2026-07-06,False,RemoteCare: AI-Driven Multimodal Predictive Framework With Blockchain for Personalized Remote Patient Monitoring in IoMT,"Nnadiekwe, Chigozie Athanasius and Ajakwe, Simeon Okechukwu and Lee, Jae-Min and Kim, Dong-Seong",2026,IEEE Internet of Things Journal,10.1109/jiot.2025.3633505,https://doi.org/10.1109/jiot.2025.3633505,article,Yes,Unique,Passed,,,Uncertain,The system performs simultaneous health classification and cyberattack detection using a single hybrid CNN-GRU-LSTM supervised architecture without an explicit unsupervised anomaly detection stage in cascade or two-stage design.,"IC1, IC2",EC3,Excluded,EC3,Excluded,"Excluded from the strict primary corpus under EC3. The paper proposes RemoteCare, an AI-driven multimodal IoMT framework that combines CNN, GRU, and LSTM for dual-task health state classification and cyberattack detection, with SHAP explainability and PureChain/IPFS blockchain logging. Although the study is highly relevant to IoMT security, remote patient monitoring, multimodal data fusion, XAI, and blockchain-based auditability, the architecture does not include a distinct unsupervised anomaly-detection component. The hybrid aspect refers to supervised deep-learning architecture and multimodal dual-task prediction rather than a hybrid IDS combining unsupervised anomaly detection with supervised classification. Therefore, it does not satisfy IC3",,,Excluded
R0198,IEEE Xplore,2026-07-06,False,AnoML-IoT: Adaptive Ensemble Learning Framework for Intelligent Anomaly Detection in IoT Sensor Networks,"Surendiran, J",2026,2026 6th International Conference on Expert Clouds and Applications (ICOECA),10.1109/icoeca68095.2026.11485493,https://doi.org/10.1109/icoeca68095.2026.11485493,inproceedings,Yes,Unique,Passed,,,Uncertain,"The paper describes a generic IoT anomaly detection framework without specific focus on IoMT/healthcare networks, and uses an ensemble of supervised classifiers (RF, GB, DT) with Isolation Forest rather than a hybrid unsupervised-then-supervised cascade architecture.",,EC1,Excluded,EC3,Excluded,"Excluded under EC1. The paper proposes AnoML-IoT, an adaptive ensemble anomaly detection framework for generic IoT sensor networks using Random Forest, Gradient Boosting, Decision Tree, and Isolation Forest with adaptive weighted voting. Although the architecture technically combines supervised and unsupervised components, the study is not focused on IoMT, medical IoT, patient monitoring, wearables, or smart healthcare network security. The evaluation uses generic IoT sensor features such as temperature, humidity, light, and time rather than IoMT network traffic or healthcare-specific cyberattack data. Therefore, it does not satisfy IC1.",,,Excluded
R0209,Scopus,2026-07-06,False,Enhancing Security in Internet of Medical Things (IoMT) using Reinforcement Learning and Federated Learning Approaches,"Agarwal, Ankit and Krishnan, Sivaneasan Bala and Mamodiya, Udit and Chakrabarti, Prasun",2025,"Proceedings of the 6th International Conference on Electronics and Sustainable Communication Systems, ICESC 2025",10.1109/icesc65114.2025.11212310,https://www.scopus.com/pages/publications/105022642029?origin=resultslist,conference,Yes,Unique,Passed,,,Uncertain,"The paper proposes a hybrid architecture combining federated learning for decentralized anomaly detection with reinforcement learning for adaptive policy compliance, but does not combine unsupervised anomaly detection with supervised classification in the required cascade or ensemble design.","IC1, IC2",EC3,Excluded,EC3,Excluded,"Excluded under EC3. The paper proposes a hybrid IoMT security architecture combining Federated Learning for decentralized anomaly detection and Reinforcement Learning for adaptive policy control. Although it is directly relevant to IoMT security and evaluates intrusion/anomaly detection in a simulated IoMT environment with 120 heterogeneous devices, the architecture does not include a distinct unsupervised anomaly-detection component. The FL anomaly detector is trained with labeled binary anomaly data, and the RL module performs adaptive access-control and response-policy optimization rather than unsupervised anomaly detection. Therefore, the study does not satisfy IC3.",,,Excluded
R0213,Scopus,2026-07-06,False,Explainable Quantum Convolutional Neural Network for Attack Detection in Healthcare IoMT Systems Using SHAP and Grid5000 Computing,"Amara, Marwen and Mnasri, Sami and Amara, Marwa and Val, Thierry",2026,International Conference on Agents and Artificial Intelligence,10.5220/0014414900004052,https://www.scopus.com/pages/publications/105041719054?origin=resultslist,conference,Yes,Unique,Passed,,,Uncertain,The paper proposes a purely supervised quantum CNN approach without an unsupervised anomaly detection component in a cascade or hybrid architecture.,"IC1, IC2",EC3,Excluded,EC3,Excluded,"Excluded under EC3. The paper proposes an explainable QCNN–SHAP framework for healthcare IoMT attack detection using the CICIoMT2024 dataset and Grid5000 computing. Although it is highly relevant to IoMT security, XAI, and emerging quantum-classical IDS architectures, the hybrid aspect refers to quantum-classical learning combined with SHAP explainability. The architecture does not include a distinct unsupervised anomaly-detection component, such as an autoencoder, one-class classifier, Isolation Forest, clustering model, reconstruction-error mechanism, or unsupervised anomaly-scoring stage. Therefore, it does not satisfy IC3 and should be treated as related work rather than part of the strict primary corpus.",,,Excluded
R0250,ScienceDirect,2026-07-06,False,A digital twin-enhanced cybersecurity framework for IoT in healthcare: Applications in industry 4.0,Abubakar Wakili and Sara Bakkali and Isa Ali Ibrahim,2025,Telematics and Informatics Reports,10.1016/j.teler.2025.100254,https://www.sciencedirect.com/science/article/pii/S2772503025000684,article,Yes,Unique,Passed,,,Uncertain,"The paper addresses IoMT cybersecurity with anomaly detection through machine learning models, but the abstract does not clearly specify whether the framework combines unsupervised anomaly detection with supervised classification in a hybrid architecture.","IC1, IC2",,Excluded,EC3,Excluded,"Excluded under EC3. The paper proposes a Digital Twin-Enhanced Cybersecurity Framework for healthcare IoT using real-time digital twins, predictive analytics, LSTM, SVM, Random Forest, Hyperledger Fabric, smart contracts, and automated response mechanisms. Although it is relevant to healthcare IoT cybersecurity and includes anomaly detection, the contribution is a conceptual system-level cybersecurity framework rather than a clearly specified hybrid IDS architecture combining a distinct unsupervised anomaly-detection component with a supervised attack-classification stage. The evaluation is based on a conceptual case study rather than a conventional primary IDS experiment. Therefore, it should be used as related work on digital twins, blockchain, predictive analytics, and automated response in healthcare IoT security, but excluded from the strict primary corpus.",,,Excluded
R0316,ScienceDirect,2026-07-06,False,A Blockchain-Based Security Framework for a Highly Secure and Intelligent Healthcare Ecosystem,Priyanka Verma and Nitesh Bharot and Rutvij H. Jhaveri and John G. Breslin,2025,Procedia Computer Science,10.1016/j.procs.2025.09.492,https://www.sciencedirect.com/science/article/pii/S1877050925031655,article,Yes,Unique,Passed,,,Uncertain,"The paper addresses IoMT security and includes ML-based attack detection achieving 99.43% accuracy, but the abstract does not specify whether the ML model combines unsupervised anomaly detection with supervised classification in a hybrid architecture.","IC1, IC2",,Excluded,EC3,Excluded,"Excluded under EC3. The paper proposes a blockchain-based IoMT security framework integrating XChaCha20 encryption, IPFS decentralized storage, RBAC, smart contracts, Proof of Authority consensus, and a Random Forest model for cyberattack detection on the WUSTL-EHMS-2020 dataset. Although the study is relevant to IoMT security and reports strong attack detection performance, the proposed IDS component is supervised and does not include a distinct unsupervised anomaly-detection stage such as an autoencoder, one-class classifier, Isolation Forest, clustering model, reconstruction-error mechanism, or unsupervised anomaly score. Therefore, it does not satisfy IC3.",,,Excluded
R0324,ScienceDirect,2026-07-06,False,Explainable resource-Aware IoT security model via knowledge distillation and adaptive loss function optimization,Ogobuchi Daniel Okey and Sajjad Dadkhah and Demóstenes Zegarra Rodríguez and João Henrique Kleinschmidt,2026,Expert Systems with Applications,10.1016/j.eswa.2025.130460,https://www.sciencedirect.com/science/article/pii/S0957417425040758,article,Yes,Unique,Passed,,,Uncertain,"The paper addresses IoT security with intrusion detection on CICIoMT2024 dataset (IC1, IC2 met), but uses purely supervised 1DCNN teacher-student knowledge distillation without clear evidence of unsupervised anomaly detection combined with supervised classification (IC3 unclear).","IC1, IC2",,Excluded,EC3,Excluded,"Excluded under EC3. The paper proposes RAID-KL, an explainable and resource-aware IoT intrusion detection framework based on knowledge distillation, adaptive KL–JS divergence loss, 1D-CNN teacher–student models, SMOTE, Firefly feature selection, and SHAP explanations. Although the study evaluates CICIoMT2024 and is relevant to IoMT/IoT IDS, the architecture does not include a distinct unsupervised anomaly-detection component. The hybrid aspect refers to knowledge distillation, teacher–student compression, and loss-function optimization rather than a hybrid IDS combining unsupervised anomaly detection with supervised classification. Therefore, it does not satisfy IC3.",,,Excluded
R0344,ScienceDirect,2026-07-06,False,"Securing internet of medical things systems: Limitations, issues and recommendations",Jean-Paul A. Yaacoub and Mohamad Noura and Hassan N. Noura and Ola Salman and Elias Yaacoub and Raphaël Couturier and Ali Chehab,2020,Future Generation Computer Systems,10.1016/j.future.2019.12.028,https://www.sciencedirect.com/science/article/pii/S0167739X19305680,article,Yes,Unique,Passed,,,Uncertain,"The paper is a review/survey of IoMT security measures and proposes a layered security solution, but does not propose or evaluate a specific hybrid intrusion detection system combining unsupervised anomaly detection with supervised classification.",IC1,EC2,Excluded,EC3,Excluded,"EC7. This is a survey/review paper that discusses IoMT security issues and proposes a conceptual five-layer security framework, but does not implement or evaluate a hybrid IDS with unsupervised+supervised architecture.",,,Excluded
R0372,ScienceDirect,2026-07-06,False,FEDGAN-IDS: Privacy-preserving IDS using GAN and Federated Learning,Aliya Tabassum and Aiman Erbad and Wadha Lebda and Amr Mohamed and Mohsen Guizani,2022,Computer Communications,10.1016/j.comcom.2022.06.015,https://www.sciencedirect.com/science/article/pii/S0140366422002171,article,Yes,Unique,Passed,,,Uncertain,"The paper addresses IoT including smart e-healthcare systems (IC1) and proposes an IDS (IC2), but the abstract describes GAN as a classifier trained on augmented data without clearly indicating a hybrid architecture combining unsupervised anomaly detection with supervised classification (IC3 cannot be confirmed).","IC1, IC2",,Excluded,EC3,Excluded,"Excluded under EC1. The paper proposes FEDGAN-IDS, a privacy-preserving intrusion detection framework combining GAN-based local data augmentation with federated learning and CNN-based discriminators for binary and multiclass IDS. Although the architecture technically combines generative and supervised components and is relevant to distributed IoT IDS, the study is framed broadly for smart IoT systems and is evaluated only on generic IDS datasets, namely NSL-KDD, KDD99, and UNSW-NB15. It does not specifically address IoMT traffic, medical devices, wearables, patient monitoring systems, or smart healthcare network datasets. Therefore, it does not satisfy IC1.",,,Excluded
R0377,ScienceDirect,2026-07-06,False,A lightweight multi-vector DDoS detection framework for IoT-enabled mobile health informatics systems using deep learning,Aswani Devi Aguru and Suresh Babu Erukala,2024,Information Sciences,10.1016/j.ins.2024.120209,https://www.sciencedirect.com/science/article/pii/S0020025524001221,article,Yes,Unique,Passed,,,Uncertain,The paper proposes a purely supervised deep learning approach (modified GRU) for multi-vector DDoS detection without incorporating unsupervised anomaly detection in a hybrid architecture.,"IC1, IC2",EC3,Excluded,EC3,Excluded,"Excluded under EC3. The paper proposes a lightweight IDS for IoT-enabled mobile healthcare informatics systems using stacked modified GRU models. It is relevant to IoMT/mobile healthcare security and evaluates binary and multi-label DDoS detection through two supervised IDS instances, BCE and MCE, using CICIoT2023 and CICDDoS2019. However, despite being described as anomaly-based, the architecture does not include an unsupervised anomaly detection component such as an autoencoder, one-class classifier, clustering model, isolation forest, or reconstruction-error thresholding. The system is therefore a supervised deep-learning IDS rather than a hybrid unsupervised + supervised IDS. Therefore, it does not satisfy IC3.",,,Excluded
R0386,ScienceDirect,2026-07-06,False,Enhancing physical security in IIoMT environments,Umar Islam and Mohammed Naif Alatawi and Sulaiman Alamro and Hathal Salamah Alwageed and Hanif Ullah and Naveed Khan,2025,Internet of Things,10.1016/j.iot.2025.101653,https://www.sciencedirect.com/science/article/pii/S2542660525001672,article,Yes,Unique,Passed,,,Uncertain,"The paper focuses on physical security (tampering, unauthorized physical access) rather than network-based intrusion detection or anomaly detection in data traffic.",IC1,EC2,Excluded,EC3,Excluded,"Excluded under EC3. The paper proposes SecureGuard-IIoMT, an adaptive physical security framework for Industrial Internet of Medical Things environments. It combines Adaptive Sensor-Based Intrusion Detection using vibration, proximity, and pressure sensors, a Dynamic Tamper-Evident Enclosure with self-healing materials, and Blockchain-Powered Access Control for immutable physical access logging. Although the study is relevant to IIoMT security and includes anomaly detection for physical intrusion/tampering, it does not implement a hybrid IDS architecture combining an unsupervised anomaly detection component with a supervised attack classification stage. The learning component is applied to physical sensor-event data rather than IoMT network traffic, and LOF is used only for outlier removal during preprocessing. Therefore, the paper does not satisfy IC3.",,,Excluded
R0395,ScienceDirect,2026-07-06,False,RTAD-HIS: Regulated transformer architecture based anomaly detection framework towards security in healthcare IoT systems,Arun Kumar Rai and Deepak Kumar Verma and Rajendra Kumar Dwivedi,2025,Applied Soft Computing,10.1016/j.asoc.2025.113209,https://www.sciencedirect.com/science/article/pii/S1568494625005204,article,Yes,Unique,Passed,,,Uncertain,"The paper presents a purely unsupervised transformer-based anomaly detection system without a subsequent supervised classification stage, failing IC3.","IC1, IC2",EC4,Excluded,EC3,Excluded,"Excluded under EC3. The paper proposes RTAD-HIS, a regulated transformer-based anomaly detection framework for Healthcare IoT systems using SRTrans-ConvRNN, temporal pooling, stateful LSTM, multi-head self-attention, feature redundancy, anomaly scoring, and a final classification layer. It is evaluated on ECU-IoHT, WUSTL-EHMS 2020, and CICIDS2017 and is relevant to healthcare IoT anomaly detection. However, the architecture does not implement a hybrid IDS that combines a standalone unsupervised anomaly detection component with a supervised attack classification stage. The anomaly scoring module is an internal neural scoring mechanism based on anomaly probabilities and residual deviations, not a separate unsupervised detector such as an autoencoder, one-class classifier, clustering method, isolation forest, or LOF. Therefore, the paper does not satisfy IC3.",,,Excluded
R0407,ScienceDirect,2026-07-06,False,XAI-driven multi-attention DeepCRNN for enhanced cyberattack detection in internet of medical things environments,Prashant Giridhar Shambharkar and Nikhil Sharma,2025,Pervasive and Mobile Computing,10.1016/j.pmcj.2025.102123,https://www.sciencedirect.com/science/article/pii/S1574119225001129,article,Yes,Unique,Passed,,,Uncertain,The paper proposes a purely supervised deep learning model (CNN + Bi-LSTM + attention) without any unsupervised anomaly detection component in the hybrid architecture.,"IC1, IC2",EC3,Excluded,EC3,Excluded,"Excluded under EC3. The paper proposes MA-DeepCRNN, an XAI-driven IDS for IoMT environments combining CNN, Bi-LSTM, and multi-attention mechanisms for binary and multiclass cyberattack detection. It is evaluated mainly on WUSTL-HDRL-2024, with additional generalizability tests on ECU-IoHT, WUSTL-EHMS-2020, and ToN-IoT. Although the paper is IoMT-relevant and proposes a high-performing intrusion detection framework with SHAP and attention-based explainability, the architecture is a supervised deep learning classification pipeline. It does not include a separate unsupervised anomaly detection component such as an autoencoder, one-class classifier, clustering method, isolation forest, or LOF combined with a supervised classifier. Therefore, it does not satisfy IC3.",,,Excluded
R0411,ScienceDirect,2026-07-06,False,Evaluating and enhancing intrusion detection systems in IoMT: The importance of domain-specific datasets,Jordi Doménech and Olga León and Muhammad Shuaib Siddiqui and Josep Pegueroles,2025,Internet of Things,10.1016/j.iot.2025.101631,https://www.sciencedirect.com/science/article/pii/S2542660525001453,article,Yes,Unique,Passed,,,Uncertain,The paper evaluates machine learning models for IoMT intrusion detection but does not describe a hybrid architecture combining unsupervised anomaly detection with supervised classification.,"IC1, IC2",EC3,Excluded,EC3,Excluded,"Excluded under EC3. The paper evaluates and optimizes machine learning-based IDS models for IoMT environments, focusing on the importance of domain-specific datasets. It compares CICIoT2023 and CICIoMT2024, analyzes cross-domain generalization, and proposes improved preprocessing and evaluation practices such as uniform windowing, proper train-validation-test splits, shuffling, and class balancing with undersampling or SMOTE. Although the paper is highly relevant to IoMT IDS evaluation and uses supervised models including Decision Tree, Random Forest, XGBoost, and Feedforward Neural Network, it does not propose a hybrid IDS architecture combining a standalone unsupervised anomaly detection component with a supervised classifier. Therefore, it does not satisfy IC3.",,,Excluded
R0415,ScienceDirect,2026-07-06,False,Enhancing internet of medical things security: A multi-layered approach using dynamic adaptive deep reinforcement learning and blockchain,Nikhil Sharma and Prashant Giridhar Shambharkar,2026,Computers and Electrical Engineering,10.1016/j.compeleceng.2025.110808,https://www.sciencedirect.com/science/article/pii/S0045790625007517,article,Yes,Unique,Passed,,,Uncertain,"The intrusion detection component (SD-BiLSTMGRU-IDM) is a hybrid deep learning model combining BiLSTM and GRU architectures, but does not include an unsupervised anomaly detection stage as required by IC3.","IC1, IC2",EC3,Excluded,EC3,Excluded,"Excluded under EC3. The paper proposes a multi-layered IoMT security framework combining blockchain, IPFS, AES, SHA-512, Zero-Knowledge Proofs, PBFT, ABAC, dynamic adaptive deep reinforcement learning for AES key generation, and a deep learning IDS named SD-BiLSTMGRU-IDM. It is clearly relevant to IoMT security and evaluates binary and multiclass intrusion detection for classes such as Normal/Benign, MiTM, DDoS, Ransomware, and Buffer Overflow using the WUSTL-HDRL-2024 dataset. However, the IDS architecture is a supervised hybrid deep learning classifier based on BiLSTM and BiGRU layers, dropout, fully connected layers, and Softmax output. It does not include a standalone unsupervised anomaly detection component such as an autoencoder, one-class classifier, clustering method, isolation forest, or LOF combined with a supervised classifier. The DA-DRL component is used for cryptographic key generation, not anomaly detection. Therefore, it does not satisfy IC3.",,,Excluded
R0416,ScienceDirect,2026-07-06,False,Smart privacy-preserving patient monitoring (SP3M) using IoMT enabled edge-cloud federated learning with blockchain and GNN-autoencoders,Zain Abubaker and Kainat Nazir,2026,Computer Networks,10.1016/j.comnet.2026.112284,https://www.sciencedirect.com/science/article/pii/S1389128626002963,article,Yes,Unique,Passed,,,Uncertain,"The paper addresses IoMT patient monitoring (IC1) and involves anomaly/pattern detection in healthcare (IC2), but the abstract mentions GNN-autoencoders without clearly specifying whether this constitutes a hybrid architecture combining unsupervised anomaly detection with supervised classification (IC3 unclear).","IC1, IC2",,Excluded,EC2,Excluded,"Excluded under EC2. The paper proposes SP3M, a smart privacy-preserving patient monitoring framework using IoMT-enabled edge-cloud federated learning, blockchain-based trust management, IPFS off-chain storage, and GNN-autoencoder-based edge intelligence. Although it is clearly relevant to IoMT and includes an autoencoder component, the model is designed for physiological patient state classification using the MIMIC-III clinical dataset, with classes such as normal, at-risk, critical, and recovery. It does not propose or evaluate a network intrusion detection or cybersecurity anomaly detection system for IoMT traffic, attacks, malicious flows, DDoS, spoofing, malware, or communication-layer threats. The security analysis concerns privacy protection, blockchain trust, gradient inversion resistance, and model poisoning robustness in federated learning, not IDS detection. Therefore, it does not satisfy IC2.",,,Excluded
R0417,ScienceDirect,2026-07-06,False,Dirichlet process mixture mechanism with extended stochastic variational inference: Bayesian adversarial learning for IoT intrusion detection,Wenda He and Xiangrui Cai and Huayue Zhong and Weishan Zou and Yuping Lai and Xiaojie Yuan,2026,Neurocomputing,10.1016/j.neucom.2025.132374,https://www.sciencedirect.com/science/article/pii/S0925231225030462,article,Yes,Unique,Passed,,,Uncertain,"The paper addresses IoT intrusion detection (IC2) and mentions evaluation on WUSTL-EHMS-2020 which is a healthcare dataset (IC1), but the abstract describes only a Bayesian unsupervised clustering approach (DPMM with InIDMM) without clearly indicating a subsequent supervised classification stage required for IC3.","IC1, IC2",,Excluded,EC4,Excluded,"Excluded under EC4. The paper proposes a lightweight Bayesian anomaly-based IDS for IoT using a Dirichlet Process Mixture Mechanism that integrates an Infinite Inverted Dirichlet Mixture Model with Extended Stochastic Variational Inference. It is evaluated on CICIoT2023 and WUSTL-EHMS-2020, giving it partial IoMT relevance through the healthcare monitoring dataset. The method builds a legitimate traffic profile from normal samples and detects anomalies by comparing test-sample probability density values against learned statistical boundaries. However, the architecture is purely unsupervised/statistical anomaly detection and does not include a supervised classification stage such as Random Forest, SVM, CNN, LSTM, MLP, or another classifier combined with the anomaly detector. Therefore, it does not satisfy IC3.",,,Excluded
R0418,ScienceDirect,2026-07-06,False,T-CAP: T-cGAN enhanced privacy-preserving context-aware self-attentive and adversarially robust IDS for smart healthcare ecosystems,Vaishali Meena and Gaurav Indra and Kamal Kumar,2026,Knowledge-Based Systems,10.1016/j.knosys.2026.115840,https://www.sciencedirect.com/science/article/pii/S0950705126005666,article,Yes,Unique,Passed,,,Uncertain,The paper proposes a purely supervised deep learning IDS using T-cGAN and self-attention mechanisms without any unsupervised anomaly detection stage in a hybrid architecture.,"IC1, IC2",EC3,Excluded,EC3,Excluded,"Excluded under EC3. The paper proposes T-CAP, a privacy-preserving, context-aware, self-attentive, and adversarially robust IDS for smart healthcare/IoMT ecosystems. It combines LSTM-based temporal encoding, Transformer-based contextual attention, federated learning with differential privacy, and T-cGAN-based adversarial sample generation. The framework is evaluated on CICIoMT-2024, CIC-IDS2017, UNSW-NB15, and NSL-KDD and is clearly relevant to IoMT intrusion detection. However, the detection architecture is a supervised LSTM-Transformer classifier trained with benign/malicious labels. The T-cGAN component is used for adversarial sample generation and robustness training, not as a standalone unsupervised anomaly detector. The paper does not include an unsupervised anomaly detection stage such as an autoencoder, one-class classifier, clustering model, isolation forest, or LOF combined with a supervised classifier. Therefore, it does not satisfy IC3.",,,Excluded
R0424,ScienceDirect,2026-07-06,False,An Adaptive Intrusion Detection Framework for IoT: Balancing Accuracy and Computational Efficiency,Abdulaziz A. Alsulami and Badraddin Alturki and Ahmad J. Tayeb and Rayan A. Alsemmeari and Raed Alsini,2026,"Computers, Materials and Continua",10.32604/cmc.2026.076413,https://www.sciencedirect.com/science/article/pii/S1546221826004042,article,Yes,Unique,Passed,,,Uncertain,"Paper addresses IoMT (tests on CIC-IoMT-2024 dataset) and intrusion detection (IC1, IC2 met), but the abstract describes an 'adaptive decision mechanism' with 'multiple inference paths' that may or may not constitute a hybrid unsupervised-supervised architecture—full text needed to confirm IC3.","IC1, IC2",,Excluded,EC3,Excluded,"Excluded under EC3. The paper proposes an adaptive IDS framework for IoT environments that balances detection accuracy and computational efficiency using mutual information feature selection, calibrated random forest classifiers, ELECTRA embeddings, a logistic regression Teacher Probe, and a LinUCB contextual bandit to select among Reduced Model, Base Model, LLM Refinement, and Escalate to Analyst actions. The study is partially relevant to IoMT because it evaluates the framework on CIC-IoMT-2024, alongside RT-IoT-2022 and CIC-IoT-2023. However, the architecture is a supervised adaptive classification and decision-control framework. It does not include a standalone unsupervised anomaly detection component such as an autoencoder, one-class classifier, clustering method, isolation forest, or LOF combined with a supervised classifier. Therefore, it does not satisfy IC3.",,,Excluded
R0428,ScienceDirect,2026-07-06,False,Blockchain-based IDS in IoMT networks: Enhancing transparency in healthcare,Geetanjali Rathee and Anissa Cheriguene and Chaker Abdelaziz Kerrache and Sahraoui Dhelim,2026,Intelligent Hospital,10.1016/j.inhs.2026.100076,https://www.sciencedirect.com/science/article/pii/S3050837126000299,article,Yes,Unique,Passed,,,Uncertain,"The paper addresses IoMT (IC1) and proposes an IDS (IC2), but the abstract describes 'anomaly-based IDS implemented as a forest tree structure' without clearly indicating if this represents a two-stage hybrid combining unsupervised anomaly detection with supervised classification (IC3 requires full text confirmation).","IC1, IC2",,Excluded,EC3,Excluded,"Excluded under EC3. The paper proposes a blockchain-based IDS for IoMT healthcare networks, combining anomaly-based intrusion detection, random-forest-based anomaly scoring, blockchain consensus, trust-score management, validated alerts, and tamper-resistant storage/logging. Although the study is clearly framed around IoMT security and healthcare record transparency, the “hybrid” design refers to IDS plus blockchain integration rather than a hybrid unsupervised + supervised IDS architecture. The detection pipeline does not include a standalone unsupervised anomaly detection component such as an autoencoder, one-class classifier, clustering method, isolation forest, or LOF combined with a supervised classifier. The evaluation also uses the general CSE-CIC-IDS2018 dataset rather than an IoMT-specific dataset. Therefore, it does not satisfy IC3.",,,Excluded
R0431,ScienceDirect,2026-07-06,False,Guarding Digital Health: Deep Learning for Attack Detection in Medical IoT,K Vaisakhkrishnan and Gadde Ashok and Parimarjan Mishra and T. Gireesh Kumar,2024,Procedia Computer Science,10.1016/j.procs.2024.04.235,https://www.sciencedirect.com/science/article/pii/S1877050924009116,article,Yes,Unique,Passed,,,Uncertain,"The paper addresses IoMT intrusion detection using deep learning (IC1, IC2 met), but the abstract mentions evaluating CNN, Autoencoder, Transformer, and LSTM separately without clearly indicating a hybrid architecture combining unsupervised anomaly detection with supervised classification in a multi-stage design.","IC1, IC2",,Excluded,EC3,Excluded,"Excluded under EC3. The paper proposes a deep learning-based IDS for Medical IoT / IoMT attack detection and evaluates CNN, Autoencoder, Transformer Network, and LSTM Network models for multiclass intrusion classification. Although the study is IoMT-framed and relevant to attack detection in healthcare networks, the proposed/selected model is Adam-LSTM, a supervised deep learning classifier using Adam optimization and LSTM architecture. The autoencoder is evaluated only as a separate baseline model and is not integrated as an unsupervised anomaly detection stage combined with a supervised classifier. There is no cascade, two-stage, multi-stage, or ensemble architecture combining unsupervised anomaly detection with supervised classification. Therefore, it does not satisfy IC3.",,,Excluded
R0435,ScienceDirect,2026-07-06,False,An effective feature engineering for DNN using hybrid PCA-GWO for intrusion detection in IoMT architecture,Swarna Priya R.M. and Praveen Kumar Reddy Maddikunta and Parimala M. and Srinivas Koppu and Thippa Reddy Gadekallu and Chiranji Lal Chowdhary and Mamoun Alazab,2020,Computer Communications,10.1016/j.comcom.2020.05.048,https://www.sciencedirect.com/science/article/pii/S014036642030298X,article,Yes,Unique,Passed,,,Uncertain,"The paper uses DNN with PCA-GWO feature engineering for IDS in IoMT, which is purely a supervised deep learning approach without incorporating unsupervised anomaly detection in a hybrid architecture.","IC1, IC2",EC3,Excluded,EC3,Excluded,"Excluded under EC3. The paper proposes an IoMT-framed IDS using one-hot encoding, standard scaling, PCA, Grey Wolf Optimization, and a Deep Neural Network classifier. It is relevant to IoMT security and evaluates attack classification for normal, DoS, probe, R2L, and U2R classes using a Kaggle intrusion detection dataset. However, the “hybrid” component refers to PCA-GWO feature engineering and dimensionality reduction before supervised DNN classification, not to a hybrid IDS architecture combining a standalone unsupervised anomaly detector with a supervised classifier. PCA and GWO are preprocessing/feature optimization methods, not unsupervised anomaly detection stages. Therefore, the paper does not satisfy IC3.",,,Excluded
R0460,ScienceDirect,2026-07-06,False,Augmenting Internet of Medical Things Security: Deep Ensemble Integration and Methodological Fusion,Hamad Naeem and Amjad Alsirhani and Faeiz M. Alserhani and Farhan Ullah and Ondrej Krejcar,2024,CMES - Computer Modeling in Engineering and Sciences,10.32604/cmes.2024.056308,https://www.sciencedirect.com/science/article/pii/S1526149224003151,article,Yes,Unique,Passed,,,Uncertain,"The paper proposes an IoMT intrusion detection system combining deep learning models (Transformer, DCNN, LSTM) as base learners with a meta-learner that integrates their predictions, representing a hybrid ensemble architecture with both unsupervised feature learning and supervised classification stages.","IC1, IC2, IC3",,Excluded,EC3,Excluded,"Excluded under EC3. The paper proposes an IoMT intrusion detection methodology combining preprocessing, correlation removal, Recursive Feature Elimination, BAT data augmentation, Transformer-based neural networks, self-attention DCNN, LSTM, stacked meta-features, and a meta-learner. It is evaluated on WUSTL-EHMS-2020 and CICIoMT2024 and is clearly relevant to IoMT IDS. However, the architecture is a supervised deep stacked ensemble with feature selection and data augmentation. The BAT algorithm is used only for synthetic data augmentation, and RFE is used for feature selection; neither functions as a standalone unsupervised anomaly detection component. The paper does not combine an unsupervised detector such as an autoencoder, one-class classifier, clustering method, isolation forest, or LOF with a supervised classifier. Therefore, it does not satisfy IC3.",,,Excluded
R0461,ScienceDirect,2026-07-06,False,Hybrid deep learning-based cyberthreat detection and IoMT data authentication model in smart healthcare,Manish Kumar and Sushil Kumar Singh and Sunggon Kim,2025,Future Generation Computer Systems,10.1016/j.future.2025.107711,https://www.sciencedirect.com/science/article/pii/S0167739X25000068,article,Yes,Unique,Passed,,,Uncertain,The paper uses a purely supervised deep learning model (1D-CLSTM) for cyberthreat detection without incorporating an unsupervised anomaly detection stage in a hybrid architecture.,"IC1, IC2",EC3,Excluded,EC3,Excluded,"Excluded under EC3. The paper proposes a smart healthcare IoMT cyberthreat detection and data authentication framework using RUSBoost-based ensemble learning for feature selection, a 1D-CLSTM deep learning classifier for intrusion/cyberattack classification, and PoAh blockchain consensus for IoMT data authentication in the fog layer. It is evaluated on WUSTL-EHMS-2020 and ECU-IoHT and is clearly relevant to IoMT cyberthreat detection. However, the IDS architecture is supervised: the “hybrid” component refers to the combination of 1D-CNN and LSTM layers, not to a hybrid unsupervised + supervised IDS. RUSBoost is used for feature selection and class-imbalance handling, while PoAh is used for authentication, not anomaly detection. The paper does not include a standalone unsupervised anomaly detection component such as an autoencoder, one-class classifier, clustering method, isolation forest, or LOF combined with a supervised classifier. Therefore, it does not satisfy IC3.",,,Excluded
R0462,ScienceDirect,2026-07-06,False,A hybrid DL-driven intelligent SDN-enabled malware detection framework for Internet of Medical Things (IoMT),Soneila Khan and Adnan Akhunzada,2021,Computer Communications,10.1016/j.comcom.2021.01.013,https://www.sciencedirect.com/science/article/pii/S0140366421000347,article,Yes,Unique,Passed,,,Uncertain,"The paper addresses IoMT malware detection using a hybrid deep learning framework, but the abstract does not explicitly describe whether it combines unsupervised anomaly detection with supervised classification in the required architecture.","IC1, IC2",,Excluded,EC3,Excluded,"Excluded under EC3. The paper proposes a hybrid DL-driven SDN-enabled malware detection framework for IoMT using a CNN–LSTM architecture. Although the study is relevant to IoMT security and presents a primary English-language contribution published in 2021, the proposed hybrid model is purely supervised. CNN is used for feature extraction and LSTM for final classification, with binary cross-entropy loss and softmax output. The architecture does not include a distinct unsupervised anomaly-detection component such as an autoencoder, one-class classifier, isolation forest, clustering model, reconstruction-error mechanism, or anomaly-scoring stage. Therefore, it does not satisfy IC3.",,,Excluded
R0463,ScienceDirect,2026-07-06,False,XBiDeep: A novel explainable artificial intelligence based intrusion detection system for Internet of Medical Things environment,Zeynep Turgut and Muhammet Sinan Başarslan,2025,Internet of Things,10.1016/j.iot.2025.101675,https://www.sciencedirect.com/science/article/pii/S2542660525001891,article,Yes,Unique,Passed,,,Uncertain,"The system uses only supervised deep learning architectures (RNN, LSTM, GRU, BiLSTM, BiGRU in hybrid configurations) without any unsupervised anomaly detection component.","IC1, IC2",EC3,Excluded,EC3,Excluded,"Excluded under EC3. The paper proposes XBiDeep, an explainable deep learning-based IDS for IoMT/IoHT environments using a supervised hybrid BiGRU-BiLSTM architecture. It is evaluated on three IoMT-specific datasets, namely CICIoMT2024, IoMT-TrafficData, and ECU-IoHT, and performs multiclass cyberattack detection with SHAP and LIME explanations. Although the study is highly relevant to IoMT intrusion detection, the “hybrid” component refers to the combination of supervised recurrent neural network layers, not to a hybrid unsupervised + supervised IDS. The architecture does not include a standalone unsupervised anomaly detection component such as an autoencoder, one-class classifier, clustering method, isolation forest, LOF, or reconstruction-error thresholding combined with a supervised classifier. Therefore, it does not satisfy IC3.",,,Excluded
R0466,ScienceDirect,2026-07-06,False,An IoT-Based Intrusion Detection System Approach for TCP SYN Attacks,Abdelwahed Berguiga and Ahlem Harchay,2021,"Computers, Materials and Continua",10.32604/cmc.2022.023399,https://www.sciencedirect.com/science/article/pii/S1546221821002332,article,Yes,Unique,Passed,,,Uncertain,"The paper proposes an IDS for IoMT but does not describe a hybrid architecture combining unsupervised anomaly detection with supervised classification, appearing to be a single-method approach for TCP SYN attack detection.","IC1, IC2",EC3,Excluded,EC3,Excluded,"Excluded. Exclusion: EC4; also fails IC3.The paper addresses an IoMT remote medical monitoring scenario and proposes an IDS for TCP SYN flooding attacks, but the architecture is not hybrid under this review protocol. The proposed IDS is an anomaly/threshold-based mechanism that detects excessive SYN requests and evaluates queue behavior, missed detection, and false alarm probabilities through analytical modeling and Matlab simulation. It does not combine an unsupervised anomaly-detection component with a supervised classifier in a cascade, two-stage, multi-stage, or ensemble architecture. Exclusion: EC4; also fails IC3.",,,Excluded
R0468,ScienceDirect,2026-07-06,False,Secured mutual wireless communication using real and imaginary-valued artificial neuronal synchronization and attack detection,Chengzhi Jiang and Arindam Sarkar and Abdulfattah Noorwali and Rahul Karmakar and Kamal M. Othman and Sarbajit Manna,2024,Engineering Applications of Artificial Intelligence,10.1016/j.engappai.2024.109203,https://www.sciencedirect.com/science/article/pii/S0952197624013617,article,Yes,Unique,Passed,,,Uncertain,The paper addresses IoMT intrusion detection using ML/DL models but the abstract does not clearly specify whether the architecture combines unsupervised anomaly detection with supervised classification in a hybrid/cascade design.,"IC1, IC2",,Excluded,EC3,Excluded,"Excluded under EC3. The paper proposes an IoMT security framework combining real- and imaginary-valued ANN synchronization for secure key exchange with ML/DL-based attack detection using patient biometric data and network traffic. It evaluates several ML, DL, and ensemble classifiers and applies PSO-based feature selection. Although the work is IoMT-specific and includes an IDS component, the IDS architecture is not hybrid under this review protocol: it does not clearly combine an unsupervised anomaly-detection component with a supervised classification stage in a cascade, two-stage, multi-stage, or ensemble IDS design. The ANN synchronization component is used for cryptographic key exchange rather than unsupervised anomaly detection. Therefore, it fails IC3.",,,Excluded
R0474,ScienceDirect,2026-07-06,False,Intelligent hybrid ensemble learning for robust ransomware and IoMT attack detection in healthcare networks,Samar M. Zayed and Walid El-Shafai and Samah Alshathri and Eman S. Sabry,2026,Journal of Engineering Research,10.1016/j.jer.2026.04.015,https://www.sciencedirect.com/science/article/pii/S2307187726001598,article,Yes,Unique,Passed,,,Uncertain,"The paper uses only supervised ensemble methods (stacking, voting with DT/RF/XGBoost) without any unsupervised anomaly detection component in the architecture.","IC1, IC2",EC3,Excluded,EC3,Excluded,"Excluded under EC3. The paper proposes a SMOTE-enhanced hybrid ensemble framework for ransomware and IoMT attack detection in healthcare networks, using supervised classifiers and ensemble configurations including Decision Tree, Random Forest, XGBoost, stacking, stacking with XGBoost, and hybrid voting. Although the study is IoMT-relevant and evaluates IDS models on the WUSTL-EHMS-2020 dataset, the architecture is not hybrid under this review protocol. It does not combine an unsupervised anomaly-detection component with a supervised classification stage in a cascade, two-stage, multi-stage, or ensemble IDS design. SMOTE is used only for class imbalance handling and does not constitute an unsupervised anomaly detector. Therefore, the paper fails IC3.",,,Excluded
R0475,ScienceDirect,2026-07-06,False,Defending federated learning-based intrusion detection systems against model poisoning attacks,Umer Zukaib and Xiaohui Cui and Fahim Niaz and Dong Liang and Chengliang Zheng and Salah Ud Din,2026,Neurocomputing,10.1016/j.neucom.2026.134208,https://www.sciencedirect.com/science/article/pii/S0925231226016061,article,Yes,Unique,Passed,,,Uncertain,"The paper addresses FL-based IDS for IoMT (IC1) and intrusion detection (IC2), but the hybrid architecture is unclear—Isolation Forest is used for detecting poisoned gradients rather than cascading with supervised classification for threat detection.","IC1, IC2",,Excluded,EC3,Excluded,"Excluded under EC3. The paper proposes D3-FLIDS, a federated learning-based intrusion detection defense framework for IoMT/AIoMT environments, designed to mitigate poisoning and backdoor attacks against FL-based IDS models. Although the study is IoMT-relevant and evaluates intrusion detection robustness using datasets including MedBIoT and CIC-IoMT-2024, the architecture is not hybrid under this review protocol. Its Isolation Forest component is used to identify anomalous or poisoned client model updates during federated aggregation, not to perform unsupervised anomaly detection over IoMT traffic. The IDS pipeline does not combine an unsupervised traffic anomaly detector with a supervised attack classifier in a cascade, two-stage, multi-stage, or ensemble IDS design. Therefore, it fails IC3.",,,Excluded
R0476,ScienceDirect,2026-07-06,False,MetaXAI: Metahuman-assisted audio and visual explainability framework for Internet of Medical Things,İbrahim Kök,2025,Biomedical Signal Processing and Control,10.1016/j.bspc.2024.107034,https://www.sciencedirect.com/science/article/pii/S1746809424010929,article,Yes,Unique,Passed,,,Uncertain,The paper focuses on explainability (XAI) methods for intrusion detection decisions rather than proposing a hybrid architecture combining unsupervised anomaly detection with supervised classification.,"IC1, IC2",EC3,Excluded,EC3,Excluded,"Excluded under EC3. The paper proposes MetaXAI, a metahuman-assisted audio and visual explainability framework for IoMT intrusion detection. It evaluates supervised ML/DL classifiers, including DT, RF, KNN, SVM, ANN, MLP, and XGBoost, on the WUSTL-EHMS-2020 dataset and applies ELI5, SHAP, and LIME to explain model decisions through text, audio, video, and 3D/VR interfaces. Although the paper is IoMT-specific and IDS-relevant, its architecture is not hybrid under this review protocol. It does not combine an unsupervised anomaly-detection component with a supervised classification stage in a cascade, two-stage, multi-stage, or ensemble IDS design. SMOTE is used only for data balancing, and the XAI layer provides post-hoc explanations rather than anomaly detection. Therefore, the paper fails IC3.",,,Excluded
R0485,ScienceDirect,2026-07-06,False,A Lightweight Two-Stage Intrusion Detection Framework Optimized for Edge-Based IoT Environments,Chung-Wei Kuo and Cheng-Xuan Wu,2026,"Computers, Materials and Continua",10.32604/cmc.2026.076767,https://www.sciencedirect.com/science/article/pii/S1546221826003541,article,Yes,Unique,Passed,,,Uncertain,"The paper proposes a two-stage IDS for IoT/IoMT with DT filtering followed by supervised ensemble classification (RF, XGBoost, AdaBoost), but does not clearly indicate unsupervised anomaly detection in Stage 1—the Decision Tree appears to be a supervised classifier for DDoS traffic rather than an unsupervised method.","IC1, IC2",,Excluded,EC3,Excluded,"Excluded under EC3. The paper proposes a lightweight two-stage IDS optimized for edge-based IoT environments. Stage 1 uses a Decision Tree to distinguish DDoS from non-DDoS traffic, and Stage 2 uses a supervised soft-voting ensemble composed of Random Forest, XGBoost, and AdaBoost for fine-grained classification of non-DDoS traffic. Although the paper includes cross-domain validation on CICIoMT2024 and is relevant to resource-aware IoT/IoMT IDS deployment, the architecture is not hybrid under this review protocol. It does not combine an unsupervised anomaly-detection component with a supervised classification stage. Mutual Information is used only for feature selection, not anomaly detection. Therefore, the paper fails IC3.",,,Excluded
R0489,ScienceDirect,2026-07-06,False,IDS–GraphMamba: A Markov-enhanced graph Mamba framework for real-time intrusion detection in IoMT edge networks,Safa {Ben Atitallah} and Maha Driss and Wadii Boulila,2026,Computer Networks,10.1016/j.comnet.2025.111933,https://www.sciencedirect.com/science/article/pii/S1389128625008989,article,Yes,Unique,Passed,,,Uncertain,The paper proposes a purely supervised graph-based deep learning approach (Graph Mamba with softmax classification) without any unsupervised anomaly detection component in a hybrid architecture.,"IC1, IC2",EC3,Excluded,EC3,Excluded,"Excluded under EC3. The paper proposes IDS–GraphMamba, a Markov-enhanced graph Mamba framework for real-time intrusion detection in IoMT edge networks. It is IoMT-specific and IDS-relevant, and it evaluates the model on WUSTL-EHMS-2020 and NF-BoT-IoT-v2. However, the architecture is not hybrid under this review protocol. The Markov chain component is used for probabilistic graph aggregation/message passing, and the Mamba/SSSM block is used for supervised representation learning. The paper does not combine an unsupervised anomaly-detection component, such as an autoencoder, one-class classifier, clustering method, isolation forest, or outlier detector, with a supervised classification stage. Therefore, it fails IC3.",,,Excluded
R0490,ScienceDirect,2026-07-06,False,"TrustEdge: A quantum-safe, self-healing framework for federated TinyML in critical ICU monitoring",Umar Hayat Khan and Affaq Qamar and Rahim Khan and Mohamad A. Alawad and Fahad Alturise and Maqsood Hayat,2026,Internet of Things,10.1016/j.iot.2025.101855,https://www.sciencedirect.com/science/article/pii/S2542660525003695,article,Yes,Unique,Passed,,,Uncertain,"The paper addresses IoMT (ICU monitoring) and includes an IDS component with 98.2% accuracy, but the abstract describes a 'TinyML-driven IDS-on-device' without clearly specifying whether it combines unsupervised anomaly detection with supervised classification in a hybrid architecture.","IC1, IC2",,Excluded,EC3,Excluded,"Excluded under EC3. The paper proposes TrustEdge, a quantum-safe and self-healing IoMT framework for federated TinyML in critical ICU monitoring. It includes an on-device TinyML-based IDS for detecting sensor spoofing, model poisoning, and DoS attacks, together with ML-KEM-512 post-quantum encryption, blockchain audit logging, and smart contract-driven recovery actions. Although the study is IoMT-specific and IDS-relevant, its IDS component is based on supervised TinyML/Random Forest or Decision Tree ensemble detection and does not combine an unsupervised anomaly-detection component with a supervised classification stage in a cascade, two-stage, multi-stage, or ensemble IDS design. The hybridization is architectural and security-oriented, not an unsupervised + supervised IDS architecture. Therefore, the paper fails IC3.",,,Excluded
R0493,ScienceDirect,2026-07-06,False,Robust AI-based intrusion detection for IoMT: A data-efficient approach via optimized feature selection and hybrid data balancing,Jordi Doménech and Saber Mhiri and Olga León and Muhammad Shuaib Siddiqui and Josep Pegueroles,2026,Computer Networks,10.1016/j.comnet.2026.112359,https://www.sciencedirect.com/science/article/pii/S1389128626003713,article,Yes,Unique,Passed,,,Uncertain,The paper proposes a purely supervised Random Forest classifier with data preprocessing techniques but lacks an unsupervised anomaly detection component in a hybrid architecture.,"IC1, IC2",EC3,Excluded,EC3,Excluded,"Excluded under EC3. The paper proposes the Optimized Pre-processing Framework (OPF), a data-efficient IoMT IDS methodology combining Gini feature-based prioritization, Random Undersampling, SMOTE-based oversampling, logarithmic interpolation for hybrid resampling, and Random Forest classification. Although the study is IoMT-specific and evaluates the framework on CICIoMT2024, IoMT-TrafficData, and CICIoT2023, the architecture is not hybrid under this review protocol. The “hybrid” component refers to class balancing, not to an IDS architecture combining an unsupervised anomaly-detection stage with a supervised classifier. Therefore, the paper fails IC3.",,,Excluded
R0494,ScienceDirect,2026-07-06,False,Big Data-Driven Federated Learning Model for Scalable and Privacy-Preserving Cyber Threat Detection in IoT-Enabled Healthcare Systems,Noura Mohammed Alaskar and Muzammil Hussain and Saif Jasim Almheiri and Adnan Khan and Khan M. Adnan,2026,"Computers, Materials and Continua",10.32604/cmc.2025.074041,https://www.sciencedirect.com/science/article/pii/S1546221826001839,article,Yes,Unique,Passed,,,Uncertain,The paper proposes a federated learning-based IDS for IoT healthcare but does not describe a hybrid architecture combining unsupervised anomaly detection with supervised classification as required by IC3.,"IC1, IC2",EC3,Excluded,EC3,Excluded,"Excluded under EC3. The paper proposes a big-data-driven federated learning IDS for privacy-preserving cyber threat detection in IoT-enabled healthcare systems. It uses local supervised models, including MLP, KNN, Gradient Boosting, and Logistic Regression, and aggregates client updates through a reliability-weighted federated learning mechanism. Although the study is healthcare-framed and IDS-relevant, the architecture is not hybrid under this review protocol. It does not combine an unsupervised anomaly-detection component with a supervised classification stage. PCA is used for dimensionality reduction, while t-SNE and UMAP are used for visualization, not as anomaly-detection stages. The “hybrid” aspect refers to Big Data Analytics plus Federated Learning, not unsupervised + supervised IDS. Therefore, the paper fails IC3.",,,Excluded
R0496,ScienceDirect,2026-07-06,False,FTL-TSLP: A federated transfer learning approach with a two-stage LSTM pipeline for fault-tolerant and privacy-preserving intrusion detection in IoMT networks,Abdelhammid Bouazza and Hichem Debbi and Hicham Lakhlef,2026,Internet of Things,10.1016/j.iot.2025.101832,https://www.sciencedirect.com/science/article/pii/S2542660525003464,article,Yes,Unique,Passed,,,Uncertain,The paper proposes a purely supervised LSTM-based classification approach within a federated learning framework without any unsupervised anomaly detection component.,"IC1, IC2",EC3,Excluded,EC3,Excluded,"Excluded under EC3. The paper proposes FTL-TSLP, a federated transfer learning framework with a two-stage LSTM pipeline for fault-tolerant and privacy-preserving intrusion detection in IoMT networks. It is strongly IoMT-specific and evaluates the framework on NF-UNSW-NB15-v2, WUSTL-EHMS-2020, and CICIoMT-2024 under IID and non-IID federated settings. However, the architecture is not hybrid under this review protocol. The first IDS stage is a supervised LSTM-based binary anomaly/attack detector, and the second stage is a supervised LSTM multiclass attack classifier. The paper does not combine an unsupervised anomaly-detection component, such as an autoencoder, one-class classifier, clustering method, isolation forest, or LOF, with a supervised classification stage. SMOTE is used for class balancing, temporal aggregation is used for efficiency, and MCDA/TOPSIS with Naïve Bayes supports fault-tolerant node classification, not unsupervised traffic anomaly detection. Therefore, the paper fails IC3.",,,Excluded
R0497,ScienceDirect,2026-07-06,False,An SDN-based Hybrid-DL-driven cognitive intrusion detection system for IoT ecosystem,Fazal Wahab and Anwar Shah and Imran Khan and Bahar Ali and Muhammad Adnan,2024,Computers and Electrical Engineering,10.1016/j.compeleceng.2024.109545,https://www.sciencedirect.com/science/article/pii/S0045790624004725,article,Yes,Unique,Passed,,,Uncertain,"The paper addresses IoT intrusion detection with a hybrid deep learning approach, but the abstract does not explicitly confirm whether the architecture combines unsupervised anomaly detection with supervised classification in a two-stage/cascade manner, or if it only refers to hybrid combinations of supervised DL models (GRU+LSTM, GRU+DNN).",IC2,,Excluded,EC1,Excluded,"Excluded under EC1. The paper proposes an SDN-enabled cognitive intrusion detection framework for generic IoT environments using a supervised hybrid deep learning model based on BiLSTM and GRU. Although the study is IDS-relevant and evaluates multiclass attack detection on N-BaIoT and CICDDoS2019, it does not specifically address IoMT traffic, medical devices, wearables, patient monitoring systems, or smart healthcare network datasets. The paper also fails IC3 because the “hybrid” architecture refers to combining BiLSTM and GRU layers in a supervised DL classifier, not to combining an unsupervised anomaly-detection component with a supervised classification stage. Therefore, it is excluded from the primary IoMT hybrid IDS corpus.",,,Excluded
R0501,ScienceDirect,2026-07-06,False,Enhancing IoMT Network Threat Detection with Data Balancing for Multi-Class Attack Classification on CICIoMT2024 Dataset,Taghreed Alkhodaidi and Wadee Alhalabi and Miada Almasre,2026,"Computers, Materials and Continua",10.32604/cmc.2026.081665,https://www.sciencedirect.com/science/article/pii/S1546221826005102,article,Yes,Unique,Passed,,,Uncertain,"The paper focuses solely on supervised machine learning classification (Random Forest, AdaBoost, Logistic Regression, DNN) with data balancing techniques but does not mention any unsupervised anomaly detection component in a hybrid architecture.","IC1, IC2",EC3,Excluded,EC3,Excluded,"The paper evaluates purely supervised classifiers (Random Forest, AdaBoost, Logistic Regression, DNN) with data balancing techniques but does not include any unsupervised component (autoencoder, one-class classifier, isolation forest) in a hybrid two-stage architecture.",,,Excluded
R0507,SpringerLink,2026-07-06,False,A hybrid XGBoost–SVM ensemble framework for robust cyber-attack detection in the internet of medical things (IoMT),Maha AbdelhaqSatheeshKumar PalanisamyM. GopinathV. Gnana Sri ManasaM. Aditya RamSajid Khan MD,2026,Scientific Reports,10.1038/s41598-026-37832-0,https://link.springer.com/article/10.1038/s41598-026-37832-0,Article,Yes,Unique,Passed,,OpenAlex,Uncertain,The paper proposes a hybrid XGBoost-SVM ensemble for IoMT intrusion detection but both XGBoost and SVM are supervised classifiers without an unsupervised anomaly detection component.,"IC1, IC2",EC3,Excluded,EC3,Excluded,"Excluded under EC3. The paper proposes an IoMT cyber-attack detection framework based on a supervised soft-voting ensemble combining XGBoost, SVM with RBF kernel, and SVM with polynomial kernel. It is IoMT-specific and evaluates the model primarily on WUSTL-EHMS-2020, with additional validation on TON-IoT and CICIDS-2017. However, the architecture is not hybrid under this review protocol. The “hybrid” component refers to combining supervised machine learning classifiers in an ensemble, not to combining an unsupervised anomaly-detection component with a supervised classification stage. PCA is used for dimensionality reduction and feature optimization, not as an anomaly detector. Therefore, the paper fails IC3.",,,Excluded
R0509,SpringerLink,2026-07-06,False,A novel adaptive hybrid intrusion detection system with lightweight optimization for enhanced security in internet of medical things,Hassan SaeedMehwish NaseerAfaf RasoolAmjad AlsirhaniFaeiz AlserhaniGhadah Naif AlwakidFarhan UllahHamad NaeemYue Zhao,2025,Scientific Reports,10.1038/s41598-025-31897-z,https://link.springer.com/article/10.1038/s41598-025-31897-z,Article,Yes,Unique,Passed,,OpenAlex,Uncertain,"The system uses a supervised Decision Tree (C4.5) for initial classification followed by Deep Q-Networks (reinforcement learning), but does not incorporate an unsupervised anomaly detection stage as required by IC3.","IC1, IC2",EC3,Excluded,EC3,Excluded,"Excluded under EC3. The paper proposes an adaptive IoMT intrusion detection framework combining a supervised Decision Tree C4.5 classifier with a Deep Q-Network reinforcement learning loop for dynamic threat detection and response. It is strongly IoMT-specific and evaluates the framework mainly on CICIoMT2024, with additional validation on WUSTL-EHMS, ECU-IoHT, DF_IoMT, and CICIoT2023. However, the architecture is not hybrid under this review protocol. The DQN component provides reinforcement learning-based adaptive policy optimization, not unsupervised anomaly detection over network traffic. The paper does not combine an unsupervised anomaly-detection component, such as an autoencoder, one-class classifier, clustering method, isolation forest, or LOF, with a supervised classification stage. Therefore, it fails IC3.",,,Excluded
R0512,SpringerLink,2026-07-06,False,Intrusion detection in IoMT systems using hybrid CNN-GRU deep learning model,Shoog AlshehriAsma Alnemari,2026,Cluster Computing,10.1007/s10586-026-06199-2,https://link.springer.com/article/10.1007/s10586-026-06199-2,Article,Yes,Unique,Passed,,Manual,Uncertain,The paper proposes a purely supervised deep learning model (CNN-GRU) without any unsupervised anomaly detection component in the architecture.,"IC1, IC2",EC3,Excluded,EC3,Excluded,"Excluded under EC3. The paper proposes an IoMT intrusion detection model using a hybrid CNN-GRU deep learning architecture evaluated on CICIoMT2024 for DoS, DDoS, and normal traffic classification. Although the study is IoMT-specific and IDS-relevant, the architecture is not hybrid under this review protocol. The “hybrid” component refers to combining CNN and GRU within a supervised deep learning classifier, not to combining an unsupervised anomaly-detection component with a supervised classification stage. SMOTE is used only for class imbalance handling, and feature selection is used only for preprocessing. Therefore, the paper fails IC3.",,,Excluded
R0515,SpringerLink,2026-07-06,False,Securing the internet of medical things (IoMT): a multi-stage machine learning approach for effective intrusion detection,Lo’ai TawalbehRama Jaradat,2026,International Journal of Machine Learning and Cybernetics,10.1007/s13042-026-03213-2,https://link.springer.com/article/10.1007/s13042-026-03213-2,Article,Yes,Unique,Passed,,Manual,Uncertain,"The paper addresses IoMT intrusion detection with a multi-stage machine learning approach, but the abstract does not clearly specify whether the architecture combines unsupervised anomaly detection with supervised classification or uses only supervised methods across stages.","IC1, IC2",,Excluded,EC3,Excluded,"Excluded under EC3. The paper proposes a multi-stage machine learning framework for IoMT intrusion detection using the CICIoMT2024 dataset. The framework performs hierarchical supervised classification in three stages: binary attack detection, attack-category classification, and attack-subtype classification. Although the study is IoMT-specific, IDS-relevant, and evaluates several feature selection techniques, including Chi-Square, XGBoost-based feature importance, PCA, PSO, ACO, and attention-based selection, the architecture is not hybrid under this review protocol. It does not combine an unsupervised anomaly-detection component with a supervised classification stage. PCA and other feature selection methods are used for dimensionality reduction or feature ranking, not anomaly detection. Therefore, the paper fails IC3.",,,Excluded
R0520,SpringerLink,2026-07-06,False,Multi-attention DeepCRNN: an efficient and explainable intrusion detection framework for Internet of Medical Things environments,Nikhil SharmaPrashant Giridhar Shambharkar,2025,Knowledge and Information Systems,10.1007/s10115-025-02402-9,https://link.springer.com/article/10.1007/s10115-025-02402-9,Article,Yes,Unique,Passed,,Manual,Uncertain,"The paper proposes a purely supervised deep learning approach (MA-DeepCRNN combining CNN, RNN, and attention) without an unsupervised anomaly detection stage.","IC1, IC2",EC3,Excluded,EC3,Excluded,"Excluded under EC3. The paper proposes MA-DeepCRNN, an IoMT intrusion detection framework combining CNN-based spatial feature extraction, recurrent neural layers for temporal pattern modeling, multi-attention mechanisms, blockchain-based data integrity, and SHAP-based explainability. It is evaluated on CICIoMT2024 for binary, 6-class, and 19-class intrusion detection and is strongly IoMT-relevant. However, the architecture is not hybrid under this review protocol. The “hybrid” aspect refers to the combination of supervised deep learning components and blockchain/XAI support, not to a cascade or ensemble combining an unsupervised anomaly-detection component with a supervised classification stage. Attention and SHAP provide feature weighting and explanation, while blockchain provides secure data handling; none functions as an unsupervised traffic anomaly detector. Therefore, the paper fails IC3.",,,Excluded
R0522,SpringerLink,2026-07-06,False,Quantized autonomous edge intrusion detection system for adaptive feature aware internet of medical things networks,Sanjoy MondalAyesha KhatunMoinuddinKhondekar Lutful HassanChin-Shiuh Shieh,2026,Discover Computing,10.1007/s10791-026-10310-x,https://link.springer.com/article/10.1007/s10791-026-10310-x,Article,Yes,Unique,Passed,,OpenAlex,Uncertain,The paper proposes a two-stage hierarchical IDS for IoMT combining lightweight 1D-CNN-based binary anomaly detection at the device layer with XGBoost-based supervised multiclass classification at the edge layer.,"IC1, IC2, IC3",,Excluded,EC3,Excluded,"Excluded under EC3. The paper proposes QAE-IDS, a hierarchical device–edge intrusion detection framework for IoMT networks. It combines a lightweight quantized 1D-CNN TinyML binary detector at the device layer with an XGBoost-based multiclass intrusion classifier at the edge layer, using ANOVA F-score SelectKBest feature selection, SMOTE/undersampling for imbalance handling, and SHAP for explainability. Although the study is IoMT-specific and IDS-relevant, the architecture is not hybrid under this review protocol. The device-level “anomaly filtering” stage is a supervised binary 1D-CNN classifier, not an unsupervised anomaly detector. The edge-level XGBoost model is also supervised. Therefore, the paper does not combine an unsupervised anomaly-detection component with a supervised classification stage and fails IC3.",,,Excluded
R0523,SpringerLink,2026-07-06,False,Hybrid Cross-Temporal Contrastive Model with Spiking Energy-Efficient Network Intrusion Detection in IOMT,Fatma S. AlrayesMohammed ZakariahSyed Umar AminZafar Iqbal KhanMaha Helal,2025,International Journal of Computational Intelligence Systems,10.1007/s44196-025-00995-1,https://link.springer.com/article/10.1007/s44196-025-00995-1,Article,Yes,Unique,Passed,,OpenAlex,Uncertain,"The paper addresses IoMT intrusion detection and mentions 'hybrid' approach with contrastive learning and SNNs, but the abstract does not clearly specify a two-stage architecture combining unsupervised anomaly detection with supervised classification.","IC1, IC2",,Excluded,EC3,Excluded,"Excluded under EC3. The paper proposes a Hybrid Cross-Temporal Contrastive Model with Spiking Neural Networks for energy-efficient intrusion detection in IoMT environments. It is IoMT-specific and evaluates the model primarily on WUSTL-EHMS-2020, with additional validation on NSL-KDD and CICIoT2023. The architecture combines CNN-based temporal feature extraction, BiLSTM/LSTM sequence modeling, contrastive representation learning, and an SNN layer for energy-efficient processing. However, the architecture is not hybrid under this review protocol. The “hybrid” component refers to the integration of supervised deep learning modules, contrastive learning, and SNN computation, not to a cascade combining an unsupervised anomaly-detection component with a supervised classification stage. Therefore, the paper fails IC3.",,,Excluded
R0533,SpringerLink,2026-07-06,False,Blockchain-Enabled Federated Explainable AI for Robust Cyber Threat Detection in Smart Healthcare Systems,Rana Muhammad Amir LatifZakawat LiaqatNasir JamalFarhan UllahLeonardo MostardaTahir Mehmood,2026,"Proceedings of the 5th International Conference on Frontiers of Electronics, Information and Computation Technologies (ICFEICT 2025)",10.1007/978-981-95-8660-8_41,https://link.springer.com/chapter/10.1007/978-981-95-8660-8_41,Conference paper,Yes,Unique,Passed,,Springer,Uncertain,"The paper addresses IoMT/smart healthcare security with threat detection (IC1, IC2 met), but the abstract describes federated learning with explainable AI without clearly indicating a hybrid architecture combining unsupervised anomaly detection with supervised classification.","IC1, IC2",,Excluded,EC3,Excluded,"Excluded under EC4. The paper proposes B-FXAI, a blockchain-enabled federated explainable AI framework for cyber threat detection in smart healthcare systems. It integrates federated learning, a permissioned blockchain ledger, smart-contract-based update verification, and SHAP/LIME explainability. Although the study is healthcare/IoMT-relevant and includes MedBIoT in the evaluation, the IDS architecture is not hybrid under this review protocol. The experimental design uses a stacked autoencoder for federated unsupervised anomaly detection, but it does not include a distinct supervised classification stage for attack categorization. Blockchain and XAI provide trust, auditability, poisoning resistance, and interpretability, but they are not supervised IDS components. Therefore, the paper fails IC3 and is excluded under EC4.",,,Excluded
R0542,SpringerLink,2026-07-06,False,A Gamma-enhanced Naïve Bayes model for robust intrusion detection in IoMT networks,Rayane ElRabaaSoha RawasAli El-Zaart,2026,Discover Internet of Things,10.1007/s43926-025-00281-8,https://link.springer.com/article/10.1007/s43926-025-00281-8,Article,Yes,Unique,Passed,,OpenAlex,Uncertain,The paper proposes a purely supervised Na�ve Bayes classifier without any unsupervised anomaly detection component in a cascade or hybrid architecture.,"IC1, IC2",EC3,Excluded,EC3,Excluded,"Excluded under EC3. The paper proposes NBGamma, a Gamma-enhanced Naïve Bayes classifier for intrusion detection in IoMT networks. It modifies the traditional Gaussian Naïve Bayes likelihood by replacing it with a Gamma-based likelihood to better model positively skewed and burst-like network traffic features. Although the study is framed for IoMT security and evaluates intrusion detection under unbalanced and SMOTE-balanced conditions, the architecture is not hybrid under this review protocol. The “hybrid” component refers to a statistical distribution-level modification inside a supervised Naïve Bayes classifier, not to a combination of an unsupervised anomaly-detection component with a supervised classification stage. Therefore, the paper fails IC3.",,,Excluded
R0548,SpringerLink,2026-07-06,False,Improving cyber-attack detection in Internet of Medical Things using ensemble deep learning methods,Wang WuHarrou FouziSenouci Sidi-MohammedSun Ying,2025,Cluster Computing,10.1007/s10586-025-05660-y,https://link.springer.com/article/10.1007/s10586-025-05660-y,Article,Yes,Unique,Passed,,OpenAlex,Uncertain,The paper uses purely supervised ensemble learning (stacking with deep learning base learners and Random Forest meta-learner) without any unsupervised anomaly detection component such as autoencoder or reconstruction-error based methods.,"IC1, IC2",EC3,Excluded,EC3,Excluded,"Excluded under EC3. The paper proposes ensemble deep learning methods for cyber-attack detection in IoMT using WUSTL-EHMS-2020. It evaluates StackMean, StackMax, and StackRF models, combining the outputs of multiple supervised neural networks, with SMOTE for class imbalance handling and KPCA for nonlinear feature extraction. Although the study is IoMT-specific and IDS-relevant, the architecture is not hybrid under this review protocol. The “ensemble” component refers to supervised stacked learning, not to a combination of an unsupervised anomaly-detection component with a supervised classification stage. SMOTE is only data balancing, and KPCA is feature extraction/dimensionality reduction, not anomaly detection. Therefore, the paper fails IC3.",,,Excluded
R0559,SpringerLink,2026-07-06,False,GOOSE-Optimized Deep Autoencoder for Intrusion Detection in IoMT Networks: A Scalable and Efficient Approach for Healthcare Security,Pooja Puspita PriyadarshaniJanmenjoy NayakPandit Byomakesha Dash,2025,Arabian Journal for Science and Engineering,10.1007/s13369-025-10478-2,https://link.springer.com/article/10.1007/s13369-025-10478-2,Article,Yes,Unique,Passed,,Springer,Uncertain,"The paper proposes a purely unsupervised autoencoder-based intrusion detection system without any supervised classification stage, failing to meet IC3's requirement for a hybrid architecture combining both unsupervised anomaly detection and supervised classification.","IC1, IC2",EC4,Excluded,EC4,Excluded,"The paper proposes an autoencoder optimized with GOOSE algorithm for intrusion detection but uses only the autoencoder-based reconstruction error for classification without a separate supervised classification stage, making it a single-stage unsupervised approach rather than a hybrid two-stage architecture.",,,Excluded
R0562,SpringerLink,2026-07-06,False,Towards advanced AI-based solutions for securing IoMT in smart health information systems,Xin Liu,2026,Scientific Reports,10.1038/s41598-025-31850-0,https://link.springer.com/article/10.1038/s41598-025-31850-0,Article,Yes,Unique,Passed,,OpenAlex,Uncertain,"The paper proposes a purely supervised BiGRU model optimized with RBWK algorithm, without incorporating unsupervised anomaly detection components like autoencoders or one-class learning in a hybrid architecture.","IC1, IC2",EC3,Excluded,EC3,Excluded,"Excluded under EC3. The paper proposes BiGRU/RBWK, an IoMT intrusion-detection model that combines a supervised Bidirectional Gated Recurrent Unit classifier with the Refined Black-winged Kite metaheuristic algorithm for hyperparameter optimization. RFE-SVM is applied as a supervised feature-selection procedure before BiGRU training. Although the authors describe the method as hybrid and include an autoencoder among the comparative baselines, the proposed architecture does not contain an unsupervised anomaly-detection component integrated with the supervised classifier. RBWK performs optimization rather than anomaly detection, and the autoencoder is evaluated independently rather than used in a cascade, multi-stage pipeline, or ensemble with BiGRU. The model depends on labelled data, while semi-supervised and self-supervised approaches are reserved for future work. Consequently, the paper fails IC3 and is excluded under EC3.",,,Excluded
R0563,SpringerLink,2026-07-06,False,Efficient cyber threat detection using a hybrid super pixel guided weighted graph convolutional network and quantum-enhanced long short-term memory in IoMT application,G RekhaT Sudha,2025,International Journal of Information Technology,10.1007/s41870-025-02898-y,https://link.springer.com/article/10.1007/s41870-025-02898-y,Article,Yes,Unique,Passed,,Springer,Uncertain,"The paper addresses IoMT intrusion detection (IC1, IC2 met) and uses a hybrid architecture with GCN and LSTM components, but the abstract does not clearly indicate an unsupervised anomaly detection stage cascaded with supervised classification�it may be purely supervised or the unsupervised component is not explicitly described.","IC1, IC2",,Excluded,EC3,Excluded,"Excluded under EC3. The paper proposes ECTD-Hyb-MSGCNLSM-IoMT, a supervised multiclass cyber-threat detection framework combining a Multiscale Superpixel-Guided Weighted Graph Convolutional Network with a quantum-enhanced LSTM. AEALOA is used for feature selection, and BBOA is used for parameter optimization. Although the authors describe the architecture as hybrid, the hybridization combines spatial graph learning, temporal sequence modelling, and metaheuristic optimization rather than an unsupervised anomaly detector with a supervised classifier. Superpixel segmentation and weighted graph construction are internal feature-representation operations, while AEALOA and BBOA are optimization algorithms; none produces an independent anomaly score or unsupervised detection decision. The final dense/softmax layer performs supervised classification into DDoS, DoS, reconnaissance, MQTT, and spoofing classes. Therefore, the paper fails IC3 and is excluded under EC3. A secondary concern is that the evaluation uses CIC IoT-DIAD 2024, which is described as a generic IoT dataset rather than a clearly healthcare-specific IoMT testbed.",,,Excluded
R0565,SpringerLink,2026-07-06,False,A New Model to Evaluate Signature and Anomaly Based Intrusion Detection in Medical IoT System Using Ensemble Approach,A. Sheik AbdullahHridhik John SunilMohamed Saleem Haja Nazmudeen,2025,SN Computer Science,10.1007/s42979-025-03875-9,https://link.springer.com/article/10.1007/s42979-025-03875-9,Article,Yes,Unique,Passed,,Springer,Uncertain,"Paper addresses IoMT intrusion detection with ensemble methods (IC1, IC2 met), but abstract mentions 'signature and anomaly based' detection without clearly describing an unsupervised anomaly detection stage combined with supervised classification.","IC1, IC2",,Excluded,EC3,Excluded,"Excluded under EC3. The paper proposes an IoMT intrusion-detection workflow evaluated on a simulated intensive-care healthcare dataset. It trains KNN, Decision Tree, Random Forest, XGBoost, and AdaBoost models to classify traffic as normal or attack, with XGBoost selected as the final model. Although the title and narrative refer to both signature-based and anomaly-based detection, the implemented architecture contains neither a distinct signature-matching module nor an unsupervised anomaly-detection stage. All evaluated methods are supervised classifiers trained on labelled normal and malicious traffic. Logistic regression with SelectFromModel is used for supervised feature selection, while Random Forest, XGBoost, and AdaBoost are supervised ensemble methods. Therefore, the paper fails IC3 and is excluded under EC3.",,,Excluded
R0567,SpringerLink,2026-07-06,False,MACAE: memory module-assisted convolutional autoencoder for intrusion detection in IoT networks,Jiaqi GaoMingrui FanYaru HeDaoqi HanYueming LuYaojun Qiao,2024,The Journal of Supercomputing,10.1007/s11227-024-06704-7,https://link.springer.com/article/10.1007/s11227-024-06704-7,Article,Yes,Unique,Passed,,Manual,Uncertain,"The paper proposes an unsupervised intrusion detection system using a convolutional autoencoder with memory module for IoT networks, tested on MedBIoT (medical IoT dataset), but the abstract does not clearly indicate a supervised classification stage in addition to the unsupervised anomaly detection component.","IC1, IC2",,Excluded,EC4,Excluded,"Excluded primarily under EC1. The paper proposes MACAE, a memory module-assisted convolutional autoencoder for unsupervised intrusion detection in generic IoT networks. Its primary evaluation environment is a smart-grid network containing metering-terminal traffic, while the additional CICIDS2017 and MedBIoT datasets are generic network and IoT botnet datasets. MedBIoT denotes a medium-sized IoT botnet testbed and is not presented as a medical IoT or smart-healthcare dataset. Therefore, the paper does not satisfy IC1. It also fails IC3 and falls under EC4: MACAE is a purely unsupervised reconstruction-based anomaly detector consisting of a convolutional encoder, memory module, convolutional decoder, and anomaly-score threshold. The CNN modules are components of the autoencoder and are not supervised classifiers. No RF, SVM, CNN classifier, LSTM classifier, or other supervised attack-classification stage follows anomaly detection. Thus, the paper is excluded under EC1, with EC4 as a secondary exclusion criterion.",,,Excluded
R0579,SpringerLink,2026-07-06,False,Firefly Algorithm Optimized Hybrid Deep Learning Framework for Intrusion Detection in IoT Environments,Samar M. ZayedSamah AlshathriWalid El-Shafai,2026,International Journal of Computational Intelligence Systems,10.1007/s44196-026-01178-2,https://link.springer.com/article/10.1007/s44196-026-01178-2,Article,Yes,Unique,Passed,,OpenAlex,Uncertain,The paper proposes a purely supervised hybrid deep learning framework (CNN-RNN) without an unsupervised anomaly detection component in a cascade or two-stage architecture.,"IC1, IC2",EC3,Excluded,EC3,Excluded,"Excluded primarily under EC1. The paper proposes FA-CNN-RNN, a Firefly Algorithm-optimized hybrid deep-learning IDS for general IoT environments. Although the introduction mentions IoMT as one application domain of IoT, the proposed system is not specifically designed or evaluated for medical devices, patient monitoring, wearables, hospital networks, or smart-healthcare systems. Its experiments use NF-BoT-IoT-v2 and IoTID20, which represent generic IoT and smart-home traffic. The paper also fails IC3 and falls under EC3. The architecture consists of SMOTE, Firefly Algorithm-based feature selection, CNN spatial feature extraction, RNN temporal modelling, and supervised binary or multiclass classification. FA is a feature-selection optimizer, SMOTE is an oversampling method, and CNN–RNN is a supervised deep-learning fusion model. No autoencoder, one-class classifier, clustering method, reconstruction-error threshold, or other unsupervised anomaly-detection stage is integrated with the supervised classifier.",,,Excluded
R0580,SpringerLink,2026-07-06,False,Lightweight and interpretable edge intelligence AI with intrusion detection for trustworthy cardiac arrhythmia in medical IoT,Muhammad Imran KhalidAltaf HussainNasir HussainTamim Alkhalifah,2026,Scientific Reports,10.1038/s41598-026-43578-6,https://link.springer.com/article/10.1038/s41598-026-43578-6,Article,Yes,Unique,Passed,,OpenAlex,Uncertain,"The paper addresses MIoT with arrhythmia detection and includes an intrusion detection module, but the abstract does not clearly describe whether the intrusion detection component uses a hybrid architecture combining unsupervised anomaly detection with supervised classification.","IC1, IC2",,Excluded,EC3,Excluded,"Excluded under EC3. The paper proposes CLARITY-AI 2.0, a Medical IoT cardiac-monitoring framework integrating optimized LightGBM arrhythmia classification, explainability, and a lightweight IDS-derived trust score. The IDS is evaluated using CICIoMT2024 and X-IoMTDataset after harmonizing labels into benign and attack classes, indicating a supervised binary classification design. It outputs an attack probability, from which the trust score is calculated as T = 1 − p_attack; samples below a threshold are flagged as untrusted. No autoencoder, one-class classifier, clustering model, Isolation Forest, reconstruction-error mechanism, or other independently trained unsupervised anomaly detector is implemented in combination with a supervised attack classifier. The paper’s “hybrid” terminology primarily refers to its 40-feature ECG representation and integration of clinical, security, and explainability modules. Cardiac arrhythmia anomaly detection is a medical signal-classification task and cannot serve as the unsupervised cybersecurity component required by IC3. Therefore, the paper fails IC3 and is excluded under EC3.",,,Excluded
R0591,SpringerLink,2026-07-06,False,Smart SDN-IoT Intrusion Detection for Healthcare via Hybrid Global Mask Transformer,Srinivas Rao kalupukuruGovardhan reddy NagireddyMalathi GangadaAnil Kumar KandukuriSatyasree RajulapatiYugandhar yerraMadhumita Loya,2026,Wireless Personal Communications,10.1007/s11277-026-12144-8,https://link.springer.com/article/10.1007/s11277-026-12144-8,Article,Yes,Unique,Passed,,Springer,Uncertain,The paper proposes a purely supervised deep learning method (Global Mask Transformer with feature selection) without any unsupervised anomaly detection component in a hybrid architecture.,"IC1, IC2",EC3,Excluded,EC3,Excluded,"Excluded under EC3. The paper proposes a healthcare SDN-IoT intrusion-detection framework based on Hybrid Tent Chaos-assisted Harris Hippo Optimization for feature selection and a supervised 1D Hybrid Global Mask Transformer classifier. The deep-learning architecture combines one-dimensional convolution, global masked self-attention, residual connections, linear layers, and softmax classification to distinguish normal traffic and multiple attack classes. Although the authors describe the model as hybrid and claim improved zero-day detection, the architecture does not include an unsupervised anomaly-detection component. HTC-HHO is a metaheuristic feature-selection algorithm, SMOTE is a class-balancing method, and the Transformer–CNN model is trained using labelled traffic classes. No autoencoder, one-class classifier, clustering method, Isolation Forest, reconstruction-error threshold, or separate anomaly-routing stage is implemented. Therefore, the paper fails IC3 and is excluded under EC3.",,,Excluded
R0592,SpringerLink,2026-07-06,False,IoHT attack detection using transformer-aware feature selection with CNN-BiLSTM optimized by hybrid WOA–GWO,Tanvir Rahman AkashAbdul Azeem MohammedAbdullah Al FarooqIsmoth ZerineMd Humayun KabirChala Wata,2025,Discover Artificial Intelligence,10.1007/s44163-025-00757-0,https://link.springer.com/article/10.1007/s44163-025-00757-0,Article,Yes,Unique,Passed,,OpenAlex,Uncertain,The paper proposes a purely supervised classification approach (CNN-BiLSTM with feature selection and optimization) without any unsupervised anomaly detection stage in a hybrid architecture.,"IC1, IC2",EC3,Excluded,EC3,Excluded,"Excluded under EC3. The paper proposes an IoHT intrusion-detection pipeline combining Transformer-Aware Wrapper Feature Selection, a CNN–BiLSTM classifier, and hybrid WOA–GWO hyperparameter optimization. The study is explicitly healthcare-oriented and evaluates the model on an ICU-based IoHT dataset containing labelled Normal and Attack traffic. However, the architecture does not contain an unsupervised anomaly-detection component. TAW-FS uses transformer attention and supervised wrapper evaluation to select features according to validation classification metrics. CNN and BiLSTM are trained end-to-end with labelled classes using categorical cross-entropy, while WOA–GWO optimizes supervised model hyperparameters. No autoencoder, one-class classifier, clustering method, Isolation Forest, reconstruction-error detector, or anomaly-routing stage is implemented. Therefore, the paper fails IC3 and is excluded under EC3.",,,Excluded
R0599,SpringerLink,2026-07-06,False,DQ-PAA: an efficient autonomous architecture based on dual cellular Q-LEARNING for intrusion detection in the healthcare system in the internet of things context,Milad TajikHassan ShakeriAli Akbar NeghabiYasser Elmi SolaMohammad Hossein Moattar,2026,Cluster Computing,10.1007/s10586-026-06211-9,https://link.springer.com/article/10.1007/s10586-026-06211-9,Article,Yes,Unique,Passed,,Springer,Uncertain,"The paper addresses IoT-based healthcare systems (IC1), proposes an intrusion detection system (IC2), and combines deep learning-based anomaly detection with a dual Q-Learning decision mechanism in a multi-stage architecture (IC3).","IC1, IC2, IC3",,Excluded,EC3,Excluded,"Excluded under EC3. The paper proposes DQ-PAA, a multi-stage healthcare IoT intrusion-detection architecture combining Horse Herd Optimization feature selection, a Bi-LSTM detector, and dual cellular Q-Learning for adaptive intrusion response. Although the Bi-LSTM component is called an anomaly detector, it is trained as a supervised classifier using a softmax output and categorical cross-entropy loss, and the paper’s conclusion explicitly describes it as supervised temporal learning. The Bi-LSTM produces a malicious-activity probability or anomaly score, which is then used as the state input to the dual Q-Learning module. Q-Learning selects operational responses such as allowing traffic, blocking a connection, isolating a node, or issuing an alert; it does not perform supervised attack classification. HHO is a feature-selection optimizer rather than an anomaly detector. Consequently, the architecture combines supervised detection with reinforcement-learning-based response optimization, not unsupervised anomaly detection with supervised classification. The paper therefore fails IC3 and is excluded under EC3.",,,Excluded
R0600,SpringerLink,2026-07-06,False,Hybrid feature selection for IoMT based intrusion detection system for integrating mutual information filtering with deep learning based accelerated metaheuristic optimization,Saranya PalaniappanSudhakar Sengan,2026,Scientific Reports,10.1038/s41598-026-47264-5,https://link.springer.com/article/10.1038/s41598-026-47264-5,Article,Yes,Unique,Passed,,OpenAlex,Uncertain,"The paper proposes a hybrid feature selection method combining mutual information filtering with metaheuristic optimization for IoMT intrusion detection, but does not describe a hybrid IDS architecture that combines unsupervised anomaly detection with supervised classification.","IC1, IC2",EC3,Excluded,EC3,Excluded,"Excluded under EC3. The paper proposes MI + DL-BDA, a hybrid feature-selection framework for IoMT intrusion detection that combines Mutual Information filtering, correlation-based redundancy removal, Binary Dragonfly Algorithm wrapper optimization, and ProxyNet, an MLP with Efficient Channel Attention. The architecture does not contain an unsupervised anomaly-detection component. Mutual Information is computed against binary benign/malicious ground-truth labels, making it a supervised filter method. BDA searches for an optimal feature subset and does not perform anomaly detection or classification. ProxyNet is trained using labelled data, a sigmoid attack-probability output, and class-weighted binary cross-entropy, and is used as a frozen supervised fitness evaluator during wrapper search. Consequently, the hybridization refers to filter-plus-wrapper feature selection rather than unsupervised anomaly detection combined with supervised attack classification. The paper therefore fails IC3 and is excluded under EC3.",,,Excluded
R0601,SpringerLink,2026-07-06,False,Hybrid optimization-based quantum-driven multi-relational graph attention networks for enhanced cyber attack detection in medical IoT networks,R. Krishna KumariC. R. KomalaE. Afreen BanuM. SivaramkrishnanM. Siva RamkumarK. SekarKhursheed MuzammilSaiful IslamAmanuel Zewdie,2026,Scientific Reports,10.1038/s41598-026-50010-6,https://link.springer.com/article/10.1038/s41598-026-50010-6,Article,Yes,Unique,Passed,,OpenAlex,Uncertain,The paper proposes a purely supervised classification approach using Graph Attention Networks without incorporating unsupervised anomaly detection components in a hybrid architecture.,"IC1, IC2",EC3,Excluded,EC3,Excluded,"Excluded under EC3. The paper proposes MREQGAN-DSA, a Medical IoT cyberattack-detection framework combining CHO-PRS feature selection, a Multi-Relational Equivariant Quantum Graph Attention Network, and Duck Swarm Algorithm-based hyperparameter optimization. The MRGAT encoder learns relation-aware graph embeddings, while the REQNN decoder performs supervised classification into normal and labelled attack classes. CHO-PRS is a feature-selection optimizer, DSA is a hyperparameter tuner, and knowledge-graph construction is an input-representation process; none functions as an independent unsupervised anomaly detector. The framework does not use benign-only training, reconstruction error, clustering, a one-class objective, Isolation Forest, or an anomaly-routing stage followed by supervised classification. Therefore, the paper fails IC3 and is excluded under EC3.",,,Excluded
R0614,SpringerLink,2026-07-06,False,AQU-IMF-RFE: an extended feature selection method for intrusion detection in IoMT data using aquila optimization-based mutual information and recursive feature elimination,Shaik Johny BashaD. VeeraiahSumalatha Lingamgunta,2025,Discover Internet of Things,10.1007/s43926-025-00211-8,https://link.springer.com/article/10.1007/s43926-025-00211-8,Article,Yes,Unique,Passed,,OpenAlex,Uncertain,The paper focuses solely on feature selection methods for IDS classification without proposing a hybrid architecture combining unsupervised anomaly detection with supervised classification stages.,"IC1, IC2",EC3,Excluded,EC3,Excluded,"Excluded under EC3. The paper proposes AQU-IMF-RFE, a three-stage hybrid feature-selection method combining Mutual Information, Aquila Optimization, and Recursive Feature Elimination for IoMT-oriented intrusion detection. Mutual Information ranks features according to their association with labelled benign and attack classes; Aquila Optimization searches for an optimal non-redundant feature subset; and RFE/RFECV iteratively removes features using supervised classifier feedback. The selected subsets are evaluated using supervised models including Logistic Regression, Naive Bayes, AdaBoost, MLP, CNN, DNN, and RNN. No autoencoder, one-class classifier, clustering method, Isolation Forest, reconstruction-error model, or other operational unsupervised anomaly detector is implemented. Statistical outlier removal is only a preprocessing operation, while SMOTE is used for labelled class balancing. Consequently, the term hybrid refers to the combination of filter, metaheuristic, and recursive feature-selection methods rather than unsupervised anomaly detection combined with supervised classification. The paper therefore fails IC3 and is excluded under EC3. A secondary concern is that UNSW-NB15, Bot-IoT, and CICIDS2017 are generic network or IoT datasets rather than healthcare-specific IoMT datasets",,,Excluded
R0624,SpringerLink,2026-07-06,False,Advanced intrusion detection in internet of things-driven health care with adaptive generative vision transformer network and generative vision transformers,T. ThiyaguS. Krishnaveni,2025,Knowledge and Information Systems,10.1007/s10115-025-02566-4,https://link.springer.com/article/10.1007/s10115-025-02566-4,Article,Yes,Unique,Passed,,Springer,Uncertain,The paper proposes a purely supervised generative vision transformer approach without incorporating unsupervised anomaly detection in a hybrid architecture.,"IC1, IC2",EC3,Excluded,EC3,Excluded,"Excluded under EC3. The paper proposes AG-ViTNet, a healthcare IoT intrusion-detection framework combining an adaptive GAN, a Vision Transformer, SHAP-based feature analysis, and incremental wrapper subset selection. Although GAN training is generative and the paper refers to anomaly detection and learned normal behaviour, the detailed methodology primarily uses the adaptive GAN to generate synthetic samples, address class imbalance, and improve the supervised Vision Transformer classifier. The final model is trained using true class labels and cross-entropy loss and outputs probability-based Normal or Intrusion predictions. No distinct GAN-derived anomaly score, reconstruction-error threshold, benign-only training procedure, discriminator-based intrusion decision, or anomaly-routing stage is specified or independently evaluated. SHAP and IWSSr perform feature analysis and supervised wrapper selection, while SMOTE and GAN provide data augmentation. Therefore, the architecture does not clearly combine an operational unsupervised anomaly detector with a supervised classifier and fails IC3.",,,Excluded
R0647,SpringerLink,2026-07-06,False,An integrated framework of blockchain and federated learning with explainable AI for enhanced security of IoT healthcare systems,Kedar Nath SinghAnuj Kumar Singh,2025,International Journal of Information Technology,10.1007/s41870-025-02873-7,https://link.springer.com/article/10.1007/s41870-025-02873-7,Article,Yes,Unique,Passed,,Springer,Uncertain,"The paper addresses IoT healthcare systems with a CNN-BiLSTM-Attention model for unsupervised anomaly detection integrated into a multi-layer framework, meeting all inclusion criteria for hybrid IDS in IoMT environments.","IC1, IC2, IC3",,Excluded,EC3,Excluded,"Excluded under EC3. The paper proposes FLBCXAI-IoT, a healthcare IoT security framework integrating a CNN–BiLSTM–Attention detector, blockchain-verified federated learning, attention and SHAP explainability, and adaptive mitigation. Although the abstract describes Phase 1 as unsupervised anomaly detection, the implemented detector is trained as a supervised binary classifier. It predicts class probabilities through softmax or sigmoid activation and is optimized using binary cross-entropy against labelled normal and malicious traffic. Federated learning decentralizes the training of this classifier, while blockchain validates and aggregates encrypted model updates. The blockchain deviation threshold operates on model parameters rather than network samples and therefore is not an unsupervised traffic anomaly detector. SHAP, attention, and the adaptive-response module provide explanation and mitigation but do not create a separate unsupervised detection stage. No autoencoder, one-class classifier, clustering mechanism, Isolation Forest, reconstruction-error threshold, or benign-only anomaly model is implemented. Consequently, the paper fails IC3 and is excluded under EC3.",,,Excluded
R0654,SpringerLink,2026-07-06,False,Advancing Federated Learning Frameworks for Privacy-preserving Cyber Threat Detection in Healthcare Systems,Anayo Chukwu IkegwuUzoma Rita AloHenry Friday NwekeDeborah Uzoamaka Ebem,2026,International Journal of Computational Intelligence Systems,10.1007/s44196-026-01274-3,https://link.springer.com/article/10.1007/s44196-026-01274-3,Article,Yes,Unique,Passed,,OpenAlex,Uncertain,"The paper focuses on federated learning with privacy mechanisms (DP, HE) for threat detection using purely supervised neural networks (Dense, CNN, LSTM, GRU) without any unsupervised anomaly detection component in a cascade or hybrid architecture.","IC1, IC2",EC3,Excluded,EC3,Excluded,"Excluded under EC3. The paper evaluates Dense, CNN, LSTM, and GRU intrusion classifiers under centralized and federated configurations, including FedAvg, FedAvg+DP, FedAvg+HE, and FedAvg+DP+HE. The intrusion-detection task is formulated as supervised binary classification of benign versus malicious traffic. All four models use labelled data, sigmoid output activation, and binary cross-entropy loss. Although the preprocessing section mentions an autoencoder for dimensionality reduction, the autoencoder is not used as an operational anomaly detector: no reconstruction error, benign-only training, anomaly threshold, independent anomaly decision, or anomaly-to-classifier routing is specified. Differential privacy and homomorphic encryption protect model updates, while federated learning decentralizes supervised training; none acts as an unsupervised traffic detector. Therefore, the paper fails IC3 and is excluded under EC3.",,,Excluded
R0659,SpringerLink,2026-07-06,False,Criticality aware behavioural intrusion detection for XACML integrated virtual ward IoMT systems,Fan ZhangSenrun ZhiHaoyuan ChenBernard Butler,2026,Discover Networks,10.1007/s44354-026-00027-0,https://link.springer.com/article/10.1007/s44354-026-00027-0,Article,Yes,Unique,Passed,,OpenAlex,Uncertain,"The paper addresses IoMT virtual ward systems (IC1) and proposes an intrusion detection system called CritIDS (IC2), but the abstract describes only behavioral anomaly detection on command sequences and timing patterns without explicitly confirming a hybrid architecture combining unsupervised anomaly detection with supervised classification (IC3).","IC1, IC2",,Excluded,EC4,Excluded,"Excluded under EC4. The paper proposes CritIDS, a criticality-aware behavioural anomaly-detection system integrated with XACML for virtual-ward IoMT environments. The model is trained exclusively on normal traffic and combines a TCN-based sequence-prediction pathway with a CWT-based autoencoder timing-reconstruction pathway. Prediction and reconstruction errors are fused to detect sequence, timing, and compound anomalies. However, the architecture contains no distinct supervised attack-classification stage. The TCN cross-entropy objective predicts normal categorical behaviour rather than labelled attack classes. Therefore, the paper fails IC3 and is excluded under EC4",,,Excluded
R0681,SpringerLink,2026-07-06,False,A secure IoT-edge architecture with data-driven AI techniques for early detection of cyber threats in healthcare,Mamta KumariMahendra GaikwadSalim A. Chavan,2025,Discover Internet of Things,10.1007/s43926-025-00147-z,https://link.springer.com/article/10.1007/s43926-025-00147-z,Article,Yes,Unique,Passed,,OpenAlex,Uncertain,"The paper addresses IoMT intrusion detection using VAEs and supervised classifiers (XGBoost, Random Forest, SVM), but the abstract does not clearly specify whether these are combined in a hybrid cascade/two-stage architecture or evaluated separately.","IC1, IC2",,Excluded,EC3,Excluded,"Excluded under EC3. The paper evaluates VAE, Random Forest, SVM, XGBoost, LightGBM, Logistic Regression, and FNN for binary normal-versus-spoofing detection using WUSTL-EHMS-2020. Although it mentions coupling VAE feature extraction with XGBoost, the implemented methodology and results treat the models as independent alternatives. No VAE reconstruction threshold, benign-only anomaly model, anomaly-routing stage, or combined VAE–XGBoost performance is provided. Therefore, the study does not demonstrate an operational hybrid architecture combining unsupervised anomaly detection with supervised classification.",,,Excluded
R0682,SpringerLink,2026-07-06,False,A novel IoT threat detection using GWO feature selection and CNN-enhanced LightGBM,Tarek AbidAhmed AhmimFaiz MaazouziDjalel ChefrourInsaf UllahMarwa AhmimReham Almukhlifi,2025,Journal of Cloud Computing,10.1186/s13677-025-00785-2,https://link.springer.com/article/10.1186/s13677-025-00785-2,Article,Yes,Unique,Passed,,OpenAlex,Uncertain,The paper proposes a hybrid IDS for IoMT (evaluated on CICIoMT2024 dataset) combining LightGBM supervised classification with CNN acting as a deep feature extractor and final classifier in a cascaded architecture.,"IC1, IC2, IC3",,Excluded,EC3,Excluded,"Excluded under EC3. The paper proposes a supervised IoT intrusion-detection pipeline combining GWO feature selection, LightGBM, and CNN. GWO selects relevant features, LightGBM learns labelled attack patterns and produces leaf-index representations, and a CNN processes these representations for final multiclass classification. GWO is a metaheuristic optimizer rather than an anomaly detector, while both LightGBM and CNN are supervised components. No unsupervised anomaly-detection model or anomaly-to-classification cascade is implemented. Therefore, the paper fails IC3 and is excluded under EC3.",,,Excluded
R0694,SpringerLink,2026-07-06,False,A deep dive into artificial intelligence with enhanced optimization-based security breach detection in internet of health things enabled smart city environment,S JayanthiSodagudi SuhasiniN. SharmiliE. Laxmi LydiaV. ShwethaBibhuti Bhusan DashMrinal Bachute,2025,Scientific Reports,10.1038/s41598-025-05850-z,https://link.springer.com/article/10.1038/s41598-025-05850-z,Article,Yes,Unique,Passed,,OpenAlex,Uncertain,The paper uses only supervised deep learning (DBN with optimized hyperparameters) for attack classification without any unsupervised anomaly detection component in a hybrid architecture.,"IC1, IC2",EC3,Excluded,EC3,Excluded,"Excluded under EC3. The paper proposes SADDBN-AMOA, combining SMO-based feature selection, IHHO-based hyperparameter optimization, and a DBN for binary normal-versus-attack classification. Although the DBN uses unsupervised RBM pretraining before supervised fine-tuning, the pretraining does not operate as a distinct anomaly-detection component: no anomaly score, benign-only detector, decision threshold, or anomaly-to-classifier cascade is implemented. SMO and IHHO are optimization algorithms rather than intrusion detectors. Therefore, the paper fails IC3.",,,Excluded
R0721,SpringerLink,2026-07-06,False,An intelligent attention based deep convoluted learning (IADCL) model for smart healthcare security,J. MaruthupandiS. SivakumarB. Lakshmi DheviS. PrasannaR. Karpaga PriyaShitharth Selvarajan,2025,Scientific Reports,10.1038/s41598-024-84691-8,https://link.springer.com/article/10.1038/s41598-024-84691-8,Article,Yes,Unique,Passed,,OpenAlex,Uncertain,"The paper addresses smart healthcare IoT security with intrusion detection using feature selection (IRKO) and classification (AConBN), but the abstract does not clearly indicate if IRKO involves unsupervised anomaly detection or is purely a feature selection method, requiring full text review to confirm IC3.","IC1, IC2",,Excluded,EC3,Excluded,"Excluded under EC3. The paper proposes IADCL, combining clustering-based data imputation, IRKO feature selection, an attention-based CNN–BiLSTM classifier, and SA-HHO weight optimization. The clustering operation is limited to preprocessing and class balancing and does not function as an operational anomaly detector. AConBN is a supervised intrusion classifier, while IRKO and SA-HHO are optimization mechanisms. No distinct unsupervised anomaly-detection stage is combined with supervised classification. The study therefore fails IC3. Its evaluation also relies on generic IDS datasets rather than healthcare-specific IoMT datasets.",,,Excluded
R0723,SpringerLink,2026-07-06,False,MLRA-Sec: an adaptive and intelligent cyber-security-assessment model for internet of medical things (IoMT),Sondes KsibiFaouzi JaidiAdel Bouhoula,2024,International Journal of Information Security,10.1007/s10207-024-00923-y,https://link.springer.com/article/10.1007/s10207-024-00923-y,Article,Yes,Unique,Passed,,Springer,Uncertain,"The paper addresses IoMT and includes ML-based anomaly detection for intrusion detection (IC1, IC2 met), but the abstract does not clearly specify whether the system combines unsupervised anomaly detection with supervised classification in a hybrid architecture.","IC1, IC2",,Excluded,EC3,Excluded,"Excluded under EC3. MLRA-Sec integrates machine-learning-based intrusion detection with layered IoMT risk assessment and supervised risk-level classification. The network abnormality-detection stage evaluates supervised classifiers, including DT, RF, GB, SGD, Perceptron, and LSVC, on labelled benign and DoS/DDoS traffic from BoTNeT-IoT. Random Forest is selected as the primary detector. The subsequent supervised model classifies calculated risk values into five risk levels, rather than classifying anomalies detected by an unsupervised model into attack categories. No benign-only anomaly model, autoencoder, one-class classifier, clustering detector, Isolation Forest, or reconstruction-error mechanism is implemented. Therefore, the paper fails IC3.",,,Excluded
R0734,SpringerLink,2026-07-06,False,A hybrid spiking convolutional neural framework with extreme learning machine for enhanced anomaly detection in network security,Weiqi Li,2026,Scientific Reports,10.1038/s41598-026-46811-4,https://link.springer.com/article/10.1038/s41598-026-46811-4,Article,Yes,Unique,Passed,,OpenAlex,Uncertain,"The paper addresses general network security and cybersecurity systems without specific focus on IoMT or healthcare environments, failing to meet IC1.",IC2,EC1,Excluded,EC1,Excluded,"Excluded primarily under EC1. The paper proposes a generic network-security anomaly detector evaluated on NAB and CIC-IDS2017, without a medical-device, hospital, wearable-health, patient-monitoring, or smart-healthcare context. It also falls under EC4 because the SCNN–OeSNN–ELM framework is an unsupervised streaming anomaly detector. Spiking convolutional layers extract temporal features, OeSNN performs online evolving categorization, and ELM analytically optimizes reservoir output weights. The final decision is based on prediction error and neuron activation, with no distinct supervised attack classifier. Therefore, the paper fails IC1 and IC3.",,,Excluded
R0738,SpringerLink,2026-07-06,False,Cloud assisted blockchain-enabled split federated learning framework for security and privacy-preserving of IoMT in healthcare 5.0,Abdullah BaihanNatalia KryvinskaMohammed AmoonWeiwei JiangZabeeh UllahMuhammad Shafiq,2026,Scientific Reports,10.1038/s41598-026-41771-1,https://link.springer.com/article/10.1038/s41598-026-41771-1,Article,Yes,Unique,Passed,,OpenAlex,Uncertain,"The paper addresses IoMT intrusion detection (IC1, IC2 met) using a hybrid DL model (BiLSTM + CNN) for threat detection, but the abstract does not clearly describe an unsupervised anomaly detection stage combined with supervised classification in a cascade/two-stage architecture�the hybrid appears to be multi-layer supervised components rather than unsupervised-then-supervised.","IC1, IC2",,Excluded,EC3,Excluded,"Excluded under EC3. The paper proposes a blockchain-enabled Split Federated Learning framework in which a client-side CNN extracts spatial features and a server-side BiLSTM performs supervised benign-versus-attack classification. The model is trained using labelled samples, Softmax output, and categorical cross-entropy. Blockchain and PBFT validate model updates and provide decentralized trust, while SFL protects data privacy and distributes computation. These mechanisms do not constitute an unsupervised anomaly-detection stage. No autoencoder, one-class classifier, clustering model, Isolation Forest, benign-only training, reconstruction-error threshold, or anomaly-to-classifier cascade is implemented. Therefore, the paper fails IC3.",,,Excluded
R0745,SpringerLink,2026-07-06,False,"AI-HealthChain: A Blockchain and Artificial Intelligence-Integrated Framework for Secure Healthcare IoT with Enhanced Performance, Energy Efficiency, and Safety",Saurabh JainAdarsh Kumar,2026,Cognitive Computation,10.1007/s12559-026-10616-4,https://link.springer.com/article/10.1007/s12559-026-10616-4,Article,Yes,Unique,Passed,,Springer,Uncertain,"The paper addresses IoMT/healthcare IoT (IC1), implements intrusion detection via autoencoder for security attacks (IC2), and employs a hybrid architecture combining unsupervised autoencoder for anomaly detection with CNN-based mechanisms in a federated learning framework (IC3).","IC1, IC2, IC3",,Excluded,EC4,Excluded,"Excluded under EC4. AI-HealthChain integrates federated learning, blockchain, Adaptive Proof of Utility, CNN-based NeuroHash, NLP-driven smart contracts, and local autoencoders. The operational attack-detection component is purely unsupervised: each autoencoder learns normal healthcare transaction patterns and detects anomalies using a reconstruction-error threshold. No supervised RF, SVM, CNN, LSTM, or other attack-classification stage follows the anomaly detector. NeuroHash performs cryptographic hashing, PPO optimizes consensus-node selection, and NLP generates smart contracts; these components are not supervised IDS classifiers. Therefore, the paper fails IC3 and is excluded under EC4.",,,Excluded
R0772,SpringerLink,2026-07-06,False,Privacy-preserving healthcare data in IoT: a synergistic approach with deep learning and blockchain,Behnam Rezaei BezanjaniSeyyed Hamid GhafouriReza Gholamrezaei,2025,The Journal of Supercomputing,10.1007/s11227-025-06980-x,https://link.springer.com/article/10.1007/s11227-025-06980-x,Article,Yes,Unique,Passed,,SemanticScholar,Uncertain,"The paper addresses IoMT (IC1) and implements anomaly detection with LSTM for threat identification (IC2), but the abstract describes only a single LSTM model for 'anomaly detection and classification' without clearly confirming a hybrid architecture combining unsupervised anomaly detection with supervised classification stages (IC3 unclear).","IC1, IC2",,Excluded,EC3,Excluded,"Excluded under EC3. The paper proposes a three-phase healthcare IoT security framework integrating reputation-based trust estimation, blockchain-based privacy preservation, a Variational Autoencoder, and a lightweight LSTM classifier. Although the VAE is an unsupervised model, it is used to transform and protect sensitive data against inference attacks rather than as an operational anomaly detector. The paper does not define a VAE reconstruction-error threshold, independent anomaly score, benign-only anomaly decision, or routing of VAE-detected anomalies to the LSTM. The final threat-detection task is performed by the supervised lightweight LSTM on labelled normal and attack classes. Therefore, the architecture does not clearly meet IC3 and is excluded under EC3.",,,Excluded
R0776,SpringerLink,2026-07-06,False,Stacked autoencoder with weighted loss function for intrusion detection in IoT application,Rekha GangulaMurali Mohan VutukuruM. Ranjeeth Kumar,2024,Multimedia Tools and Applications,10.1007/s11042-024-19962-7,https://link.springer.com/article/10.1007/s11042-024-19962-7,Article,Yes,Unique,Passed,,Springer,Uncertain,"Paper addresses IoT intrusion detection with SAE (unsupervised) and OCSVM classifier, but OCSVM is typically one-class (unsupervised) rather than multi-class supervised classification, making the hybrid architecture unclear without full text.","IC1, IC2",,Excluded,EC1,Excluded,"Excluded primarily under EC1. The paper proposes a generic IoT intrusion-detection framework evaluated on Bot-IoT and ToN-IoT, without a medical-device, patient-monitoring, wearable-health, hospital, or smart-healthcare context. It also fails IC3 and falls under EC4. The architecture combines a stacked autoencoder trained through reconstruction loss with a One-Class SVM that learns a target-class boundary and flags observations outside that boundary as anomalies. Both components operate within an unsupervised or one-class anomaly-detection paradigm, and no distinct supervised attack-classification stage is implemented. Firefly Optimization performs feature selection, while AdaSYN addresses class imbalance; neither satisfies the supervised component required by IC3.",,,Excluded
R0802,SpringerLink,2026-07-06,False,Enhancing security in connected medical IoT networks through deep learning-based anomaly detection,Ismaila SyBirahime DioufAbdou Khadre DiopCyril DrocourtDavid Durand,2024,"Mobile, Secure, and Programmable Networking",10.1007/978-3-031-52426-4_7,https://link.springer.com/chapter/10.1007/978-3-031-52426-4_7,Conference paper,Yes,Unique,Passed,,Springer,Uncertain,"The paper uses purely supervised deep learning architectures (MLP, LSTM, CNN, CNN-LSTM) without an unsupervised anomaly detection component in a hybrid cascade design.","IC1, IC2",EC3,Excluded,EC3,Excluded,"Excluded under EC3. The paper proposes a medical-IoT-oriented intrusion-detection study evaluating MLP, CNN, LSTM, and hybrid CNN–LSTM models for binary normal-versus-malicious classification and multiclass attack classification. All implemented models are supervised deep-learning classifiers trained on labelled traffic. The hybrid CNN–LSTM combines spatial feature extraction and temporal modelling, but it does not include an unsupervised anomaly-detection stage. No autoencoder, one-class classifier, clustering model, Isolation Forest, reconstruction-error threshold, or anomaly-to-classifier cascade is implemented. Therefore, the paper fails IC3 and is excluded under EC3.",,,Excluded
R0816,SpringerLink,2026-07-06,False,Secure IoT Medical Data Storage and Intrusion Detection Using Blockchain Encryption and Optimized Two-Branch Attention Adversarial Transformer,B. H. Baba Fakruddin AliM. A. GunavathieP. KarthigaikumarT. Giri babu,2025,Biomedical Materials & Devices,10.1007/s44174-025-00587-9,https://link.springer.com/article/10.1007/s44174-025-00587-9,Article,Yes,Unique,Passed,,Springer,Uncertain,The system uses a Two-Branch Attention Adversarial Transformer for intrusion detection but does not demonstrate a hybrid architecture combining unsupervised anomaly detection with supervised classification in a cascade or two-stage design.,"IC1, IC2",EC3,Excluded,EC3,Excluded,"Excluded under EC3. The paper proposes BBMDH-OTBAAT, an IoMT healthcare security framework integrating blockchain storage, cryptographic key exchange, two-branch Transformer feature extraction, adversarial domain adaptation, and supervised trusted-versus-malicious classification. The generator and discriminator are used to align source and target feature distributions, while classifiers F1 and F2 are trained using labelled source-domain data and cross-entropy loss. The final intrusion decision is produced by a Softmax classification head. No operational unsupervised anomaly detector, such as an autoencoder with reconstruction threshold, one-class classifier, clustering model, or Isolation Forest, is implemented. Therefore, the architecture fails IC3 and is excluded under EC3.",,,Excluded
R0830,SpringerLink,2026-07-06,False,Energy-efficient threat detection in IoT healthcare using AI and blockchain-enhanced fog–cloud architecture,Malak AlamriNoshina TariqMamoona HumayunMenwa Alshammeri,2026,Cluster Computing,10.1007/s10586-025-05932-7,https://link.springer.com/article/10.1007/s10586-025-05932-7,Article,Yes,Unique,Passed,,OpenAlex,Uncertain,The paper uses only supervised XGBoost classifiers at fog and cloud levels without any unsupervised anomaly detection component in the hybrid architecture.,"IC1, IC2",EC3,Excluded,EC3,Excluded,"Excluded under EC3. The paper proposes a healthcare-oriented fog–cloud intrusion-detection architecture that uses Smart AFSO-tuned XGBoost classifiers at the fog and cloud layers, SMOTE for class balancing, and lightweight blockchain logging for tamper-evident prediction records. The detection models are supervised classifiers trained on labelled benign and attack traffic. Smart AFSO is a hyperparameter optimizer, SMOTE is a supervised data-balancing method, and blockchain provides auditability rather than anomaly detection. No autoencoder, one-class classifier, Isolation Forest, clustering model, reconstruction-error threshold, benign-only detector, or other operational unsupervised anomaly-detection component is implemented. Therefore, the paper fails IC3 and is excluded under EC3. A secondary concern is that BoT-IoT and ToN-IoT are generic IoT/IIoT datasets rather than healthcare-specific IoMT datasets.",,,Excluded
R0853,SpringerLink,2026-07-06,False,An Intuitive Security Paradigm Based on Novel Deep Learning Model for the Detection of Cyber-Assaults in IoHT Networks,M. GaneshP. SenthilP. Jesu JayarinR. Lakshmi PriyaS. Ramani,2025,"Iranian Journal of Science and Technology, Transactions of Electrical Engineering",10.1007/s40998-025-00921-3,https://link.springer.com/article/10.1007/s40998-025-00921-3,Article,Yes,Unique,Passed,,Springer,Uncertain,"The paper addresses IoHT intrusion detection (IC1, IC2) and uses deep learning classification (Hy-DCTMN), but does not clearly describe an unsupervised anomaly detection component in cascade/hybrid with supervised classification (IC3 unclear).","IC1, IC2",,Excluded,EC3,Excluded,"Excluded under EC3. The paper proposes SIMSec, an IoHT intrusion detection framework combining Chaotic Billiards Optimization (ChBO) for feature selection, a Hybrid Deep Convoluted Term Memory Network (Hy-DCTMN, CNN+LSTM) for classification, and Cat-Cheetah Optimized Parameter Tuning (C2OPT) for hyperparameter tuning. It is IoHT-relevant and evaluated on ECU-IoHT, MQTTset, and EMBER datasets. However, the architecture is single-stage/purely supervised: Hy-DCTMN is the only detection component and is fully supervised (CNN+LSTM classification of normal vs. attack). ChBO and C2OPT are metaheuristic optimization algorithms (feature selection and hyperparameter tuning respectively), not unsupervised anomaly-detection stages. The paper therefore fails IC3 and is excluded under EC3.",,,Excluded
R0893,SpringerLink,2026-07-06,False,GEN-SECHEALTH: an AI-powered generative architecture for self-scalable cybersecurity and flexible data privacy protection in intricate healthcare systems,Sajid MehmoodRashid AminAntonio CostanzoAsma Hassan AlshehriFaisal S. Alsubaei,2026,Journal of Big Data,10.1186/s40537-026-01373-0,https://link.springer.com/article/10.1186/s40537-026-01373-0,Article,Yes,Unique,Passed,,OpenAlex,Uncertain,"The paper addresses healthcare systems cybersecurity with anomaly detection using GANs/VAEs for synthetic data generation and ensemble classification (RF, SVM, LSTM), but it's unclear if the VAE/GAN serves as an unsupervised anomaly detector in cascade with supervised classifiers or only for data augmentation.","IC1, IC2",,Excluded,EC3,Excluded,"Excluded under EC3. GEN-SECHEALTH uses GANs and VAEs to generate privacy-preserving synthetic data for training-set augmentation, and an ensemble of Random Forest, SVM, and LSTM (all supervised classifiers) as the actual anomaly detection engine, combined via confidence-weighted voting. It is validated on a genuine healthcare dataset (EHR access logs) among three domains, with a real-world PACS ransomware simulation. However, the detection architecture is single-stage/purely supervised: GAN and VAE are used only for synthetic data generation, not as an anomaly-scoring stage feeding the final decision. The paper therefore fails IC3 and is excluded under EC3.",,,Excluded
R0924,SpringerLink,2026-07-06,False,Blockchain framework with IoT device using federated learning for sustainable healthcare systems,B. BhaskerP. Muralidhara RaoP. SaraswathiS. Gopal Krishna PatroJaved Khan BhuttoSaiful IslamMohammed KareemullahAddisu Frinjo Emma,2025,Scientific Reports,10.1038/s41598-025-06539-z,https://link.springer.com/article/10.1038/s41598-025-06539-z,Article,Yes,Unique,Passed,,OpenAlex,Uncertain,"The paper addresses IoMT and proposes an IDS for healthcare network intrusion detection (IC1, IC2 met), but the abstract does not specify whether the IDS uses a hybrid architecture combining unsupervised anomaly detection with supervised classification (IC3 unclear).","IC1, IC2",,Excluded,EC3,Excluded,"Excluded under EC3. The paper claims an IDS achieving ""97.16% intrusion detection efficiency"" but never specifies the underlying detection algorithm — only generic references to ""advanced ML models"" and ""continuous supervision."" No unsupervised component is described anywhere, so the required unsupervised+supervised hybrid architecture (IC3) cannot be confirmed. Separately, the paper's narrative equations are not clearly connected to its stated FL algorithm, and some reported comparison figures are internally inconsistent with the Related Work narrative — these are noted as transparency concerns but are not themselves the basis for exclusion.",,,Excluded
R0927,SpringerLink,2026-07-06,False,An intrusion detection model based on Convolutional Kolmogorov-Arnold Networks,Zhen WangAnazida ZainalMaheyzah Md SirajFuad A. GhalebXue HaoShaoyong Han,2025,Scientific Reports,10.1038/s41598-024-85083-8,https://link.springer.com/article/10.1038/s41598-024-85083-8,Article,Yes,Unique,Passed,,OpenAlex,Uncertain,"The paper proposes an intrusion detection model for IoMT (uses CICIoMT2024 dataset), incorporates both convolutional mechanisms and attention mechanisms in a novel architecture that can be interpreted as combining feature extraction (unsupervised-like representation learning) with classification capabilities.","IC1, IC2, IC3",,Excluded,EC3,Excluded,The paper proposes a single-stage supervised deep learning model (Convolutional Kolmogorov-Arnold Networks with attention) without any unsupervised component such as autoencoder or one-class classifier in a hybrid two-stage architecture.,,,Excluded
R0935,SpringerLink,2026-07-06,False,Enhancing healthcare Iot data security with AI and blockchain technologies utilizing BLAKE2-LERW and GPCRDB-HSigNs approach,Chaitanya VasamsettySunil Kumar AlavilliSubramanyam BoyapatiBhavya KadiyalaRajani Priya NippatlaThanjaivadivel Manavalan,2026,Cluster Computing,10.1007/s10586-026-06139-0,https://link.springer.com/article/10.1007/s10586-026-06139-0,Article,Yes,Unique,Passed,,Springer,Uncertain,"The paper addresses healthcare IoT security, proposes an anomaly detection system, and employs a hybrid architecture combining unsupervised anomaly detection (dataset collection and feature extraction) with supervised classification using GPCRDB-HSig Networks.","IC1, IC2, IC3",,Excluded,EC3,Excluded,"Excluded under EC3. The paper presents a blockchain-and-AI HIoT security framework (BLAKE2-LERW hashing, DHCC20-KDF encryption, Algorand smart contracts) with an anomaly-classification module (GPCRDB-HSigNs) based on a Deep Belief Network with Hard Sigmoid activation and Gradient Penalty/Curvature Regularization fine-tuning. The architecture is a single supervised classification pipeline (RBM-based feature extraction feeding directly into a softmax output layer trained end-to-end), with no distinct unsupervised anomaly-detection stage preceding a separate supervised classifier. It therefore fails IC3. Additional concerns include reuse of generic KDD99-style network features, GAN-derived terminology applied to a DBN without clear justification, and a mismatched/unclear dataset description (a ""Software Defect Prediction"" dataset and a ""GPCR Database"" reference unrelated to network security), which undermine confidence in the reported 99.58% accuracy.",,,Excluded
R0944,SpringerLink,2026-07-06,False,Smart Healthcare Based Cyber Physical System Modeling by Block Chain with Cloud 6G Network and Machine Learning Techniques,U. SakthiAshwag AlasmariS. P. GirijaP. SenthilShamimul QamarS. Hariharasitaraman,2024,Wireless Personal Communications,10.1007/s11277-024-11243-8,https://link.springer.com/article/10.1007/s11277-024-11243-8,Article,Yes,Unique,Passed,,Springer,Uncertain,"The paper addresses smart healthcare CPS with IoT and proposes ensemble deep learning for detecting malicious access, meeting IC1 and IC2, but the abstract does not clearly describe a hybrid architecture combining unsupervised anomaly detection with supervised classification in a multi-stage design.","IC1, IC2",,Excluded,EC3,Excluded,"Excluded under EC3. The paper proposes a blockchain-and-ML framework for detecting malicious EHR access in smart healthcare CPS, combining a Fuzzy Neural Network (FNN) with a Kernelized Reinforcement Learning (Q-learning) model for classification, and a Cognitive Blockchain Monitoring (CBM) system for data integrity checks. Neither the FNN nor the Q-learning component constitutes an unsupervised anomaly-detection stage (e.g., autoencoder, OC-SVM, isolation forest) as required by IC3; the CBM blockchain-monitoring stage performs integrity/consensus verification, not ML-based anomaly scoring. The architecture is therefore not a genuine unsupervised+supervised hybrid IDS and fails IC3. Additional concerns include large amounts of unrelated physical-layer wiretap-channel content, an unclear/unnamed evaluation dataset, and an uncorrected editorial artifact in the abstract, which collectively lower confidence in the paper's rigor.",,,Excluded
R0979,SpringerLink,2026-07-06,False,Improved Health Care Monitoring System Using Proposed LRRN-DLNN Algorithm Based on CPPFFR AI Data Preservation and ESRCC-Based Security,Yashwant AdityaPriyank JainRitu Tiwari,2025,"Iranian Journal of Science and Technology, Transactions of Electrical Engineering",10.1007/s40998-025-00858-7,https://link.springer.com/article/10.1007/s40998-025-00858-7,Article,Yes,Unique,Passed,,Springer,Uncertain,"The paper addresses healthcare monitoring (IC1) and includes malicious activity/threat detection (IC2), but the abstract emphasizes supervised deep learning classification without clearly describing an unsupervised anomaly detection component in a hybrid architecture (IC3 unclear).","IC1, IC2",,Excluded,EC3,Excluded,"Excluded under EC3. The paper proposes an integrated healthcare-monitoring framework (LRRN-DLNN for malicious-activity and disease prediction, CPPFFR fuzzy-rule confidence scoring, GFHO feature selection, ESRCC encryption, dual smart contracts). It is IoMT-specific and evaluates gateway threat detection on NSL-KDD. However, the detection architecture is single-stage and purely supervised: LRRN-DLNN is the only classifier, with no unsupervised anomaly-detection component (autoencoder, OC-SVM, isolation forest, clustering) anywhere in the pipeline. CPPFFR is fuzzy-rule confidence scoring on the classifier's own output, not an independent unsupervised detection stage. Therefore the paper fails IC3 and is excluded under EC3.",,,Excluded
R0986,SpringerLink,2026-07-06,False,A blockchain–enabled quaternion evolutionary gravitational neocognitron neural network for securing IoT healthcare data in cloud environment,Anuradha TalujaHarish KumarJackulin ThangarasuYogesh Prabhakar Pingle,2025,Evolving Systems,10.1007/s12530-025-09719-4,https://link.springer.com/article/10.1007/s12530-025-09719-4,Article,Yes,Unique,Passed,,Springer,Uncertain,"The paper addresses IoT healthcare data security (IC1), proposes an intrusion detection system using QEGNNnet (IC2), and combines blockchain-based encryption (implicit anomaly detection/filtering stage) with a deep neural network classifier for intrusion detection in a multi-stage architecture (IC3).","IC1, IC2, IC3",,Excluded,EC3,Excluded,"Excluded under EC3. The paper proposes a blockchain-secured IoT healthcare data-sharing framework combining EECDNN (ECC-based encryption/encoding) with QEGNNnet (quaternion neocognitron classifier) for intrusion detection, hyperparameter-tuned via Dung Beetle Optimization. It is IoMT-framed and tested on ToN-IoT, CIC-IDS 2017, and CIC-IDS 2018. However, the detection architecture is single-stage and purely supervised: QEGNNnet is trained end-to-end via cross-entropy/softmax classification, with DBO serving only as a hyperparameter optimizer, not a detection stage. EECDNN's role throughout the paper is encryption/encoding, not anomaly detection, despite one inconsistent sentence claiming otherwise with no supporting evaluation. Therefore the paper fails IC3 and is excluded under EC3.",,,Excluded
R0989,SpringerLink,2026-07-06,False,A Bio-Inspired AI-Driven Framework for Fault Tolerance and Extended Lifespan in Wireless Sensor Networks,S. LakshmiJ. Arun KumarV. S. NishokH. Summia Parveen,2026,"Iranian Journal of Science and Technology, Transactions of Electrical Engineering",10.1007/s40998-026-01046-x,https://link.springer.com/article/10.1007/s40998-026-01046-x,Article,Yes,Unique,Passed,,Springer,Uncertain,"Paper addresses healthcare WSN with LSTM Autoencoder for anomaly detection, but unclear if supervised classification stage follows the unsupervised autoencoder for hybrid IDS architecture.","IC1, IC2",,Excluded,EC2,Excluded,"Excluded under EC1/EC2. The paper proposes BIAFTEL, a bio-inspired fault-tolerance framework for generic Wireless Sensor Networks combining an LSTM Autoencoder for predictive fault detection with HABCO (hybrid Ant Colony + Bee Colony Optimization) for energy-aware self-healing routing. Healthcare is mentioned only as one of several generic WSN application domains (alongside smart cities and industrial automation), with no IoMT-specific architecture, dataset, or clinical context. Critically, the ""anomalies"" detected are hardware/energy faults (energy depletion, node failure, communication failure, routing fault) rather than security intrusions or attacks — this is fault tolerance research, not intrusion detection. Therefore the paper fails both IC1 and IC2 and is excluded.",,,Excluded
R1000,SpringerLink,2026-07-06,False,A multi-layered cryptographic trust reinforcement model against AI-driven threat propagation and zero-day cloud vulnerabilities in healthcare data ecosystems,Meena RaniR. LavanyaK. V. ShahnazK. RamuRohit PachlorShitanshu Jain,2026,Scientific Reports,10.1038/s41598-026-36966-5,https://link.springer.com/article/10.1038/s41598-026-36966-5,Article,Yes,Unique,Passed,,OpenAlex,Uncertain,"The paper addresses healthcare cloud security (IC1) and includes AI-based anomaly detection (partial IC2), but the abstract does not clearly specify whether the anomaly detection component is unsupervised or confirm a hybrid architecture combining unsupervised anomaly detection with supervised classification (IC3 unclear).",IC1,,Excluded,EC3,Excluded,"Excluded under EC4. The paper proposes MCTR, a healthcare cloud security framework combining hierarchical quantum-resistant cryptography, permissioned-blockchain trust validation, and AI-based anomaly detection (QVAE + LSTM). It is IoMT-specific and evaluated on IoT Healthcare Security and WUSTL EHMS IoMT datasets. However, the AI detection core is a quantum-inspired variational autoencoder (QVAE), explicitly unsupervised (reconstruction-error anomaly scoring, no labeled attack samples required). The LSTM component described is the autoencoder's recurrent encoder/decoder architecture, not an independent supervised classification stage; what follows the anomaly score is rule-based thresholding (trust score, quarantine, key rotation), not a trained classifier. Therefore the paper fails IC3 and is excluded under EC4.",,,Excluded
R1046,SpringerLink,2026-07-06,False,Ai-enhanced blockchain smart contract framework for securing smart card healthcare data,Zayneb GaouziImad BourianKhalid Chougdali,2026,Computing,10.1007/s00607-026-01700-6,https://link.springer.com/article/10.1007/s00607-026-01700-6,Article,Yes,Unique,Passed,,Springer,Uncertain,"The paper addresses healthcare data security with AI-based anomaly detection using Random Forest and XGBoost, meeting IC1 and IC2, but the abstract does not clearly indicate whether unsupervised anomaly detection is combined with supervised classification in a hybrid architecture.","IC1, IC2",,Excluded,EC3,Excluded,"Excluded under EC3. The paper proposes a multi-layer healthcare security framework combining smart cards, blockchain smart contracts, and an AI-based monitoring layer. The AI layer uses two supervised classifiers (Random Forest, XGBoost) evaluated comparatively on CICIoMT2024 network traffic, with no unsupervised anomaly-detection component and no cascade/two-stage design. ""Hybrid"" here refers to the smart card+blockchain+AI system integration, not to a hybrid unsupervised+supervised IDS architecture. Fails IC3; excluded under EC3.",,,Excluded
R1054,SpringerLink,2026-07-06,False,Designing ethically aligned agentic AI systems for cybersecurity: a conceptual framework,Adabara IbrahimBashir Olaniyi SadiqAliyu Nuhu ShuaibuYale Ibrahim DanjumaVenkateswarlu ManintiMutebi Joe,2026,AI and Ethics,10.1007/s43681-026-01019-0,https://link.springer.com/article/10.1007/s43681-026-01019-0,Article,Yes,Unique,Passed,,Springer,Uncertain,"The paper addresses smart healthcare cybersecurity and proposes an AI-based defense system, but the abstract does not clearly specify whether it implements a hybrid architecture combining unsupervised anomaly detection with supervised classification.","IC1, IC2",,Excluded,EC2,Excluded,"Excluded under EC2 (secondary: EC1). The paper proposes a conceptual ""Agentic AI"" governance framework for cybersecurity generally (Design-Simulate-Evaluate-Govern phases + Ethical Governance Layer), grounded in agent theory, multi-objective RL, machine ethics, and AI regulation (GDPR, EU AI Act, OECD). It does not propose or evaluate an actual intrusion detection or anomaly detection system — no dataset, no trained model, no empirical results; the simulation is explicitly not instantiated. It is also not IoMT-specific: healthcare appears only as one illustrative narrative scenario among several (industrial, financial, critical infrastructure). No unsupervised/supervised hybrid architecture is implemented. Fails IC1, IC2, IC3; excluded under EC2.",,,Excluded
R1107,SpringerLink,2026-07-06,False,Dual layer security framework for privacy preserving AI driven healthcare edge cloud analytics,Soha RawasAgariadne Dwinggo Samala,2025,Discover Networks,10.1007/s44354-025-00010-1,https://link.springer.com/article/10.1007/s44354-025-00010-1,Article,Yes,Unique,Passed,,OpenAlex,Uncertain,"The paper addresses healthcare/medical data security with AI-driven anomaly detection (IC1, IC2 met), but the abstract does not clearly specify whether the anomaly detection combines unsupervised methods with supervised classification in a hybrid architecture (IC3 uncertain).","IC1, IC2",,Excluded,EC3,Excluded,"Excluded under EC3. The paper proposes a broad Dual-Layer Secure AI Framework (adaptive encryption, federated learning, differential privacy, hybrid edge-cloud) for IoMT/healthcare data, which includes an embedded AI-driven anomaly detection/IDS component. However, the detection component is a single-stage supervised ML/LSTM model trained on labeled CIC-IDS2017/TON_IoT attack traces, supplemented only by rule-based contextual heuristics (not a trained unsupervised model). No unsupervised anomaly-detection stage (autoencoder, OC-SVM, isolation forest, etc.) is present, and there is no cascade/ensemble combining unsupervised and supervised components. Fails IC3; excluded under EC3.",,,Excluded
R1109,SpringerLink,2026-07-06,False,TrIDS: an intelligent behavioural trust based IDS for smart healthcare system,Ashish SinghKakali ChatterjeeSuresh Chandra Satapathy,2022,Cluster Computing,10.1007/s10586-022-03614-2,https://link.springer.com/article/10.1007/s10586-022-03614-2,Article,Yes,Unique,Passed,,Springer,Uncertain,"The paper proposes a trust-based IDS using behavioral parameters and beta reputation model with decision rules, which is neither unsupervised anomaly detection nor supervised classification in a hybrid architecture.","IC1, IC2",EC3,Excluded,EC3,Excluded,"The paper proposes a trust-based IDS using beta reputation model and decision rules for behavioral trust computation, but does not implement a hybrid two-stage architecture combining unsupervised (autoencoder, one-class classifier) with supervised machine learning components.",,,Excluded
R1152,SpringerLink,2026-07-06,False,AI-agent–empowered edge–IoT framework for personalized health adaptation in special population networks,Shengjie Yang,2026,Discover Internet of Things,10.1007/s43926-026-00311-z,https://link.springer.com/article/10.1007/s43926-026-00311-z,Article,Yes,Unique,Passed,,OpenAlex,Uncertain,"The paper addresses healthcare IoT (IC1) and mentions anomaly detection (IC2), but the abstract does not clearly specify whether the system uses a hybrid architecture combining unsupervised anomaly detection with supervised classification (IC3).","IC1, IC2",,Excluded,EC3,Excluded,"Excluded under EC2 (secondary: EC5). The paper proposes A³E²-IoT, an AI-agent–empowered edge-IoT framework combining multi-head attention feature fusion, federated learning, and adaptive personalization for health monitoring in special populations (elderly, disabled, chronic-illness patients). It is IoMT/wearable-relevant but does not propose or evaluate an intrusion detection or network anomaly detection system. All ""anomaly detection"" in the paper refers to physiological/health-risk deviation (e.g., abnormal vitals relative to a personalized baseline via a sigmoid-thresholded risk score), not malicious network traffic or cyberattacks. There is no threat model, no attacker, and no attack types considered anywhere in the architecture. The ""hybrid"" elements present (edge attention fusion + federated learning + personalization layer) support health prediction, not an unsupervised+supervised IDS cascade. Therefore the paper fails IC2 (and IC3 is moot) and is excluded under EC2/EC5.",,,Excluded
R1217,SpringerLink,2026-07-06,False,A unified post-quantum zero-trust architecture with AI-driven orchestration for secure healthcare fog networks,Umesh Kumar LilhoreSantosh KumarRoobaea AlroobaeaMajed AlsafyaniAbdullah M. BaqasahSultan AlgarniLidia Gosy Tekeste,2026,Scientific Reports,10.1038/s41598-026-52245-9,https://link.springer.com/article/10.1038/s41598-026-52245-9,Article,Yes,Unique,Passed,,OpenAlex,Uncertain,"The paper addresses healthcare IoMT/fog networks (IC1) and includes intrusion detection functionality (IC2), but the abstract does not clearly describe a hybrid architecture combining unsupervised anomaly detection with supervised classification�only mentions 'AI-driven SDN control' and 'reinforcement learning' without specifying the intrusion detection methodology (IC3 uncertain).","IC1, IC2",,Excluded,EC3,Excluded,"Excluded under EC3. Q-ZeroFog is a broad healthcare-fog security framework integrating post-quantum blockchain, AI-driven SDN, adaptive zero trust, digital twins, and homomorphic encryption. Its only detection component is a GNN-based classifier embedded in the SDN controller, trained on a supervised, labeled (normal/anomalous) dataset generated via simulation — a single-stage supervised classifier with no unsupervised anomaly-detection component (no autoencoder, OC-SVM, isolation forest, or clustering stage). The reinforcement-learning module in the same controller handles routing/task optimization, not detection. It therefore fails IC3 and is excluded under EC3.",,,Excluded
R1502,arXiv,2026-07-06,True,On-Device Interpretable Tsetlin Machine-Based Intrusion Detection for Secure IoMT,"Rahul Jaiswal, Per-Arne Andersen, Linga Reddy Cenkeramaddi, Lei Jiao, Ole-Christoffer Granmo",2026,arXiv (preprint),,https://arxiv.org/abs/2605.16707,preprint,Yes,Unique,Passed,,,Uncertain,The paper proposes a single Tsetlin Machine model for IoMT intrusion detection without combining unsupervised anomaly detection with supervised classification in a hybrid architecture.,"IC1, IC2",EC3,Excluded,EC3,Excluded,"Excluded under EC3. The paper proposes an interpretable, on-device IoMT intrusion detection system based on a Tsetlin Machine and evaluates it using the MedSec-25 healthcare IoT dataset. Although the methodology includes data preparation, model training, and Raspberry Pi deployment stages, the detection architecture itself consists of a single supervised Tsetlin Machine classifier trained on labelled benign and attack-phase traffic. Preprocessing, feature binarization, cross-validation, and edge deployment do not constitute an unsupervised anomaly-detection component. The framework therefore does not combine an unsupervised detector with a supervised classifier in a two-stage, multi-stage, cascade, parallel, or ensemble architecture and does not satisfy IC3.",,,Excluded
R1503,arXiv,2026-07-06,True,SE-Enhanced ViT and BiLSTM-Based Intrusion Detection for Secure IIoT and IoMT Environments,"Afrah Gueriani, Hamza Kheddar, Ahmed Cherif Mazari, Seref Sagiroglu, Onur Ceran",2026,arXiv (preprint),10.1109/isctrkiye68593.2025.11224819,https://arxiv.org/abs/2604.06254,preprint,Yes,Unique,Passed,,,Uncertain,The paper proposes a purely supervised deep learning model (SE ViT-BiLSTM) without any unsupervised anomaly detection component in a hybrid architecture.,"IC1, IC2",EC3,Excluded,EC3,Excluded,"Excluded under EC3. The paper proposes a hybrid SE-enhanced Vision Transformer and BiLSTM intrusion detection model evaluated on Edge-IIoTset and the IoMT-specific CICIoMT2024 dataset. Although the model contains two parallel branches and fuses spatial and temporal representations, both branches are trained jointly in a supervised multiclass classification setting using labelled benign and attack samples. The SE block performs attention-based feature recalibration, while the ViT and BiLSTM components act as supervised feature extractors before a softmax classifier. The framework does not include an unsupervised anomaly-detection component, benign-only behavioral model, anomaly score, adaptive threshold, or two-stage routing from anomaly detection to supervised attack classification. Therefore, it does not satisfy IC3.",,,Excluded
R1504,arXiv,2026-07-06,True,A Tsetlin Machine-driven Intrusion Detection System for Next-Generation IoMT Security,"Rahul Jaiswal, Per-Arne Andersen, Linga Reddy Cenkeramaddi, Lei Jiao, Ole-Christoffer Granmo",2026,arXiv (preprint),,https://arxiv.org/abs/2604.03205,preprint,Yes,Unique,Passed,,,Uncertain,The paper proposes a purely supervised Tsetlin Machine classifier for IoMT intrusion detection without any unsupervised anomaly detection component in a hybrid architecture.,"IC1, IC2",EC3,Excluded,EC3,Excluded,"Excluded under EC3. The paper proposes a Tsetlin Machine-based intrusion detection system for IoMT and evaluates it on the IoMT-specific CICIoMT2024 dataset under binary, six-class, and seven-class classification scenarios. Although the workflow includes data preparation, supervised model training, and deployment stages, the detection architecture itself consists of a single Tsetlin Machine classifier trained on labelled benign and attack traffic. SMOTE, standardization, feature binarization, and clause learning are preprocessing or supervised-learning procedures and do not constitute an unsupervised anomaly-detection component. The framework does not include a benign-only behavioral model, anomaly score, adaptive threshold, or two-stage routing from anomaly detection to attack classification. Therefore, it does not satisfy IC3",,,Excluded
R1506,arXiv,2026-07-06,True,Fusion of Machine Learning and Blockchain-based Privacy-Preserving Approach for Health Care Data in the Internet of Things,"Behnam Rezaei Bezanjani, Seyyed Hamid Ghafouri, Reza Gholamrezaei",2510,arXiv (preprint),10.1007/s11227-024-06392-3,https://arxiv.org/abs/2510.19026,preprint,Yes,Unique,Passed,,,Uncertain,"The paper addresses IoMT security, proposes an intrusion detection system, and combines unsupervised pattern recognition (Request Pattern Recognition Check) with supervised machine learning (BiLSTM network) in a multi-phase architecture.","IC1, IC2, IC3",,Excluded,EC3,Excluded,"Excluded under EC3. The paper proposes a healthcare IoT security framework integrating blockchain-based request authentication and transaction protection, request-pattern checking, modified binary Whale Optimization Algorithm feature selection, and supervised BiLSTM intrusion classification. Although the framework is multi-phase and includes both blockchain and machine-learning components, it does not contain a clearly defined unsupervised anomaly-detection stage. The request-pattern recognition phase operates through comparison with stored request patterns rather than benign-only or unlabeled behavioral modeling, while the Whale Optimization Algorithm is used only for feature selection. The final intrusion decision is performed by a BiLSTM trained on labelled traffic and attack data. Therefore, the architecture does not combine unsupervised anomaly detection with supervised attack classification and does not satisfy IC3.",,,Excluded
R1507,arXiv,2026-07-06,True,A Robust Cross-Domain IDS using BiGRU-LSTM-Attention for Medical and Industrial IoT Security,"Afrah Gueriani, Hamza Kheddar, Ahmed Cherif Mazari, Mohamed Chahine Ghanem",2025,arXiv (preprint),,https://arxiv.org/abs/2508.12470,preprint,Yes,Unique,Passed,,,Uncertain,The paper proposes a purely supervised deep learning model (BiGRU-LSTM-Attention) without any unsupervised anomaly detection component in a hybrid architecture.,"IC1, IC2",EC3,Excluded,EC3,Excluded,"Excluded under EC3. The paper proposes BiGAT-ID, a cross-domain intrusion detection architecture combining BiGRU, multi-head attention, and LSTM components and evaluates it on CICIoMT2024, EdgeIIoTset, and TON_IoT. Although the model is described as hybrid and contains two parallel branches, both branches are supervised feature extractors trained jointly on labelled benign and attack traffic. Their outputs are concatenated and passed to dense layers and a softmax multiclass classifier. SMOTE, random oversampling, focal loss, and leave-one-attack-out evaluation do not constitute an unsupervised anomaly-detection stage. The architecture does not include benign-only behavioral learning, an autoencoder, one-class model, clustering mechanism, anomaly score, threshold, or routing from anomaly detection to supervised attack classification. Therefore, it does not satisfy IC3.",,,Excluded
R1510,arXiv,2026-07-06,True,A Secure Healthcare 5.0 System Based on Blockchain Technology Entangled with Federated Learning Technique,"Abdur Rehman, Sagheer Abbas, M. A. Khan, Taher M. Ghazal, Khan Muhammad Adnan, Amir Mosavi",2022,arXiv (preprint),,https://arxiv.org/abs/2209.09642,preprint,Yes,Unique,Passed,,,Uncertain,"The paper addresses IoMT healthcare with an IDS component, but the abstract does not clearly describe whether the IDS uses a hybrid architecture combining unsupervised anomaly detection with supervised classification.","IC1, IC2",,Excluded,EC3,Excluded,"Excluded under EC1. The paper proposes a Healthcare 5.0 framework combining blockchain, federated learning, data fusion, disease prediction, and an RTS-DELM-based intrusion detection system. Although the overall architecture is framed around IoMT sensors and healthcare organizations, the intrusion-detection component is evaluated only on the generic NSL-KDD dataset. The Parkinson’s disease dataset is used separately for disease prediction and does not provide IoMT network traffic or healthcare-device attack data. The study therefore does not evaluate the IDS on medical devices, wearables, patient-monitoring traffic, healthcare protocols, or an IoMT-specific cybersecurity testbed. In addition, the IDS appears to rely on a single RTS-DELM classifier rather than a clearly defined unsupervised–supervised hybrid architecture.",,,Excluded
R1517,OpenAlex,2026-07-06,False,A Federated Learning-Based Intrusion Detection Framework for Zero-Day Attacks in Smart Healthcare Networks Integrating IoMT Devices,Sanaz Farhadi,2026,JOURNAL OF MEDICINE CARE AND HEALTH REVIEW,,https://openalex.org/works/w7166313207,article,Yes,Unique,Passed,,,Uncertain,"The paper addresses IoMT IDS (IC1, IC2) and mentions hybrid autoencoder-GAN architecture for unsupervised zero-day detection, but does not clearly specify a supervised classification stage in the cascade/ensemble design required by IC3.","IC1, IC2",,Excluded,EC4,Excluded,"Excluded under EC3. The paper proposes an interpretable, on-device Tsetlin Machine-based IDS for attack-phase classification in IoMT networks. Although it specifically addresses IoMT, evaluates the model on the MedSec-25 dataset, provides rule-based explanations, and deploys the IDS on a Raspberry Pi, the proposed method is a single-stage supervised classifier. The Tsetlin Machine directly learns class-specific logical clauses from labelled traffic and predicts benign or attack-phase classes. It does not combine an unsupervised anomaly detection component with a supervised classifier in a cascade, two-stage, multi-stage, or ensemble architecture. Therefore, it does not satisfy IC3.",,,Excluded
R1519,OpenAlex,2026-07-06,False,Handling Imbalanced IoMT Network Data for Intrusion Detection via PCA and One-Class SVM,"Eren Gencturk, Beste Ustubioglu, Guzin Ulutas",2026,Applied Sciences,,https://openalex.org/works/w7160998406,article,Yes,Unique,Passed,,,Uncertain,"The paper uses only unsupervised One-Class SVM without any supervised classification stage, failing to meet the hybrid architecture requirement.","IC1, IC2",EC4,Excluded,EC4,Excluded,"Excluded under EC3. The paper proposes a two-stage PCA–OC-SVM anomaly-detection pipeline for IoMT network traffic. PCA performs unsupervised dimensionality reduction, while the One-Class SVM is trained exclusively on benign traffic and directly classifies observations as normal or anomalous. Although the method is IoMT-specific, evaluates four IoMT/IoT datasets, addresses severe class imbalance, and supports zero-day-oriented detection, it does not include a supervised attack-classification component after anomaly detection. The term “two-stage” refers to feature transformation followed by one-class detection, rather than a hybrid unsupervised–supervised IDS. Therefore, it does not satisfy IC3.",,,Excluded
R1521,OpenAlex,2026-07-06,False,AI-Based Secure and Energy-Efficient Framework for Multi-Tenant Cloud Systems,G. Rajesh,2025,Journal of Information Systems Engineering & Management,,https://openalex.org/works/w4409117034,article,Yes,Unique,Passed,,,Uncertain,"While the paper proposes a hybrid IDS combining autoencoders (unsupervised) and CNNs (supervised), it addresses multi-tenant cloud systems generally rather than specifically IoMT/healthcare IoT environments.","IC2, IC3",EC1,Excluded,EC1,Excluded,"Excluded under EC1. The paper proposes a hybrid IDS that combines an autoencoder-based anomaly detector with a CNN for known-attack classification, together with energy-aware resource management and AI-based load balancing. Although the IDS technically combines unsupervised and supervised components, the study targets generic multi-tenant cloud systems rather than IoMT environments. Healthcare is mentioned only as an example of a possible cloud tenant, and the evaluation uses the generic CICIDS2017 and KDDCup99 datasets in a CloudSim environment with virtual machines and synthetic workloads. It does not evaluate medical-device traffic, IoMT protocols, wearables, patient-monitoring systems, hospital networks, or healthcare-specific attack scenarios. Therefore, it does not satisfy IC1.",,,Excluded
R1522,OpenAlex,2026-07-06,False,GDA: Multi-Parallel Intrusion Detection Framework with Group-Based Data Augmentation,"Xukui Li, Guang Cheng, Wei Chen, Xing Qiu, Zhen Zhang",2025,,10.1109/ispa67752.2025.00183,https://doi.org/10.1109/ispa67752.2025.00183,article,Yes,Unique,Passed,,,Uncertain,"The paper addresses IoMT (CIC-IoMT-2024 dataset), proposes an intrusion detection system, and combines unsupervised anomaly detection (Ensemble Autoencoders) with supervised classification in a multi-parallel framework.","IC1, IC2, IC3",,Excluded,EC1,Excluded,"Excluded under EC3. The paper proposes GDA, a multi-parallel intrusion-detection framework that combines adaptive hierarchical clustering, ensemble autoencoders, supervised contrastive learning, and logistic-regression classifiers. Although autoencoders are present, they are used to generate reconstruction-error features for interpretable data augmentation. The reconstruction errors are passed through supervised contrastive learning and then used by logistic regression for binary or fine-grained attack classification. The framework does not use reconstruction error as an anomaly score, define an anomaly threshold, produce an independent normal-versus-anomalous decision, or route detected anomalies to a supervised attack classifier. Therefore, it does not combine unsupervised anomaly detection with supervised classification as required by IC3. The evaluation includes CIC-IoMT2024, but the architecture is presented as a general-purpose NIDS rather than an IoMT-specific detection system.",,,Excluded
R1523,OpenAlex,2026-07-06,False,AI-Driven Hybrid Detection and Classification Framework for Secure Sleep Health IoT Networks,"Prajoona Valsalan, Mohammad Maroof Siddiqui",2026,Clocks & Sleep,,https://openalex.org/works/w7158141357,article,Yes,Unique,Passed,,,Uncertain,"The paper addresses Sleep Health IoT (S-HIoT) within IoMT infrastructure, proposes a hybrid intrusion detection system combining CNN-based spatial feature extraction and BiLSTM temporal modeling with Random Forest ensemble classification for network anomaly detection, clearly meeting all inclusion criteria.","IC1, IC2, IC3",,Excluded,EC7,Excluded,"This is a review article (secondary publication), not a primary research study proposing or evaluating an original hybrid IDS architecture.",,,Excluded
R1527,OpenAlex,2026-07-06,False,Edge-AI Empowered Framework for Real-Time Botnet Detection in IoT Ecosystems using Distributed Machine Learning,"Mohanraj T, Sivanesh C, Sanjeev Kumar M, Dharineesh S",2025,,10.1109/icscss64956.2025.11501158,https://doi.org/10.1109/icscss64956.2025.11501158,article,Yes,Unique,Passed,,,Uncertain,"The paper addresses IoT botnet detection using a hybrid approach combining supervised (Random Forest) and unsupervised (K-Means, Isolation Forest) methods, but the abstract does not explicitly confirm IoMT/healthcare domain focus despite mentioning smart healthcare as a use case.","IC2, IC3",,Excluded,EC1,Excluded,"Excluded under EC1. The paper proposes an edge-based hybrid IoT botnet detection framework combining supervised classifiers, including Random Forest, SVM, and Decision Tree, with unsupervised anomaly-detection methods such as K-Means and Isolation Forest. The model outputs are combined through an ensemble and supported by Apache Kafka and Spark for distributed real-time processing. Although the architecture technically combines supervised and unsupervised detection components, it targets generic IoT ecosystems and is evaluated using CICIDS2017, N-BaIoT, and CICIoT2023. Smart healthcare is mentioned only as a potential application, and the study does not evaluate IoMT traffic, medical devices, patient-monitoring systems, hospital networks, or healthcare-specific attack scenarios. Therefore, it does not satisfy IC1.",,,Excluded
R0518,SpringerLink,2026-07-06,False,An Efficient Explainable Unsupervised Machine Learning Approach for&#xa0;Network Intrusion Detection in&#xa0;IoMT,Van LeHai Minh TranQuang Minh TranTung Bui,2025,Information and Communication Technology,10.1007/978-981-96-4285-4_26,https://link.springer.com/chapter/10.1007/978-981-96-4285-4_26,Conference paper,Yes,Unique,Passed,,Manual,Uncertain,"The paper uses purely unsupervised methods (Kmeans, One-Class SVM, Autoencoder) without any supervised classification stage in a hybrid architecture.","IC1, IC2",EC4,Excluded,,,EC10,,,Excluded
R0585,SpringerLink,2026-07-06,False,Internet of&#xa0;Medical Things: Enhancing Security Through Machine Learning,Riccardo Lazzeretti,2026,Ambient Assisted Living,10.1007/978-3-032-11050-3_12,https://link.springer.com/chapter/10.1007/978-3-032-11050-3_12,Conference paper,Yes,Unique,Passed,,Springer,Uncertain,"The paper addresses IoMT security using ML/DL methods, but the abstract does not specify whether it includes hybrid intrusion detection systems combining unsupervised anomaly detection with supervised classification.","IC1, IC2",,Excluded,,,EC10,,,Excluded
R0634,SpringerLink,2026-07-06,False,A Deep Hybrid LSTM-Attention Model for Context-Aware Anomaly Detection in IoT Traffic,Parvej KhanAnurag Singh,2026,Data Science and Applications,10.1007/978-3-032-15407-1_20,https://link.springer.com/chapter/10.1007/978-3-032-15407-1_20,Conference paper,Yes,Unique,Passed,,Springer,Uncertain,"The paper addresses IoT including healthcare (IoMT) with CICIoMT2024 dataset, proposes anomaly detection using LSTM autoencoder, but it is unclear from the abstract whether a supervised classification stage follows the unsupervised autoencoder or if detection relies solely on reconstruction error.","IC1, IC2",,Excluded,,,EC10,,,Excluded
R0655,SpringerLink,2026-07-06,False,A Transfer Learning-Enhanced TabNet-Based Intrusion Detection System for&#xa0;IoMT Security,Nitesh BharotJohn G. Breslin,2025,Intelligent Computing,10.1007/978-3-031-92605-1_32,https://link.springer.com/chapter/10.1007/978-3-031-92605-1_32,Conference paper,Yes,Unique,Passed,,OpenAlex,Accepted,The paper proposes an IDS for IoMT that combines Isolation Forest (unsupervised anomaly detection) with TabNet (supervised classification) in a two-stage hybrid architecture.,"IC1, IC2, IC3",,Excluded,,,EC10,,,Excluded
R0702,SpringerLink,2026-07-06,False,A Hybrid Deep Learning Approach for Accurate Network Intrusion Detection Using Traffic Flow Analysis in IoMT Domain,Md. AfrozEmmanuel NyakwendeBirendra Goswami,2024,Advances in Data-Driven Computing and Intelligent Systems,10.1007/978-981-99-9518-9_27,https://link.springer.com/chapter/10.1007/978-981-99-9518-9_27,Conference paper,Yes,Unique,Passed,,Springer,Uncertain,"The hybrid approach combines Random Forest for feature selection with deep neural networks for supervised classification, but lacks an unsupervised anomaly detection component in the architecture.","IC1, IC2",EC3,Excluded,,,EC10,,,Excluded
R0787,SpringerLink,2026-07-06,False,Federated Learning Based Intrusion Detection System for Healthcare Domain,Md. Abu Talha ReyazV. VanithaN. Rajathi,2025,Intelligent Solutions for Smart Adaptation in Digital Era,10.1007/978-981-97-8193-5_11,https://link.springer.com/chapter/10.1007/978-981-97-8193-5_11,Conference paper,Yes,Unique,Passed,,Springer,Uncertain,The paper addresses healthcare IDS with ensemble models but does not clearly specify if the architecture combines unsupervised anomaly detection with supervised classification in a hybrid cascade or multi-stage design.,"IC1, IC2",,Excluded,,,EC1O,,,Excluded
R0819,SpringerLink,2026-07-06,False,Safeguarding Healthcare: Leveraging Machine Learning for Enhanced Cybersecurity in the Internet of Medical Things,Md. AfrozEmmanuel Nyakwende,2024,Fourth Congress on Intelligent Systems,10.1007/978-981-99-9040-5_11,https://link.springer.com/chapter/10.1007/978-981-99-9040-5_11,Conference paper,Yes,Unique,Passed,,Springer,Uncertain,"The paper addresses IoMT cybersecurity and threat detection using machine learning, but the abstract does not specify whether the approach combines unsupervised anomaly detection with supervised classification in a hybrid architecture.","IC1, IC2",,Excluded,,,EC10,,,Excluded
R0821,SpringerLink,2026-07-06,False,Real-Time and Secure Patient Monitoring in WBAN-IoMT Using Intelligent Routing and Threat Detection for Low-Latency Communication and Intrusion Prevention,U. HariharanChin-Shiuh ShiehMong-Fong Horng,2026,Optical Memory and Neural Networks,10.3103/s1060992x25603057,https://link.springer.com/article/10.3103/S1060992X25603057,Article,Yes,Unique,Passed,,OpenAlex,Uncertain,"The paper addresses WBAN-IoMT healthcare monitoring (IC1), proposes an intrusion detection system (IC2), and combines preprocessing with SGAIN (unsupervised imputation/anomaly handling) followed by MSDGCN classification (supervised) in a multi-stage architecture (IC3).","IC1, IC2, IC3",,Excluded,,,EC10,,,Excluded
R0856,SpringerLink,2026-07-06,False,Anomaly Detection for Internet of Medical Things Using Chameleon Optimization-Based Feature Selection,Azadeh KhosrotabarMichel Kadoch,2024,Proceedings of the International Symposium on Intelligent Computing and Networking 2024,10.1007/978-3-031-67447-1_10,https://link.springer.com/chapter/10.1007/978-3-031-67447-1_10,Conference paper,Yes,Unique,Passed,,Springer,Uncertain,The paper uses only a single supervised classifier without any unsupervised anomaly detection component in a hybrid architecture.,"IC1, IC2",EC3,Excluded,,,EC10,,,Excluded
R0866,SpringerLink,2026-07-06,False,"The Detection of Abnormal Behavior in Healthcare IoT Using IDS, CNN, and SVM",Oluwaseun Priscilla OlawaleSahar Ebadinezhad,2023,Mobile Computing and Sustainable Informatics,10.1007/978-981-99-0835-6_27,https://link.springer.com/chapter/10.1007/978-981-99-0835-6_27,Conference paper,Yes,Unique,Passed,,Springer,Uncertain,"The paper addresses healthcare IoT (IC1) and intrusion detection (IC2), but the abstract does not clearly specify whether CNN and SVM are used in a hybrid architecture combining unsupervised anomaly detection with supervised classification (IC3 uncertain).","IC1, IC2",,Excluded,,,EC10,,,Excluded
R0868,SpringerLink,2026-07-06,False,Optimizing IoT Attack Detection in&#xa0;Edge AI: A Comparison of&#xa0;Lightweight Machine Learning Models and&#xa0;Feature Reduction Techniques,Viet Anh PhanJan JerabekLukas Malina,2025,"Availability, Reliability and Security",10.1007/978-3-032-00642-4_19,https://link.springer.com/chapter/10.1007/978-3-032-00642-4_19,Conference paper,Yes,Unique,Passed,,Springer,Uncertain,"The paper uses the CICIoMT2024 dataset (IoMT-specific) and performs intrusion detection with supervised models, but the abstract does not confirm any unsupervised anomaly detection stage in the architecture.","IC1, IC2",,Excluded,,,EC10,,,Excluded
R0884,SpringerLink,2026-07-06,False,Intelligent Intrusion Detection Systems for Enhancing Security in IoT and Cyber-Physical Networks,K. N. S. LakshmiAnitha PatilM. Srikanth YadavKarne Nagabrahma Chari,2026,Intelligent Vision and Computing,10.1007/978-3-032-10670-4_7,https://link.springer.com/chapter/10.1007/978-3-032-10670-4_7,Conference paper,Yes,Unique,Passed,,Springer,Uncertain,"The paper addresses IoT/CPS including healthcare environments and proposes an IDS with a dual-layered detection engine, but the abstract does not clearly specify whether this combines unsupervised anomaly detection with supervised classification as required by IC3.","IC1, IC2",,Excluded,,,EC10,,,Excluded
R1526,OpenAlex,2026-07-06,True,A Standards-Aligned IoMT Federated Learning and Blockchain Framework for MITM Mitigation and Risk Quantification using NS-3* [Appendix],"Rajab, Ramadhan Mohamed, Ward, Richard Peter, Abuhmida, Dr Mabrouka, University of South Wales, Romanian-American University **\+2 more**",2026,Zenodo (CERN European Organization for Nuclear Research),,https://openalex.org/works/w7160546746,article,Yes,Unique,Passed,,,Uncertain,"The paper addresses IoMT intrusion detection (IC1, IC2 met) but the abstract describes federated learning-based anomaly detection without clearly specifying a hybrid architecture combining unsupervised anomaly detection with supervised classification stages.","IC1, IC2",,Excluded,,,EC10,,,Excluded
R0185,IEEE Xplore,2026-07-06,False,"Graph Neural Network for IoMT Intrusion Detection: Modeling Architectures, Learning Paradigms, and Deployment Challenges","Chen, Hanli and Qamar, Faizan and Guo, Gaoyang and Rehman, Muhammad Habib Ur and Abdullah, Siti Norul Huda Sheikh",2026,IEEE Internet of Things Journal,10.1109/jiot.2026.3704452,https://doi.org/10.1109/jiot.2026.3704452,article,Yes,Unique,Passed,,,Rejected,The paper is a review of GNN methods for IoMT intrusion detection and does not propose or evaluate a specific hybrid system combining unsupervised anomaly detection with supervised classification.,"IC1, IC2",IC4/EC5,Rejected,,,Survey/review — moved to surveys_srls for background use; excluded from primary study screening,,,Excluded
R0556,SpringerLink,2026-07-06,False,"AI Enabled Intrusion Detection Systems for&#xa0;IoT Healthcare: Current Trends, Challenges, and&#xa0;Future Opportunities",Swawon MondalPriya DasSohail SaifRamesh SahaShakir Khan,2026,AI in Smart and Secure Healthcare,10.1007/978-3-032-15092-9_11,https://link.springer.com/chapter/10.1007/978-3-032-15092-9_11,Chapter,Yes,Unique,Passed,,Springer,Rejected,"The paper is a survey/case study of AI-based IDS for IoT healthcare that reviews various algorithms and datasets, but does not specify whether any reviewed approaches combine unsupervised anomaly detection with supervised classification in a hybrid architecture.","IC1, IC2",EC7,Rejected,,,Book chapter — secondary publication; EC7 applied at full-text screening,,,Excluded
R0633,SpringerLink,2026-07-06,False,Using Machine Learning for Protecting the Security and Privacy of Internet of Medical Things (IoMT) Systems,Himanshu SharmaPrabhat KumarGulshan ShrivastavaKavita SharmaAmit Bhola,2026,"Integrating Cloud, Fog, and Edge Computing in Healthcare: Federated Learning and Blockchain Approaches",10.1007/978-3-031-96265-3_9,https://link.springer.com/chapter/10.1007/978-3-031-96265-3_9,Chapter,Yes,Unique,Passed,,Springer,Rejected,"The paper addresses IoMT security and mentions ML-based anomaly detection and attack response, but the abstract does not specify whether the proposed approach uses a hybrid architecture combining unsupervised anomaly detection with supervised classification.","IC1, IC2",EC7,Rejected,,,Book chapter — secondary publication; EC7 applied at full-text screening,,,Excluded
R0835,SpringerLink,2026-07-06,False,Federated Learning for Enhanced Security in 6G-Enabled Internet of Medical Things Systems,M. Martina Jose MaryR. Shyamala DeviM. DevarajMatthew Olusegun Adigun,2026,Blockchain and Federated Learning Synergy for Privacy-Focused DeepFex Solutions,10.1007/978-981-95-1394-9_9,https://link.springer.com/chapter/10.1007/978-981-95-1394-9_9,Chapter,Yes,Unique,Passed,,Springer,Rejected,"The paper addresses IoMT IDS (IC1, IC2 met) but the abstract does not specify whether the FL-based IDS uses a hybrid architecture combining unsupervised anomaly detection with supervised classification (IC3 unclear).","IC1, IC2",EC7,Rejected,,,Book chapter — secondary publication; EC7 applied at full-text screening,,,Excluded
R0954,SpringerLink,2026-07-06,False,Deep Learning Augmentation for Adversarial Robustness in Body Area Networks,Jagrati NagdiyaRajeev Goyal,2026,Body Area Networks,10.1007/978-3-032-16099-7_9,https://link.springer.com/chapter/10.1007/978-3-032-16099-7_9,Conference paper,Yes,Unique,Passed,,Springer,Rejected,"The paper addresses BANs (Body Area Networks) in healthcare with anomaly detection and deep learning, but the abstract does not clearly specify a hybrid architecture combining unsupervised anomaly detection with supervised classification in a cascade or multi-stage design.","IC1, IC2",EC7,Rejected,,,Book chapter — secondary publication; EC7 applied at full-text screening,,,Excluded
R1024,SpringerLink,2026-07-06,False,Application of Deep Learning in Medical Cyber-Physical Systems,H. SwapnarekhaYugandhar Manchala,2024,Machine Learning for Cyber Physical System: Advances and Challenges,10.1007/978-3-031-54038-7_9,https://link.springer.com/chapter/10.1007/978-3-031-54038-7_9,Chapter,Yes,Unique,Passed,,Springer,Rejected,"The paper addresses medical CPS/IoMT (IC1) and proposes an intrusion detection framework using deep learning (IC2), but the abstract does not clearly describe whether the architecture combines unsupervised anomaly detection with supervised classification in a hybrid design (IC3 cannot be confirmed).","IC1, IC2",EC7,Rejected,,,Book chapter — secondary publication; EC7 applied at full-text screening,,,Excluded
R1414,SpringerLink,2026-07-06,False,Exploring User Intentions to Adopt Blockchain-Enabled Decentralized Finance (DeFi) in the Health Insurance Sector,D. SusanaV. SrividyaS. Abirami,2026,Artificial Intelligence Based Smart and Secured Applications,10.1007/978-3-032-17846-6_5,https://link.springer.com/chapter/10.1007/978-3-032-17846-6_5,Conference paper,Yes,Unique,Rejected,Cryptography / blockchain without IDS context,,Rejected,EC2 - Cryptography / blockchain without IDS context,,EC2,,,,,,,Excluded
R0142,ACM Digital Library,2026-07-06,False,Accurate Localization in LOS/NLOS Channel Coexistence Scenarios Based on Heterogeneous Knowledge Graph Inference,"Zhang, Bojun and Liu, Xiulong and Xie, Xin and Tong, Xinyu and Jia, Yungang and Shi, Tuo and Qu, Wenyu",2024,ACM Trans. Sen. Netw.,10.1145/3651618,https://doi.org/10.1145/3651618,article,Yes,Unique,Rejected,EC1,,Rejected,EC1,,EC1,,,,,,,Excluded
R1497,SpringerLink,2026-07-06,False,"CARS 2018—Computer Assisted Radiology and Surgery Proceedings of the 32nd International Congress and Exhibition Berlin, Germany, June 20–23, 2018",,2018,International Journal of Computer Assisted Radiology and Surgery,10.1007/s11548-018-1766-y,https://link.springer.com/article/10.1007/s11548-018-1766-y,Article,Yes,Unique,Rejected,EC1,OpenAlex,Pending,EC1,,EC1,,,,,,,Excluded
R1353,SpringerLink,2026-07-06,False,A collaborative multi-party encryption for mitigating man-in-the-middle attacks in smart grid and energy IoT systems,Mai Alfawair,2026,Scientific Reports,10.1038/s41598-026-43856-3,https://link.springer.com/article/10.1038/s41598-026-43856-3,Article,Yes,Unique,Rejected,EC1 - Supply chain / agriculture / vehicles / energy (non-healthcare IoT),OpenAlex,Pending,EC1 - Supply chain / agriculture / vehicles / energy (non-healthcare IoT),,EC1,,,,,,,Excluded
R0349,ScienceDirect,2026-07-06,False,A context-aware zero trust-based hybrid approach to IoT-based self-driving vehicles security,Izhar Ahmed Khan and Marwa Keshk and Yasir Hussain and Dechang Pi and Bentian Li and Tanzeela Kousar and Bakht Sher Ali,2025,Ad Hoc Networks,10.1016/j.adhoc.2024.103694,https://www.sciencedirect.com/science/article/pii/S1570870524003056,article,Yes,Unique,Rejected,EC1 - unrelated domain,,Rejected,EC1 - unrelated domain,,EC1,,,,,,,Excluded
R0823,SpringerLink,2026-07-06,False,A hybrid reinforcement learning and knowledge graph framework for financial risk optimization in healthcare systems,Md Shahab UddinAhsan AhmedMd AktarujjamanMohammad MoniruzzamanMumtahina AhmedM. F. MridhaMd. Jakir Hossen,2025,Scientific Reports,10.1038/s41598-025-14355-8,https://link.springer.com/article/10.1038/s41598-025-14355-8,Article,Yes,Unique,Rejected,EC1 - unrelated domain,OpenAlex,Rejected,EC1 - unrelated domain,,EC1,,,,,,,Excluded
R1214,SpringerLink,2026-07-06,False,"Secure and scalable smart grid IoT communication through quantum key distribution, homomorphic encryption, and federated learning",Prashant Kumar ShuklaSuchi MishraSachin TiwariAnkur PandeyNajah Kalifah Almazmomi,2025,Discover Applied Sciences,10.1007/s42452-025-08107-6,https://link.springer.com/article/10.1007/s42452-025-08107-6,Article,Yes,Unique,Rejected,EC1 - unrelated domain,OpenAlex,Rejected,EC1 - unrelated domain,,EC1,,,,,,,Excluded
R1323,SpringerLink,2026-07-06,False,Blockchain-enabled digital twin system for brain stroke prediction,Venkatesh UpadristaSajid NazirHuaglory Tianfield,2025,Brain Informatics,10.1186/s40708-024-00247-6,https://link.springer.com/article/10.1186/s40708-024-00247-6,Article,Yes,Unique,Rejected,EC1 - unrelated domain,OpenAlex,Rejected,EC1 - unrelated domain,,EC1,,,,,,,Excluded
R1343,SpringerLink,2026-07-06,False,Editorial,M. N. Hoda,2022,International Journal of Information Technology,10.1007/s41870-022-01009-5,https://link.springer.com/article/10.1007/s41870-022-01009-5,Article,Yes,Unique,Rejected,EC1 - unrelated domain,SemanticScholar,Rejected,EC1 - unrelated domain,,EC1,,,,,,,Excluded
R1371,SpringerLink,2026-07-06,False,"A Systematic Review of Blockchain, AI, and Cloud Integration for Secure Digital Ecosystems",Jaibir SinghSalil BharanySuman RaniAteeq Ur RehmanBelayneh Matebie TayeRuby PantUpinder Kaur,2025,International Journal of Networked and Distributed Computing,10.1007/s44227-025-00072-1,https://link.springer.com/article/10.1007/s44227-025-00072-1,Article,Yes,Unique,Rejected,EC1 - unrelated domain,OpenAlex,Pending,EC1 - unrelated domain,,EC1,,,,,,,Excluded
R0382,ScienceDirect,2026-07-06,False,Game-theoretic digital twin framework for mission risk assessment in cyber military operations,Abdullah Aljumah and Tariq Ahamed Ahanger,2026,Alexandria Engineering Journal,10.1016/j.aej.2026.05.020,https://www.sciencedirect.com/science/article/pii/S1110016826003200,article,Yes,Unique,Rejected,EC1 - unrelated domain (internet of Military things),,Rejected,EC1 - unrelated domain (internet of Military things),,EC1,,,,,,,Excluded
R0216,ScienceDirect,2026-07-06,False,A survey on blockchain-enabled federated learning and its prospects with digital twin,Kangde Liu and Zheng Yan and Xueqin Liang and Raimo Kantola and Chuangyue Hu,2024,Digital Communications and Networks,10.1016/j.dcan.2022.08.001,https://www.sciencedirect.com/science/article/pii/S2352864822001626,article,Yes,Unique,Rejected,EC5 - EC2,,Rejected,EC5 - EC2,,EC5 - EC2,,,,,,,Excluded
R0160,ACM Digital Library,2026-07-06,False,"Nuanced Differences, Profound Impact: A Comparative Learning-Enhanced Knowledge Graph Recommender for Expert Identification in Specialized Medical Fields","Jiang, Hongxun and Xu, Yechi and Wu, Xiaonan and Yang, Tuo and Zhang, Wenping",2026,ACM Trans. Inf. Syst.,10.1145/3797873,https://doi.org/10.1145/3797873,article,Yes,Unique,Rejected,EC5 - EC2 - Non-security IoT applications,,Rejected,EC5 - EC2 - Non-security IoT applications,,EC5 - EC2,,,,,,,Excluded
R0270,ScienceDirect,2026-07-06,False,Review on security of federated learning and its application in healthcare,Hao Li and Chengcheng Li and Jian Wang and Aimin Yang and Zezhong Ma and Zunqian Zhang and Dianbo Hua,2023,Future Generation Computer Systems,10.1016/j.future.2023.02.021,https://www.sciencedirect.com/science/article/pii/S0167739X23000626,article,Yes,Unique,Rejected,EC5 - EC2 — unrelated domain (no network security or IoT context),,Rejected,EC5 - EC2 — unrelated domain (no network security or IoT context),,EC5 - EC2,,,,,,,Excluded
R0158,ACM Digital Library,2026-07-06,False,Evaluating Digital Twin Visualisations for Safety and Trust in Robot-Assisted Dressing,"Cogurcu, Yunus Emre and Bartolomei, Mirco and James, Baslin A and Law, James and Douthwaite, James A. and Rafiq, Yasmin and Mihaylova, Lyudmila and Dogramadzi, Sanja",2026,J. Hum.-Robot Interact.,10.1145/3805805,https://doi.org/10.1145/3805805,article,Yes,Unique,Rejected,EC5 - EC2 — unrelated domain (robotic; no network security or IoT context),,Rejected,EC5 - EC2 — unrelated domain (robotic; no network security or IoT context),,EC5 - EC2,,,,,,,Excluded
R1500,SpringerLink,2026-07-06,False,"World Congress on Osteoporosis, Osteoarthritis and Musculoskeletal Diseases (WCO-IOF-ESCEO 2019): Posters Abstracts",,2019,Osteoporosis International,10.1007/s00198-019-04993-w,https://link.springer.com/article/10.1007/s00198-019-04993-w,Article,Yes,Unique,Rejected,EC5 — unrelated domain (clinical medicine / musculoskeletal diseases congress abstracts; no network security or IoT context),,Rejected,EC5 — unrelated domain (clinical medicine / musculoskeletal diseases congress abstracts; no network security or IoT context),,EC5 - EC2,,,,,,,Excluded
R0162,ACM Digital Library,2026-07-06,False,Design of Attendance Ledger using Hyperledger Framework,"Veeramani, Karthika and Jaganathan, Suresh and D, Venkatavara Prasad",2025,Proceedings of the 2025 7th Blockchain and Internet of Things Conference,10.1145/3760550.3760556,https://doi.org/10.1145/3760550.3760556,inproceedings,Yes,Unique,Rejected,EC5-EC2 - Non-security IoT applications,,Rejected,EC5-EC2 - Non-security IoT applications,,EC5 - EC2,,,,,,,Excluded
R0107,ACM Digital Library,2026-07-06,False,Multi-Featured Anomaly Detection for Mobile Edge Computing Based UAV Delivery Systems,"Xu, Leilei and Liu, Xiao and Jiang, Frank and Xu, Yi and Yao, Aiting and Xu, Jia and Li, Xuejun",2023,Proceedings of the 2023 Australasian Computer Science Week,10.1145/3579375.3579383,https://doi.org/10.1145/3579375.3579383,inproceedings,Yes,Unique,Rejected,EC7,,Rejected,EC7,,EC7,,,,,,,Excluded
R0706,SpringerLink,2026-07-06,False,"Emerging AI threats in cybercrime: a review of zero-day attacks via machine, deep, and federated learning",Suhail Adel AlansarySarah M. AyyadFatma M. TalaatMahmoud M. Saafan,2025,Knowledge and Information Systems,10.1007/s10115-025-02556-6,https://link.springer.com/article/10.1007/s10115-025-02556-6,Article,Yes,Unique,Rejected,EC7 - survey or systematic review,OpenAlex,Rejected,EC7 - survey or systematic review,,EC7,,,,,,,Excluded
R0943,SpringerLink,2026-07-06,False,"A systematic review of artificial intelligence applications in Internet of Things, blockchain, and quantum cryptography",Ketema AdereSeble HailuMesfin AbebeArarso KemalSemere W. SilassieAlemybrah TseghaiGizachew HaileBereket TamiratWudu BitewDereje RegassaZelalem GizachewWengelawit Alemu,2026,Discover Artificial Intelligence,10.1007/s44163-026-01029-1,https://link.springer.com/article/10.1007/s44163-026-01029-1,Article,Yes,Unique,Rejected,EC7 e EC2,OpenAlex,Rejected,EC7 e EC2,,EC7 - EC2,,,,,,,Excluded
R1142,SpringerLink,2026-07-06,False,Deep learning based skin lesion detection in dermoscopic images enhanced by ant colony optimization,Yashaswini Gowda NManjunath R V,2026,Evolving Systems,10.1007/s12530-026-09798-x,https://link.springer.com/article/10.1007/s12530-026-09798-x,Article,Yes,Unique,Rejected,Medical imaging / clinical diagnosis (non-security),,Rejected,Medical imaging / clinical diagnosis (non-security),,EC2,,,,,,,Excluded
R1221,SpringerLink,2026-07-06,False,A contrastive graph-transformer network model for multimodal sentiment analysis,Hoang Nam DoHuyen Trang PhanNgoc Thanh Nguyen,2026,Applied Intelligence,10.1007/s10489-026-07235-9,https://link.springer.com/article/10.1007/s10489-026-07235-9,Article,Yes,Unique,Rejected,Natural language / speech / vision (non-security),,Rejected,Natural language / speech / vision (non-security),,EC2,,,,,,,Excluded
R1253,SpringerLink,2026-07-06,False,A blockchain and reflection equivariant quantum networks-driven drug supply chain management and recommendation system for the smart pharmaceutical sector,Anwar Ahamed ShaikhAasim MirElangovan MuniyandyBoddepalli Kiran Kumar,2025,Evolving Systems,10.1007/s12530-025-09757-y,https://link.springer.com/article/10.1007/s12530-025-09757-y,Article,Yes,Unique,Rejected,Natural language / speech / vision (non-security),,Rejected,Natural language / speech / vision (non-security),,EC2,,,,,,,Excluded
R1174,SpringerLink,2026-07-06,False,Ubiquitous Artificial Pancreas: Blockchain-Secured AI-Driven Digital Twin for&#xa0;IoT-Enabled Insulin Pumps in&#xa0;Type 1 Diabetes Management,P. BalakrishnanA. Anny LeemaArun Kumar Sangaiah,2026,"Ubi-Media Computing, Pervasive Systems, Algorithms and Networks",10.1007/978-981-96-6291-3_13,https://link.springer.com/chapter/10.1007/978-981-96-6291-3_13,Conference paper,Yes,Unique,Rejected,Non-security IoT applications,,Rejected,Non-security IoT applications,,EC2,,,,,,,Excluded
R1280,SpringerLink,2026-07-06,False,Quality of Service Enhancement for IoT-Based Smart Office System Using Ad Hoc On-Demand Distance Vector-Smart Control Ration Control Algorithm (AODV-SRCA),Lawrence Nforh CheSuhRamón Ángel Fernández-DíazJose Aveleria-MataMartín Bayón-GutiérrezSergio Rubio MartínHéctor Alaiz-Moretón,2024,International Joint Conferences,10.1007/978-3-031-75016-8_23,https://link.springer.com/chapter/10.1007/978-3-031-75016-8_23,Conference paper,Yes,Unique,Rejected,Non-security IoT applications,,Rejected,Non-security IoT applications,,EC2,,,,,,,Excluded
R0968,SpringerLink,2026-07-06,False,Energy Efficient Cybersecurity and Blockchain-Enhanced Data Privacy in Smart Grid Infrastructure for Secure Energy Transactions,B. SrinivasaraoShaik Reddi KhasimM. LavanyaK. Antony SudhaGaurav Vishnu LondheSatish SamptaroSalunkhe,2026,"Iranian Journal of Science and Technology, Transactions of Electrical Engineering",10.1007/s40998-026-01061-y,https://link.springer.com/article/10.1007/s40998-026-01061-y,Article,Yes,Unique,Rejected,Supply chain / agriculture / vehicles / energy (non-healthcare IoT),,Rejected,Supply chain / agriculture / vehicles / energy (non-healthcare IoT),,EC1,,,,,,,Excluded
R1017,SpringerLink,2026-07-06,False,Blockchain and machine learning based security framework for autonomous vehicle ecosystems in the context of smart cities,Shamneesh SharmaSunitaChetan SharmaAnkur SodhiVivek Bhardwaj,2026,SN Social Sciences,10.1007/s43545-026-01325-8,https://link.springer.com/article/10.1007/s43545-026-01325-8,Article,Yes,Unique,Rejected,Supply chain / agriculture / vehicles / energy (non-healthcare IoT),,Rejected,Supply chain / agriculture / vehicles / energy (non-healthcare IoT),,EC1,,,,,,,Excluded
R1087,SpringerLink,2026-07-06,False,Machine Learning Applications for the Smart Grid Infrastructure,Sonu KumarY. Lalitha KameswariB. PragathiS. Koteswara Rao,2023,Data Analytics for Smart Grids Applications—A Key to Smart City Development,10.1007/978-3-031-46092-0_8,https://link.springer.com/chapter/10.1007/978-3-031-46092-0_8,Chapter,Yes,Unique,Rejected,Supply chain / agriculture / vehicles / energy (non-healthcare IoT),,Rejected,Supply chain / agriculture / vehicles / energy (non-healthcare IoT),,EC1,,,,,,,Excluded
R1428,SpringerLink,2026-07-06,False,Big Data in Smart Grid and Edge Computing of the IoT,Xianwu ZengShuping Bao,2023,Key Technologies of Internet of Things and Smart Grid,10.1007/978-981-99-7603-4_5,https://link.springer.com/chapter/10.1007/978-981-99-7603-4_5,Chapter,Yes,Unique,Rejected,Supply chain / agriculture / vehicles / energy (non-healthcare IoT),,Rejected,Supply chain / agriculture / vehicles / energy (non-healthcare IoT),,EC1,,,,,,,Excluded
R1452,SpringerLink,2026-07-06,False,SCMABC Algorithm-based routing for secure and efficient data transmission in smart grid AMI networks,G. Starlin BeulaS. Wilfred Franklin,2024,Peer-to-Peer Networking and Applications,10.1007/s12083-024-01773-0,https://link.springer.com/article/10.1007/s12083-024-01773-0,Article,Yes,Unique,Rejected,Supply chain / agriculture / vehicles / energy (non-healthcare IoT),,Rejected,Supply chain / agriculture / vehicles / energy (non-healthcare IoT),,EC1,,,,,,,Excluded
R0999,SpringerLink,2026-07-06,False,A systematic review of innovations for real-time image security in IoT applications using machine learning and blockchain,Manish RaiSunil KumarPramod Singh Rathore,2024,Journal of Intelligent Manufacturing,10.1007/s10845-024-02535-8,https://link.springer.com/article/10.1007/s10845-024-02535-8,Article,Yes,Unique,Rejected,Survey / review in clearly unrrelated domain,,Rejected,Survey / review in clearly unrrelated domain,,EC1,,,,,,,Excluded
R1139,SpringerLink,2026-07-06,False,"An Iterative Systematic Analytical Review of Blockchain-Enabled Federated Learning with Secure Incentive Mechanism, Trust Management, and Adversarial Defence Mechanisms",Geetanjali P. RokadeSonali D. Patil,2026,Proceedings of Fifth International Conference on Computing and Communication Networks,10.1007/978-3-032-14197-2_12,https://link.springer.com/chapter/10.1007/978-3-032-14197-2_12,Conference paper,Yes,Unique,Rejected,Survey / review in clearly unrrelated domain,,Rejected,Survey / review in clearly unrrelated domain,,EC1,,,,,,,Excluded
R1281,SpringerLink,2026-07-06,False,A Review on&#xa0;Secure and&#xa0;Private Edge Computing with&#xa0;Federated Learning,Jiajie XuXuanru GuoHongyi LyuHaolong XiangXuyun Zhang,2026,Synergies in Data Analytics and Cyber Security,10.1007/978-981-95-2680-2_37,https://link.springer.com/chapter/10.1007/978-981-95-2680-2_37,Conference paper,Yes,Unique,Rejected,Survey / review in clearly unrrelated domain,,Rejected,Survey / review in clearly unrrelated domain,,EC1,,,,,,,Excluded
R1303,SpringerLink,2026-07-06,False,A review of security threats and privacy issues in federated learning,Abhishek Kumar AgrahariAarti Gautam DinkerRajendra Bahadur Singh,2026,International Journal of Data Science and Analytics,10.1007/s41060-026-01067-z,https://link.springer.com/article/10.1007/s41060-026-01067-z,Article,Yes,Unique,Rejected,Survey / review in clearly unrrelated domain,,Rejected,Survey / review in clearly unrrelated domain,,EC1,,,,,,,Excluded
R1340,SpringerLink,2026-07-06,False,A survey on various security protocols of edge computing,Tathagata BhattacharyaAdithya Vardhan PeddiSrikanth PonagantiSai Teja Veeramalla,2024,The Journal of Supercomputing,10.1007/s11227-024-06678-6,https://link.springer.com/article/10.1007/s11227-024-06678-6,Article,Yes,Unique,Rejected,Survey / review in clearly unrrelated domain,,Rejected,Survey / review in clearly unrrelated domain,,EC1,,,,,,,Excluded
R0557,SpringerLink,2026-07-06,False,Explainable Artificial Intelligence (XAI) in IoT and WSN Security: A Systematic Review,Khushboo JainSunil KumarVarun SapraArun Agarwal,2026,Archives of Computational Methods in Engineering,10.1007/s11831-026-10623-6,https://link.springer.com/article/10.1007/s11831-026-10623-6,Article,Yes,Unique,Moved to background,Survey/review — moved to surveys_srls for background use; excluded from primary study screening,,Rejected,Secondary study,,EC7,,,,,,,Excluded
R0572,SpringerLink,2026-07-06,False,Integration of metaheuristic and machine learning in Cloud-Fog-Edge IoMT applications: a survey,Zahia LalamaLakhdar GoudjilSarra CherbalLemia Louail,2025,Cluster Computing,10.1007/s10586-025-05442-6,https://link.springer.com/article/10.1007/s10586-025-05442-6,Article,Yes,Unique,Moved to background,Survey/review — moved to surveys_srls for background use; excluded from primary study screening,,Rejected,Secondary study,,EC7,,,,,,,Excluded
R0588,SpringerLink,2026-07-06,False,An extensive survey of explainable artificial intelligence approaches in different domains,Chidambaram VivekP.C Karthik,2026,Journal of Ambient Intelligence and Humanized Computing,10.1007/s12652-026-05103-5,https://link.springer.com/article/10.1007/s12652-026-05103-5,Article,Yes,Unique,Moved to background,Survey/review — moved to surveys_srls for background use; excluded from primary study screening,,Rejected,Secondary study,,EC7,,,,,,,Excluded
R0589,SpringerLink,2026-07-06,False,A Review on Feature Selection Techniques and its Significance on IoT IDS,Supongmen WallingSibesh Lodh,2025,SN Computer Science,10.1007/s42979-025-04480-6,https://link.springer.com/article/10.1007/s42979-025-04480-6,Article,Yes,Unique,Moved to background,Survey/review — moved to surveys_srls for background use; excluded from primary study screening,,Rejected,Secondary study,,EC7,,,,,,,Excluded
R0604,SpringerLink,2026-07-06,False,Deep Learning Methods for Intrusion Detection Systems on the CSE-CIC-IDS2018 Dataset: A Review,Yuksel CelikErdal BasaranSanjay Goel,2025,Digital Forensics and Cyber Crime,10.1007/978-3-031-89363-6_3,https://link.springer.com/chapter/10.1007/978-3-031-89363-6_3,Conference paper,Yes,Unique,Moved to background,Survey/review — moved to surveys_srls for background use; excluded from primary study screening,,Rejected,Secondary study,,EC7,,,,,,,Excluded
R0661,SpringerLink,2026-07-06,False,"Federated learning for heart disease detection and classification in edge enabled IoMT-based healthcare: taxonomy, challenges, and opportunities",Muhammad Amir KhanAbdul Khader Jilani SaudagarMuhammad Mateen YaqoobMuhammad NazirAbdullah YousafzaiSardar Khaliq uz ZamanYazeed Masaud AlkhrijahTehseen Mazhar,2025,Computing,10.1007/s00607-025-01572-2,https://link.springer.com/article/10.1007/s00607-025-01572-2,Article,Yes,Unique,Moved to background,Survey/review — moved to surveys_srls for background use; excluded from primary study screening,,Rejected,Secondary study,,EC7,,,,,,,Excluded
R0707,SpringerLink,2026-07-06,False,"Intrusion Detection Systems for Enhanced Security in Mobile Edge Computing: A Systematic Review and Survey of the Applications, Challenges, and Future Directions",Komeil MoghaddasiShakiba RajabiMehdi Hosseinzadeh,2025,Wireless Personal Communications,10.1007/s11277-025-11846-9,https://link.springer.com/article/10.1007/s11277-025-11846-9,Article,Yes,Unique,Moved to background,Survey/review — moved to surveys_srls for background use; excluded from primary study screening,,Rejected,Secondary study,,EC7,,,,,,,Excluded
R0717,SpringerLink,2026-07-06,False,Advances in deep learning intrusion detection over encrypted data with privacy preservation: a systematic review,Fatma HendaouiAhlem FerchichiLamia TrabelsiRahma MeddebRawia AhmedManel Khazri Khelifi,2024,Cluster Computing,10.1007/s10586-024-04424-4,https://link.springer.com/article/10.1007/s10586-024-04424-4,Article,Yes,Unique,Moved to background,Survey/review — moved to surveys_srls for background use; excluded from primary study screening,,Rejected,Secondary study,,EC7,,,,,,,Excluded
R0771,SpringerLink,2026-07-06,False,A Systematic Review Paper on Attack Detection Systems in Internet of Things Environment,Umang KantVinod Kumar,2025,Cyber Intelligence and Information Retrieval,10.1007/978-981-97-7603-0_36,https://link.springer.com/chapter/10.1007/978-981-97-7603-0_36,Conference paper,Yes,Unique,Moved to background,Survey/review — moved to surveys_srls for background use; excluded from primary study screening,,Rejected,Secondary study,,EC7,,,,,,,Excluded
R0773,SpringerLink,2026-07-06,False,Data-driven models for electricity theft and anomalous power consumption detection: a systematic review,Rajesh NayakJaidhar C D,2025,Applied Intelligence,10.1007/s10489-025-06663-3,https://link.springer.com/article/10.1007/s10489-025-06663-3,Article,Yes,Unique,Moved to background,Survey/review — moved to surveys_srls for background use; excluded from primary study screening,,Rejected,Secondary study,,EC7,,,,,,,Excluded
R0780,SpringerLink,2026-07-06,False,A Comprehensive Review on Swarm Intelligence and Machine Learning Based Diagnostic Techniques for Automated Disease Diagnosis,Rimmy ChuchraManik SharmaSanjeev Kumar Sharma,2026,Archives of Computational Methods in Engineering,10.1007/s11831-026-10550-6,https://link.springer.com/article/10.1007/s11831-026-10550-6,Article,Yes,Unique,Moved to background,Survey/review — moved to surveys_srls for background use; excluded from primary study screening,,Rejected,Secondary study,,EC7,,,,,,,Excluded
R0805,SpringerLink,2026-07-06,False,Advancing Security in&#xa0;Healthcare IoT: A Literature Review on&#xa0;MitM Attack Detection and&#xa0;Mitigation Using Machine Learning and&#xa0;Encryption Techniques,Mohamad Abdallah MohamadBassel Soudan,2025,Proceedings of the Fourth International Conference on Innovations in Computing Research (ICR’25),10.1007/978-3-031-95652-2_13,https://link.springer.com/chapter/10.1007/978-3-031-95652-2_13,Conference paper,Yes,Unique,Moved to background,Survey/review — moved to surveys_srls for background use; excluded from primary study screening,,Rejected,Secondary study,,EC7,,,,,,,Excluded
R0807,SpringerLink,2026-07-06,False,A Systematic Literature Review of Network Intrusion Detection System Models,YogeshLalit Mohan Goyal,2023,"Proceedings of International Conference on Paradigms of Communication, Computing and Data Analytics",10.1007/978-981-99-4626-6_38,https://link.springer.com/chapter/10.1007/978-981-99-4626-6_38,Conference paper,Yes,Unique,Moved to background,Survey/review — moved to surveys_srls for background use; excluded from primary study screening,,Rejected,Secondary study,,EC7,,,,,,,Excluded
R0824,SpringerLink,2026-07-06,False,A Survey of Machine Learning Techniques for Diabetes Prediction: Current Trends and Future Directions,Mudra NarasimharaoBiswaranjan SwainRahul PriyadarshiPraveen Priyaranjan NayakSatyanarayan Bhuyan,2025,Archives of Computational Methods in Engineering,10.1007/s11831-025-10450-1,https://link.springer.com/article/10.1007/s11831-025-10450-1,Article,Yes,Unique,Moved to background,Survey/review — moved to surveys_srls for background use; excluded from primary study screening,,Rejected,Secondary study,,EC7,,,,,,,Excluded
R0852,SpringerLink,2026-07-06,False,A comprehensive survey on federated learning for privacy preservation in digital healthcare applications,Rohit KanauziaMridula SinghSagar GulatiBrij Mohan SinghNeha AroraKamal Kumar Gola,2026,Knowledge and Information Systems,10.1007/s10115-025-02673-2,https://link.springer.com/article/10.1007/s10115-025-02673-2,Article,Yes,Unique,Moved to background,Survey/review — moved to surveys_srls for background use; excluded from primary study screening,,Rejected,Secondary study,,EC7,,,,,,,Excluded
R0854,SpringerLink,2026-07-06,False,Comparative Systematic Review on&#xa0;Intelligent Threat Detection in&#xa0;Cloud Computing,Edgar David Vasquez  ColterRicardo Manuel Arias VelásquezLisseth Zulay Tejada Espinoza,2026,Focus on Artificial Intelligence in Intelligent Systems Design,10.1007/978-3-032-22091-2_8,https://link.springer.com/chapter/10.1007/978-3-032-22091-2_8,Conference paper,Yes,Unique,Moved to background,Survey/review — moved to surveys_srls for background use; excluded from primary study screening,,Rejected,Secondary study,,EC7,,,,,,,Excluded
R0858,SpringerLink,2026-07-06,False,Intrusion Detection Approaches in Healthcare Systems: An Overview,Chaimae HazmanMaryam DouibaAzidine GuezzazVinayakumar RaviMourade AzrourSaid Benkirane,2026,Reliability in Cyber-Physical Systems: The Human Factor Perspective,10.1007/978-3-032-09917-4_9,https://link.springer.com/chapter/10.1007/978-3-032-09917-4_9,Chapter,Yes,Unique,Moved to background,Survey/review — moved to surveys_srls for background use; excluded from primary study screening,,Rejected,Secondary study,,EC7,,,,,,,Excluded
R0867,SpringerLink,2026-07-06,False,A survey on the contribution of ML and DL to the detection and prevention of botnet attacks,Yassine EL YamaniYoussef BaddiNajib EL Kamoun,2024,Journal of Reliable Intelligent Environments,10.1007/s40860-024-00226-y,https://link.springer.com/article/10.1007/s40860-024-00226-y,Article,Yes,Unique,Moved to background,Survey/review — moved to surveys_srls for background use; excluded from primary study screening,,Rejected,Secondary study,,EC7,,,,,,,Excluded
R0881,SpringerLink,2026-07-06,False,A Systematic Literature Review of Machine Learning-Based Solutions for Enhancing IoT Security,Muskan GargSima,2025,Proceedings of International Conference on Next-Generation Communication and Computing,10.1007/978-981-96-3728-7_28,https://link.springer.com/chapter/10.1007/978-981-96-3728-7_28,Conference paper,Yes,Unique,Moved to background,Survey/review — moved to surveys_srls for background use; excluded from primary study screening,,Rejected,Secondary study,,EC7,,,,,,,Excluded
R0896,SpringerLink,2026-07-06,False,Impact of Machine Learning in Cybersecurity: A Critical Review with Insights on the Internet of Things,Om UtsavG. L. SainiDeepak Panwar,2024,Advances in Data-Driven Computing and Intelligent Systems,10.1007/978-981-99-9531-8_29,https://link.springer.com/chapter/10.1007/978-981-99-9531-8_29,Conference paper,Yes,Unique,Moved to background,Survey/review — moved to surveys_srls for background use; excluded from primary study screening,,Rejected,Secondary study,,EC7,,,,,,,Excluded
R0914,SpringerLink,2026-07-06,False,"A deep&#xa0;analysis of nature-inspired and meta-heuristic algorithms for designing intrusion detection systems in cloud/edge and IoT: state-of-the-art techniques, challenges, and future directions",Wengui HuQingsong CaoMehdi DarbandiNima Jafari Navimipour,2024,Cluster Computing,10.1007/s10586-024-04385-8,https://link.springer.com/article/10.1007/s10586-024-04385-8,Article,Yes,Unique,Moved to background,Survey/review — moved to surveys_srls for background use; excluded from primary study screening,,Rejected,Secondary study,,EC7,,,,,,,Excluded
R0951,SpringerLink,2026-07-06,False,"A Comprehensive Survey Inspired by Elephant Optimization Algorithms: Comprehensive Analysis, Scrutinizing Analysis, and Future Research Directions",Mehdi HosseinzadehJawad TanveerAmir Masoud RahmaniRamin AbbaszadiFarhad Soleimanian GharehchopoghThantrira PorntaveetusSang-Woong Lee,2025,Archives of Computational Methods in Engineering,10.1007/s11831-025-10303-x,https://link.springer.com/article/10.1007/s11831-025-10303-x,Article,Yes,Unique,Moved to background,Survey/review — moved to surveys_srls for background use; excluded from primary study screening,,Rejected,Secondary study,,EC7,,,,,,,Excluded
R0967,SpringerLink,2026-07-06,False,A systematic survey on clustering in federated learning,Zouheir BelfekiMoez KrichenSalah Zidi,2026,Multimedia Tools and Applications,10.1007/s11042-026-21541-x,https://link.springer.com/article/10.1007/s11042-026-21541-x,Article,Yes,Unique,Moved to background,Survey/review — moved to surveys_srls for background use; excluded from primary study screening,,Rejected,Secondary study,,EC7,,,,,,,Excluded
R0981,SpringerLink,2026-07-06,False,Exploring the Landscape of IoT Ransomware Prediction Through Machine Learning Techniques: A Comprehensive Survey,Ines GharbiMohamed BelaouedAbdelouahid DerhabKamel Barkaoui,2025,SN Computer Science,10.1007/s42979-025-03765-0,https://link.springer.com/article/10.1007/s42979-025-03765-0,Article,Yes,Unique,Moved to background,Survey/review — moved to surveys_srls for background use; excluded from primary study screening,,Rejected,Secondary study,,EC7,,,,,,,Excluded
R1007,SpringerLink,2026-07-06,False,Distributed Artificial Intelligence for Cybersecurity in Internet of Things: A Survey,Rachid HdidouMohamed El Alami,2026,Proceedings of the International Conference on Advanced Communications with Modern Circuits and Systems Technologies,10.1007/978-3-032-18857-1_49,https://link.springer.com/chapter/10.1007/978-3-032-18857-1_49,Conference paper,Yes,Unique,Moved to background,Survey/review — moved to surveys_srls for background use; excluded from primary study screening,,Rejected,Secondary study,,EC7,,,,,,,Excluded
R1012,SpringerLink,2026-07-06,False,"Toward a unified computing paradigm: a survey and roadmap for data management in integrated IoT, fog, and cloud services",Atefeh HemmatiNavid KhaledianAmir Masoud Rahmani,2026,Peer-to-Peer Networking and Applications,10.1007/s12083-025-02183-6,https://link.springer.com/article/10.1007/s12083-025-02183-6,Article,Yes,Unique,Moved to background,Survey/review — moved to surveys_srls for background use; excluded from primary study screening,,Rejected,Secondary study,,EC7,,,,,,,Excluded
R1030,SpringerLink,2026-07-06,False,"A Comprehensive Overview of PSO-LSTM Approaches: Applications, Analytical Insights, and Future Opportunities",Mehdi HosseinzadehJawad TanveerAmir Masoud RahmaniFarhad Soleimanian GharehchopoghNorfadzlia Mohd YusofParisa KhoshvaghtZhe LiuThantrira PorntaveetusSang-Woong Lee,2025,Archives of Computational Methods in Engineering,10.1007/s11831-025-10445-y,https://link.springer.com/article/10.1007/s11831-025-10445-y,Article,Yes,Unique,Moved to background,Survey/review — moved to surveys_srls for background use; excluded from primary study screening,,Rejected,Secondary study,,EC7,,,,,,,Excluded
R1034,SpringerLink,2026-07-06,False,Generative adversarial networks-based security and applications in cloud computing: a survey,Shiyu WangMing YinYiwen LiuGuofeng He,2024,Telecommunication Systems,10.1007/s11235-024-01166-x,https://link.springer.com/article/10.1007/s11235-024-01166-x,Article,Yes,Unique,Moved to background,Survey/review — moved to surveys_srls for background use; excluded from primary study screening,,Rejected,Secondary study,,EC7,,,,,,,Excluded
R1036,SpringerLink,2026-07-06,False,"Cybersecurity in IoT-Enabled Cyber-Physical Systems: A Comprehensive Review of Threats, Defenses, and Computational Intelligence Approaches",Teevr NarainNidhi SindhwaniRashmi VashisthAman Dahiya,2026,AI for Knowledge Synthesis and Predictions,10.1007/978-3-032-20121-8_25,https://link.springer.com/chapter/10.1007/978-3-032-20121-8_25,Conference paper,Yes,Unique,Moved to background,Survey/review — moved to surveys_srls for background use; excluded from primary study screening,,Rejected,Secondary study,,EC7,,,,,,,Excluded
R1040,SpringerLink,2026-07-06,False,"A Comprehensive Survey on Fog Computing: Architectures, Techniques, Challenges, and Future Directions",Prachi ChaturvediShahnawaz AhmadArvind Mewada,2026,Archives of Computational Methods in Engineering,10.1007/s11831-026-10579-7,https://link.springer.com/article/10.1007/s11831-026-10579-7,Article,Yes,Unique,Moved to background,Survey/review — moved to surveys_srls for background use; excluded from primary study screening,,Rejected,Secondary study,,EC7,,,,,,,Excluded
R1042,SpringerLink,2026-07-06,False,Internet of Things intrusion detection systems: a comprehensive review and future directions,Arash HeidariMohammad Ali Jabraeil Jamali,2022,Cluster Computing,10.1007/s10586-022-03776-z,https://link.springer.com/article/10.1007/s10586-022-03776-z,Article,Yes,Unique,Moved to background,Survey/review — moved to surveys_srls for background use; excluded from primary study screening,,Rejected,Secondary study,,EC7,,,,,,,Excluded
R1044,SpringerLink,2026-07-06,False,Application of Generative AI in Health Care: Systematic Review,C. N. PereraH. M. K. K. M. B. HerathMamta Mittal,2025,"Generative AI in Healthcare: Concepts, Methodologies, Tools, and Applications",10.1007/978-981-95-2129-6_10,https://link.springer.com/chapter/10.1007/978-981-95-2129-6_10,Chapter,Yes,Unique,Moved to background,Survey/review — moved to surveys_srls for background use; excluded from primary study screening,,Rejected,Secondary study,,EC7,,,,,,,Excluded
R1055,SpringerLink,2026-07-06,False,White Shark Optimizer and its Applications: A Systematic Review,Mohammed A. AwadallahMalik BraikLeen AlAkhrasSofian KassaymehMohammed Azmi Al-Betar,2025,Archives of Computational Methods in Engineering,10.1007/s11831-025-10469-4,https://link.springer.com/article/10.1007/s11831-025-10469-4,Article,Yes,Unique,Moved to background,Survey/review — moved to surveys_srls for background use; excluded from primary study screening,,Rejected,Secondary study,,EC7,,,,,,,Excluded
R1059,SpringerLink,2026-07-06,False,"A Comprehensive Review of the Tunicate Swarm Algorithm: Variations, Applications, and Results",Rong ZhengAbdelazim G. HussienAnas BouaoudaRui ZhongGang Hu,2025,Archives of Computational Methods in Engineering,10.1007/s11831-025-10228-5,https://link.springer.com/article/10.1007/s11831-025-10228-5,Article,Yes,Unique,Moved to background,Survey/review — moved to surveys_srls for background use; excluded from primary study screening,,Rejected,Secondary study,,EC7,,,,,,,Excluded
R1073,SpringerLink,2026-07-06,False,Integration of artificial intelligence with information security: a systematic literature review,Lokesh NegiPrakash Rao RagiriShobha BhattGeetanjali GargKirti SharmaNidhi Bhatt,2026,Knowledge and Information Systems,10.1007/s10115-025-02613-0,https://link.springer.com/article/10.1007/s10115-025-02613-0,Article,Yes,Unique,Moved to background,Survey/review — moved to surveys_srls for background use; excluded from primary study screening,,Rejected,Secondary study,,EC7,,,,,,,Excluded
R1091,SpringerLink,2026-07-06,False,The shift from centralized analytics to federated learning in smart grids: a comprehensive review,Arifa SultanaKandarpa Kumar Sarma,2026,Knowledge and Information Systems,10.1007/s10115-026-02793-3,https://link.springer.com/article/10.1007/s10115-026-02793-3,Article,Yes,Unique,Moved to background,Survey/review — moved to surveys_srls for background use; excluded from primary study screening,,Rejected,Secondary study,,EC7,,,,,,,Excluded
R1111,SpringerLink,2026-07-06,False,Recent advances in deep learning models: a systematic literature review,Ruchika MalhotraPriya Singh,2023,Multimedia Tools and Applications,10.1007/s11042-023-15295-z,https://link.springer.com/article/10.1007/s11042-023-15295-z,Article,Yes,Unique,Moved to background,Survey/review — moved to surveys_srls for background use; excluded from primary study screening,,Rejected,Secondary study,,EC7,,,,,,,Excluded
R1115,SpringerLink,2026-07-06,False,An Overview of Full-Cycle Data Security for Drone Inspection,Ziwei DingChongbiao ZhangSong Deng,2025,Artificial Intelligence and Robotics,10.1007/978-981-96-2914-5_14,https://link.springer.com/chapter/10.1007/978-981-96-2914-5_14,Conference paper,Yes,Unique,Moved to background,Survey/review — moved to surveys_srls for background use; excluded from primary study screening,,Rejected,Secondary study,,EC7,,,,,,,Excluded
R1135,SpringerLink,2026-07-06,False,Context-aware behavioral authentication and privacy preservation in smartphones: Taxonomy and open research issues,Susmi JacobVinod P.Sajana T. S.,2026,Multimedia Tools and Applications,10.1007/s11042-026-21416-1,https://link.springer.com/article/10.1007/s11042-026-21416-1,Article,Yes,Unique,Moved to background,Survey/review — moved to surveys_srls for background use; excluded from primary study screening,,Rejected,Secondary study,,EC7,,,,,,,Excluded
R1162,SpringerLink,2026-07-06,False,"Emerging artificial intelligence applications: metaverse, IoT, cybersecurity, healthcare - an overview",Neha SharmaNeeru Jindal,2023,Multimedia Tools and Applications,10.1007/s11042-023-17890-6,https://link.springer.com/article/10.1007/s11042-023-17890-6,Article,Yes,Unique,Moved to background,Survey/review — moved to surveys_srls for background use; excluded from primary study screening,,Rejected,Secondary study,,EC7,,,,,,,Excluded
R1167,SpringerLink,2026-07-06,False,Smart Agriculture: A Comprehensive Overview,Alakananda MitraSukrutha L. T. VangipuramAnand K. BapatlaVenkata K. V. V. BathalapalliSaraju P. MohantyElias KougianosChittaranjan Ray,2024,SN Computer Science,10.1007/s42979-024-03319-w,https://link.springer.com/article/10.1007/s42979-024-03319-w,Article,Yes,Unique,Moved to background,Survey/review — moved to surveys_srls for background use; excluded from primary study screening,,Rejected,Secondary study,,EC7,,,,,,,Excluded
R1184,SpringerLink,2026-07-06,False,"Metaheuristic Algorithms Since 2020: Development, Taxonomy, Analysis, and Applications",Arunita DasRebika RaiBuddhadev SasmalKrishna Gopal DhalRuba Abu KhurmaRamesh Saha,2025,Archives of Computational Methods in Engineering,10.1007/s11831-025-10408-3,https://link.springer.com/article/10.1007/s11831-025-10408-3,Article,Yes,Unique,Moved to background,Survey/review — moved to surveys_srls for background use; excluded from primary study screening,,Rejected,Secondary study,,EC7,,,,,,,Excluded
R1188,SpringerLink,2026-07-06,False,A survey on blockchain security for electronic health record,Chandini A GP. I Basarkod,2024,Multimedia Tools and Applications,10.1007/s11042-024-19883-5,https://link.springer.com/article/10.1007/s11042-024-19883-5,Article,Yes,Unique,Moved to background,Survey/review — moved to surveys_srls for background use; excluded from primary study screening,,Rejected,Secondary study,,EC7,,,,,,,Excluded
R1199,SpringerLink,2026-07-06,False,"Deep Learning: A Comprehensive Overview on Techniques, Taxonomy, Applications and Research Directions",Iqbal H. Sarker,2021,SN Computer Science,10.1007/s42979-021-00815-1,https://link.springer.com/article/10.1007/s42979-021-00815-1,Article,Yes,Unique,Moved to background,Survey/review — moved to surveys_srls for background use; excluded from primary study screening,,Rejected,Secondary study,,EC7,,,,,,,Excluded
R1206,SpringerLink,2026-07-06,False,Software defined networks (SDNs) for environmental surveillance : A Survey,Rohit KumarNeha Agrawal,2023,Multimedia Tools and Applications,10.1007/s11042-023-15729-8,https://link.springer.com/article/10.1007/s11042-023-15729-8,Article,Yes,Unique,Moved to background,Survey/review — moved to surveys_srls for background use; excluded from primary study screening,,Rejected,Secondary study,,EC7,,,,,,,Excluded
R1213,SpringerLink,2026-07-06,False,A comprehensive review of lightweight blockchain practices for smart cities: a security and efficacy assessment,Adla PadmaMangayarkarasi RamaiahVinayakumar Ravi,2025,Journal of Reliable Intelligent Environments,10.1007/s40860-025-00254-2,https://link.springer.com/article/10.1007/s40860-025-00254-2,Article,Yes,Unique,Moved to background,Survey/review — moved to surveys_srls for background use; excluded from primary study screening,,Rejected,Secondary study,,EC7,,,,,,,Excluded
R1219,SpringerLink,2026-07-06,False,IoT cybersecurity in 5G and beyond: a systematic literature review,Sandeep PirbhulalSabarathinam ChockalingamAnkur ShuklaHabtamu Abie,2024,International Journal of Information Security,10.1007/s10207-024-00865-5,https://link.springer.com/article/10.1007/s10207-024-00865-5,Article,Yes,Unique,Moved to background,Survey/review — moved to surveys_srls for background use; excluded from primary study screening,,Rejected,Secondary study,,EC7,,,,,,,Excluded
R1222,SpringerLink,2026-07-06,False,Exploring the Synergy Between Blockchain Technology and 6G Networks: A Bibliometric and Systematic Literature Study,Kudakwashe NyandoroDuy Hoang PhamYongHan Ahn,2026,"Sustainable and Smart Cities: Ecological Design, Technological Innovation, and Climate Resilience",10.1007/978-3-032-00545-8_10,https://link.springer.com/chapter/10.1007/978-3-032-00545-8_10,Conference paper,Yes,Unique,Moved to background,Survey/review — moved to surveys_srls for background use; excluded from primary study screening,,Rejected,Secondary study,,EC7,,,,,,,Excluded
R1226,SpringerLink,2026-07-06,False,Toward Cybersecure-by-Design Manufacturing Systems: A Taxonomy of Hardware-Based Approaches for Software Cybersecurity Violation Detection,Eda MarchettiAnikó CostaSanaz Nikghadam-HojjatiJosé BarataAntonello Calabrò,2026,Innovative Intelligent Industrial Production and Logistics,10.1007/978-3-032-15576-4_24,https://link.springer.com/chapter/10.1007/978-3-032-15576-4_24,Conference paper,Yes,Unique,Moved to background,Survey/review — moved to surveys_srls for background use; excluded from primary study screening,,Rejected,Secondary study,,EC7,,,,,,,Excluded
R1227,SpringerLink,2026-07-06,False,"Knowledge-driven federated learning: A systematic literature review on approaches, challenges, and prospects",Xiaogang LinXiaoli ZhaoZilong YinHao PanPanzhao JingWeishan LiKangwei WangYincan Shu,2025,The Journal of Supercomputing,10.1007/s11227-025-07516-z,https://link.springer.com/article/10.1007/s11227-025-07516-z,Article,Yes,Unique,Moved to background,Survey/review — moved to surveys_srls for background use; excluded from primary study screening,,Rejected,Secondary study,,EC7,,,,,,,Excluded
R1228,SpringerLink,2026-07-06,False,"A Comprehensive Survey on Blockchain-Based Privacy, Scalability, and Consensus Mechanism Techniques",Sheikh Moeen ul HaqueShabir Ahmad SofiSahil Sholla,2026,SN Computer Science,10.1007/s42979-025-04693-9,https://link.springer.com/article/10.1007/s42979-025-04693-9,Article,Yes,Unique,Moved to background,Survey/review — moved to surveys_srls for background use; excluded from primary study screening,,Rejected,Secondary study,,EC7,,,,,,,Excluded
R1229,SpringerLink,2026-07-06,False,A comprehensive survey on privacy-preserving recommender system in pervasive environments,Ibtissem Ben OuhibaZahra KodiaNadia Ben Azzouna,2026,CCF Transactions on Pervasive Computing and Interaction,10.1007/s42486-026-00235-1,https://link.springer.com/article/10.1007/s42486-026-00235-1,Article,Yes,Unique,Moved to background,Survey/review — moved to surveys_srls for background use; excluded from primary study screening,,Rejected,Secondary study,,EC7,,,,,,,Excluded
R1232,SpringerLink,2026-07-06,False,Advancements in Security Technologies for Smart Cities: A Comprehensive Overview,Lokesh SinghDeepshikhaMegha Agarwal,2025,Explainable IoT Applications: A Demystification,10.1007/978-3-031-74885-1_24,https://link.springer.com/chapter/10.1007/978-3-031-74885-1_24,Chapter,Yes,Unique,Moved to background,Survey/review — moved to surveys_srls for background use; excluded from primary study screening,,Rejected,Secondary study,,EC7,,,,,,,Excluded
R1235,SpringerLink,2026-07-06,False,A Systematic Literature Review and Future Perspectives for Handling Big Data Analytics in COVID-19 Diagnosis,Nagamani TenaliGatram Rama Mohan Babu,2023,New Generation Computing,10.1007/s00354-023-00211-8,https://link.springer.com/article/10.1007/s00354-023-00211-8,Article,Yes,Unique,Moved to background,Survey/review — moved to surveys_srls for background use; excluded from primary study screening,SemanticScholar,Rejected,Secondary study,,EC7,,,,,,,Excluded
R1240,SpringerLink,2026-07-06,False,Using Machine Learning to Deal with Privacy and Confidentiality in Internet of Things: An Overview,Hiba KandilHafssa Benaboud,2025,Innovations in Smart Cities Applications Volume 8,10.1007/978-3-031-88653-9_73,https://link.springer.com/chapter/10.1007/978-3-031-88653-9_73,Conference paper,Yes,Unique,Moved to background,Survey/review — moved to surveys_srls for background use; excluded from primary study screening,,Rejected,Secondary study,,EC7,,,,,,,Excluded
R1248,SpringerLink,2026-07-06,False,A Survey on the Optimization of Security Components Placement in Internet of Things,Sana SaidJalel Eddine HajlaouiMohamed Nazih Omri,2024,Journal of Network and Systems Management,10.1007/s10922-024-09852-6,https://link.springer.com/article/10.1007/s10922-024-09852-6,Article,Yes,Unique,Moved to background,Survey/review — moved to surveys_srls for background use; excluded from primary study screening,,Rejected,Secondary study,,EC7,,,,,,,Excluded
R1259,SpringerLink,2026-07-06,False,Survey on the application of deep learning in the Internet of Things,Shabnam ShadrooAmir Masoud RahmaniAli Rezaee,2022,Telecommunication Systems,10.1007/s11235-021-00870-2,https://link.springer.com/article/10.1007/s11235-021-00870-2,Article,Yes,Unique,Moved to background,Survey/review — moved to surveys_srls for background use; excluded from primary study screening,,Rejected,Secondary study,,EC7,,,,,,,Excluded
R1262,SpringerLink,2026-07-06,False,Routing revolution: strategic applications of meta-heuristic AI in wireless sensor networks—a comprehensive survey,Yiju ZingNa Zhao,2025,Multimedia Tools and Applications,10.1007/s11042-025-20843-w,https://link.springer.com/article/10.1007/s11042-025-20843-w,Article,Yes,Unique,Moved to background,Survey/review — moved to surveys_srls for background use; excluded from primary study screening,,Rejected,Secondary study,,EC7,,,,,,,Excluded
R1263,SpringerLink,2026-07-06,False,"AI-driven service placement in fog and edge computing environments: a systematic review, taxonomy and future directions",Thatikonda SuprajaPriyanka ChawlaSukhpal Singh Gill,2025,Cluster Computing,10.1007/s10586-025-05759-2,https://link.springer.com/article/10.1007/s10586-025-05759-2,Article,Yes,Unique,Moved to background,Survey/review — moved to surveys_srls for background use; excluded from primary study screening,,Rejected,Secondary study,,EC7,,,,,,,Excluded
R1264,SpringerLink,2026-07-06,False,Edge artificial intelligence for big data: a systematic review,Atefeh HemmatiParisa RaoufiAmir Masoud Rahmani,2024,Neural Computing and Applications,10.1007/s00521-024-09723-w,https://link.springer.com/article/10.1007/s00521-024-09723-w,Article,Yes,Unique,Moved to background,Survey/review — moved to surveys_srls for background use; excluded from primary study screening,,Rejected,Secondary study,,EC7,,,,,,,Excluded
R1271,SpringerLink,2026-07-06,False,Navigating the fusion of federated learning and big data: a systematic review for the AI landscape,Rahul HaripriyaNilay KhareManish PandeySreemoyee Biswas,2025,Cluster Computing,10.1007/s10586-024-05070-6,https://link.springer.com/article/10.1007/s10586-024-05070-6,Article,Yes,Unique,Moved to background,Survey/review — moved to surveys_srls for background use; excluded from primary study screening,,Rejected,Secondary study,,EC7,,,,,,,Excluded
R1272,SpringerLink,2026-07-06,False,Federated Learning on Multimodal Data: A Comprehensive Survey,Yi-Ming LinYuan GaoMao-Guo GongSi-Jia ZhangYuan-Qiao ZhangZhi-Yuan Li,2023,Machine Intelligence Research,10.1007/s11633-022-1398-0,https://link.springer.com/article/10.1007/s11633-022-1398-0,Article,Yes,Unique,Moved to background,Survey/review — moved to surveys_srls for background use; excluded from primary study screening,SemanticScholar,Rejected,Secondary study,,EC7,,,,,,,Excluded
R1283,SpringerLink,2026-07-06,False,"Edge AI: A Taxonomy, Systematic Review and Future Directions",Sukhpal Singh GillMuhammed GolecJianmin HuMinxian XuJunhui DuHuaming WuGuneet Kaur WaliaSubramaniam Subramanian MurugesanBabar AliMohit KumarKejiang YePrabal VermaSurendra KumarFelix CuadradoSteve Uhlig,2024,Cluster Computing,10.1007/s10586-024-04686-y,https://link.springer.com/article/10.1007/s10586-024-04686-y,Article,Yes,Unique,Moved to background,Survey/review — moved to surveys_srls for background use; excluded from primary study screening,SemanticScholar,Rejected,Secondary study,,EC7,,,,,,,Excluded
R1289,SpringerLink,2026-07-06,False,"Data dissemination in IoT networks: state-of-the-art, techniques and open research challenges",Bisma MashooqYashwant SinghSheikh Imroza ManzoorPradeep Kumar Singh,2025,International Journal of System Assurance Engineering and Management,10.1007/s13198-025-02992-1,https://link.springer.com/article/10.1007/s13198-025-02992-1,Article,Yes,Unique,Moved to background,Survey/review — moved to surveys_srls for background use; excluded from primary study screening,,Rejected,Secondary study,,EC7,,,,,,,Excluded
R1291,SpringerLink,2026-07-06,False,"A comprehensive survey on FANET-IoT-IoV interactions: challenges, opportunities, and future directions in 6G-enabled smart cities",Rizwan RazaFarhan Aadil,2025,Computing,10.1007/s00607-025-01602-z,https://link.springer.com/article/10.1007/s00607-025-01602-z,Article,Yes,Unique,Moved to background,Survey/review — moved to surveys_srls for background use; excluded from primary study screening,,Rejected,Secondary study,,EC7,,,,,,,Excluded
R1294,SpringerLink,2026-07-06,False,Recent Reinforcement Learning and Blockchain Based Security Solutions for Internet of Things: Survey,Rim GasmiSarra HammoudiManal LamriSaad Harous,2023,Wireless Personal Communications,10.1007/s11277-023-10664-1,https://link.springer.com/article/10.1007/s11277-023-10664-1,Article,Yes,Unique,Moved to background,Survey/review — moved to surveys_srls for background use; excluded from primary study screening,,Rejected,Secondary study,,EC7,,,,,,,Excluded
R1331,SpringerLink,2026-07-06,False,Resource allocation in fog computing: a&#xa0;survey&#xa0;on current state and research challenges,Amir Mohammad NematiNajme Mansouri,2024,Knowledge and Information Systems,10.1007/s10115-024-02274-5,https://link.springer.com/article/10.1007/s10115-024-02274-5,Article,Yes,Unique,Moved to background,Survey/review — moved to surveys_srls for background use; excluded from primary study screening,,Rejected,Secondary study,,EC7,,,,,,,Excluded
R1333,SpringerLink,2026-07-06,False,Artificial Intelligence-Based Secure Edge Computing Systems for IoTDs and Smart Cities: A Survey,Muhammad AsimChen JunhongLiu WenyinAhmed A. Abd El-Latif,2024,Secure Edge and Fog Computing Enabled AI for IoT and Smart Cities,10.1007/978-3-031-51097-7_13,https://link.springer.com/chapter/10.1007/978-3-031-51097-7_13,Chapter,Yes,Unique,Moved to background,Survey/review — moved to surveys_srls for background use; excluded from primary study screening,,Rejected,Secondary study,,EC7,,,,,,,Excluded
R1352,SpringerLink,2026-07-06,False,Leveraging Healthcare System with Nature-Inspired Computing Techniques: An Overview and Future Perspective,Mohd Faizan SiddiquiAftab AlamRoman KalmatovAzaroual MounaRicardo VillelaAinura MitalipovaYves Najm MradSyed Ali Abbas RahatBhupendra Kumar MagardeWaseem MuhammadSalieva Rana SherbaevnaNazgul TashmatovaUmurzakova Gavkharoi IslamovnaMohammad Ahmad AbuassiZeenat Parween,2023,Nature-Inspired Intelligent Computing Techniques in Bioinformatics,10.1007/978-981-19-6379-7_2,https://link.springer.com/chapter/10.1007/978-981-19-6379-7_2,Chapter,Yes,Unique,Moved to background,Survey/review — moved to surveys_srls for background use; excluded from primary study screening,,Rejected,Secondary study,,EC7,,,,,,,Excluded
R1370,SpringerLink,2026-07-06,False,Cybersecurity Knowledge Representation: A Survey of Ontological Approaches,ShamaSarika Jain,2026,Next-Generation Networks and Deployable Artificial Intelligence,10.1007/978-3-032-15398-2_11,https://link.springer.com/chapter/10.1007/978-3-032-15398-2_11,Conference paper,Yes,Unique,Moved to background,Survey/review — moved to surveys_srls for background use; excluded from primary study screening,,Rejected,Secondary study,,EC7,,,,,,,Excluded
R1376,SpringerLink,2026-07-06,False,"Blockchain for Secure and Scalable Internet of Vehicles: A Comprehensive Survey on Architectures, Consensus Mechanisms, and Privacy",Amira ZaimiaJalel Eddine HajlaouiMohamed Nazih Omri,2026,SN Computer Science,10.1007/s42979-026-04725-y,https://link.springer.com/article/10.1007/s42979-026-04725-y,Article,Yes,Unique,Moved to background,Survey/review — moved to surveys_srls for background use; excluded from primary study screening,,Rejected,Secondary study,,EC7,,,,,,,Excluded
R1388,SpringerLink,2026-07-06,False,"IoT in energy: a comprehensive review of technologies, applications, and future directions",Oroos ArshiAkanksha RaiGauri GuptaJitendra Kumar PandeySurajit Mondal,2024,Peer-to-Peer Networking and Applications,10.1007/s12083-024-01725-8,https://link.springer.com/article/10.1007/s12083-024-01725-8,Article,Yes,Unique,Moved to background,Survey/review — moved to surveys_srls for background use; excluded from primary study screening,,Rejected,Secondary study,,EC7,,,,,,,Excluded
R1398,SpringerLink,2026-07-06,False,State of the art and taxonomy survey on federated learning and blockchain integration in UAV applications,Hela AlayaAsma Ben LetaifaAbderrezak Rachedi,2025,The Journal of Supercomputing,10.1007/s11227-025-07124-x,https://link.springer.com/article/10.1007/s11227-025-07124-x,Article,Yes,Unique,Moved to background,Survey/review — moved to surveys_srls for background use; excluded from primary study screening,,Rejected,Secondary study,,EC7,,,,,,,Excluded
R1400,SpringerLink,2026-07-06,False,Voluntary resource sharing at the network edge to provide cloud services: a systematic survey,Hao WangMahdi Mir,2025,Computing,10.1007/s00607-025-01479-y,https://link.springer.com/article/10.1007/s00607-025-01479-y,Article,Yes,Unique,Moved to background,Survey/review — moved to surveys_srls for background use; excluded from primary study screening,,Rejected,Secondary study,,EC7,,,,,,,Excluded
R1429,SpringerLink,2026-07-06,False,"A Comprehensive Review of the Revolutionary Potential of Blockchain in Safe, Secure, and Sustainable Pharmaceutical Operations",Md. FaiyazuddinKeshav MoharirAmol D. GholapPrasanna Ranjith ChristodossYahya E. ChoonaraKhumblani MnqiwuGowri SundaramMohammad Tahir,2026,Pharmaceutical Research,10.1007/s11095-026-04041-3,https://link.springer.com/article/10.1007/s11095-026-04041-3,Article,Yes,Unique,Moved to background,Survey/review — moved to surveys_srls for background use; excluded from primary study screening,,Rejected,Secondary study,,EC7,,,,,,,Excluded
R1432,SpringerLink,2026-07-06,False,IoT for Enhanced Decision-Making in Medical Information Systems: A Systematic Review,Pantea Keikhosrokiani,2021,Enhanced Telemedicine and e-Health,10.1007/978-3-030-70111-6_6,https://link.springer.com/chapter/10.1007/978-3-030-70111-6_6,Chapter,Yes,Unique,Moved to background,Survey/review — moved to surveys_srls for background use; excluded from primary study screening,,Rejected,Secondary study,,EC7,,,,,,,Excluded
R1435,SpringerLink,2026-07-06,False,"Bio-inspired computation for big data fusion, storage, processing, learning and visualization: state of the art and future directions",Ana I. Torre-BastidaJosu Díaz-de-ArcayaEneko OsabaKhan MuhammadDavid CamachoJavier Del Ser,2021,Neural Computing and Applications,10.1007/s00521-021-06332-9,https://link.springer.com/article/10.1007/s00521-021-06332-9,Article,Yes,Unique,Moved to background,Survey/review — moved to surveys_srls for background use; excluded from primary study screening,SemanticScholar,Rejected,Secondary study,,EC7,,,,,,,Excluded
R1439,SpringerLink,2026-07-06,False,"Role of emerging technologies in future IoT-driven Healthcare 4.0 technologies: a survey, current challenges and future directions",Sreelakshmi KrishnamoorthyAmit DuaShashank Gupta,2021,Journal of Ambient Intelligence and Humanized Computing,10.1007/s12652-021-03302-w,https://link.springer.com/article/10.1007/s12652-021-03302-w,Article,Yes,Unique,Moved to background,Survey/review — moved to surveys_srls for background use; excluded from primary study screening,,Rejected,Secondary study,,EC7,,,,,,,Excluded
R1442,SpringerLink,2026-07-06,False,A Survey on Internet-of-Things Security: Threats and Emerging Countermeasures,Dorsaf SwessiHanen Idoudi,2022,Wireless Personal Communications,10.1007/s11277-021-09420-0,https://link.springer.com/article/10.1007/s11277-021-09420-0,Article,Yes,Unique,Moved to background,Survey/review — moved to surveys_srls for background use; excluded from primary study screening,,Rejected,Secondary study,,EC7,,,,,,,Excluded
R1447,SpringerLink,2026-07-06,False,A Survey of Cyber-Physical Systems Applications (2017–2022),Nastaran JadidiMohsen Varmazyar,2022,Handbook of Smart Energy Systems,10.1007/978-3-030-72322-4_145-1,https://link.springer.com/rwe/10.1007/978-3-030-72322-4_145-1,Living reference work entry,Yes,Unique,Moved to background,Survey/review — moved to surveys_srls for background use; excluded from primary study screening,,Rejected,Secondary study,,EC7,,,,,,,Excluded
R1450,SpringerLink,2026-07-06,False,A comprehensive survey on record management system using blockchain,Shruti JadonH. S. Manoj KumarBhuvan Vijay KumarShaik Adeeba SaherS. M. ChandanaPrasad B. Honnavalli,2026,Cluster Computing,10.1007/s10586-025-05871-3,https://link.springer.com/article/10.1007/s10586-025-05871-3,Article,Yes,Unique,Moved to background,Survey/review — moved to surveys_srls for background use; excluded from primary study screening,,Rejected,Secondary study,,EC7,,,,,,,Excluded
R1458,SpringerLink,2026-07-06,False,"Survey on Edge, Fog Assisted IoT Framework Using Intelligent Learning Techniques",Pranay Deepak SarafMahip M. BarterePrasad P. Lokulwar,2022,"Proceedings of the 2nd International Conference on Recent Trends in Machine Learning, IoT, Smart Cities and Applications",10.1007/978-981-16-6407-6_17,https://link.springer.com/chapter/10.1007/978-981-16-6407-6_17,Conference paper,Yes,Unique,Moved to background,Survey/review — moved to surveys_srls for background use; excluded from primary study screening,,Rejected,Secondary study,,EC7,,,,,,,Excluded
R1462,SpringerLink,2026-07-06,False,A comprehensive survey on scheduling algorithms using fuzzy systems in distributed environments,Zahra Jalali Khalil AbadiNajme Mansouri,2024,Artificial Intelligence Review,10.1007/s10462-023-10632-y,https://link.springer.com/article/10.1007/s10462-023-10632-y,Article,Yes,Unique,Moved to background,Survey/review — moved to surveys_srls for background use; excluded from primary study screening,,Rejected,Secondary study,,EC7,,,,,,,Excluded
R1465,SpringerLink,2026-07-06,False,Nature-inspired optimization algorithms for different computing systems: novel perspective and systematic review,Surabhi KaulYogesh KumarUttam GhoshWaleed Alnumay,2021,Multimedia Tools and Applications,10.1007/s11042-021-11011-x,https://link.springer.com/article/10.1007/s11042-021-11011-x,Article,Yes,Unique,Moved to background,Survey/review — moved to surveys_srls for background use; excluded from primary study screening,,Rejected,Secondary study,,EC7,,,,,,,Excluded
R1466,SpringerLink,2026-07-06,False,"Public key-based search on encrypted data using blockchain and non-blockchain enabled cloud storage: a comprehensive survey, analysis and future research scopes",Debjani MallickAshok Kumar DasUma Sankararao VarriYoungho Park,2025,Cluster Computing,10.1007/s10586-024-05066-2,https://link.springer.com/article/10.1007/s10586-024-05066-2,Article,Yes,Unique,Moved to background,Survey/review — moved to surveys_srls for background use; excluded from primary study screening,,Rejected,Secondary study,,EC7,,,,,,,Excluded
R1472,SpringerLink,2026-07-06,False,A systematic review of the research framework and evolution of smart homes based on the internet of things,Yi SunShihui Li,2021,Telecommunication Systems,10.1007/s11235-021-00787-w,https://link.springer.com/article/10.1007/s11235-021-00787-w,Article,Yes,Unique,Moved to background,Survey/review — moved to surveys_srls for background use; excluded from primary study screening,,Rejected,Secondary study,,EC7,,,,,,,Excluded
R1474,SpringerLink,2026-07-06,False,DDoS attacks in IoT networks: a comprehensive systematic literature review,Yahya Al-HadhramiFarookh Khadeer Hussain,2021,World Wide Web,10.1007/s11280-020-00855-2,https://link.springer.com/article/10.1007/s11280-020-00855-2,Article,Yes,Unique,Moved to background,Survey/review — moved to surveys_srls for background use; excluded from primary study screening,,Rejected,Secondary study,,EC7,,,,,,,Excluded
R1479,SpringerLink,2026-07-06,False,Mobility Driven Cloud-Fog-Edge Framework for Location-Aware Services: A Comprehensive Review,Shreya GhoshSoumya K. Ghosh,2021,Mobile Edge Computing,10.1007/978-3-030-69893-5_10,https://link.springer.com/chapter/10.1007/978-3-030-69893-5_10,Chapter,Yes,Unique,Moved to background,Survey/review — moved to surveys_srls for background use; excluded from primary study screening,SemanticScholar,Rejected,Secondary study,,EC7,,,,,,,Excluded
R1482,SpringerLink,2026-07-06,False,Internet of Things in Health Care: A Survey,Ahmed Izzat AlsalibiMohd Khaled Yousef ShambourMuhannad A. Abu-HashemMohammad ShehabQusai Shambour,2021,Hybrid Artificial Intelligence and IoT in Healthcare,10.1007/978-981-16-2972-3_9,https://link.springer.com/chapter/10.1007/978-981-16-2972-3_9,Chapter,Yes,Unique,Moved to background,Survey/review — moved to surveys_srls for background use; excluded from primary study screening,,Rejected,Secondary study,,EC7,,,,,,,Excluded
R1484,SpringerLink,2026-07-06,False,"A Systematic Survey on Fog steered IoT: Architecture, Prevalent Threats and Trust Models",Richa VermaShalini Chandra,2020,International Journal of Wireless Information Networks,10.1007/s10776-020-00499-z,https://link.springer.com/article/10.1007/s10776-020-00499-z,Article,Yes,Unique,Moved to background,Survey/review — moved to surveys_srls for background use; excluded from primary study screening,,Rejected,Secondary study,,EC7,,,,,,,Excluded
R1485,SpringerLink,2026-07-06,False,The limitations in the state-of-the-art counter-measures against the security threats in H-IoT,Yazdan Ahmad QadriRashid AliArslan MusaddiqFadi Al-TurjmanDae Wan KimSung Won Kim,2020,Cluster Computing,10.1007/s10586-019-03036-7,https://link.springer.com/article/10.1007/s10586-019-03036-7,Article,Yes,Unique,Moved to background,Survey/review — moved to surveys_srls for background use; excluded from primary study screening,,Rejected,Secondary study,,EC7,,,,,,,Excluded
R1490,SpringerLink,2026-07-06,False,NB-IoT Security: A Survey,Vinod KumarRakesh Kumar JhaSanjeev Jain,2020,Wireless Personal Communications,10.1007/s11277-020-07346-7,https://link.springer.com/article/10.1007/s11277-020-07346-7,Article,Yes,Unique,Moved to background,Survey/review — moved to surveys_srls for background use; excluded from primary study screening,,Rejected,Secondary study,,EC7,,,,,,,Excluded
R1495,SpringerLink,2026-07-06,False,"A Survey on Architecture, Protocols and Challenges in IoT",C. C. Sobin,2020,Wireless Personal Communications,10.1007/s11277-020-07108-5,https://link.springer.com/article/10.1007/s11277-020-07108-5,Article,Yes,Unique,Moved to background,Survey/review — moved to surveys_srls for background use; excluded from primary study screening,,Rejected,Secondary study,,EC7,,,,,,,Excluded
R1496,SpringerLink,2026-07-06,False,Greening internet of things for greener and smarter cities: a survey and future prospects,S. H. AlsamhiOu MaMohd. Samar AnsariQingliang Meng,2019,Telecommunication Systems,10.1007/s11235-019-00597-1,https://link.springer.com/article/10.1007/s11235-019-00597-1,Article,Yes,Unique,Moved to background,Survey/review — moved to surveys_srls for background use; excluded from primary study screening,,Rejected,Secondary study,,EC7,,,,,,,Excluded
R1084,SpringerLink,2026-07-06,False,A systematic review on privacy preservation in federated learning,Anika Saba Ibte SumZinniya Taffannum PriteeAnik Kumar SahaMirza Asif MahmudKamruddin Nur,2026,International Journal of Information Security,10.1007/s10207-026-01229-x,https://link.springer.com/article/10.1007/s10207-026-01229-x,Article,Yes,Unique,Moved to background,Survey/review — moved to surveys_srls for background use; excluded from primary study screening,OpenAlex,Rejected,Survey/review — moved to surveys_srls for background use; excluded from primary study screening,,EC7,,,,,,,Excluded
R1122,SpringerLink,2026-07-06,False,Digital Twin-Enabled Incident Detection and Response: A Systematic Review of Critical Infrastructures Applications,Konstantinos E. KampourakisVasileios GkioulosGeorgios KavallieratosJia-Chun Lin,2025,International Journal of Information Security,10.1007/s10207-025-01113-0,https://link.springer.com/article/10.1007/s10207-025-01113-0,Article,Yes,Unique,Moved to background,Survey/review — moved to surveys_srls for background use; excluded from primary study screening,OpenAlex,Rejected,Survey/review — moved to surveys_srls for background use; excluded from primary study screening,,EC7,,,,,,,Excluded
R0088,ACM Digital Library,2026-07-06,False,"A Systematic Review of Intrusion Detection Systems for Internet of Medical Things: Performance, Efficiency, Explainability, and Generalization","Adohinzin, Oswald and Harrath, Youssef",2026,Digital Threats,10.1145/3816026,https://doi.org/10.1145/3816026,article,Yes,Unique,Passed,,,Rejected,Survey/review — moved to surveys_srls for background use; excluded from primary study screening,"IC1, IC2",EC7 — systematic review/mapping study excluded from primary study pool; moved to background,,,,,,,Excluded
R0090,ACM Digital Library,2026-07-06,False,Comparative Analysis of Machine Learning Models for Benign and Malicious Traffic Classification in IoT Healthcare Devices,"Altatar, Enas and Alkhateeb, Aya and Altamimi, Ahmad",2026,Proceedings of the 17th International Conference on Information and Communication Systems,10.1145/3812734.3813439,https://doi.org/10.1145/3812734.3813439,inproceedings,Yes,Unique,Passed,,,Rejected,"The paper uses only supervised classification models (Random Forest, Decision Tree, XGBoost, AdaBoost, Gradient Boosting) without any unsupervised anomaly detection component in the architecture.","IC1, IC2",EC3,,,,,,,Excluded
R0092,ACM Digital Library,2026-07-06,False,Quantum-safe Federated Learning Framework for Cyber Threat Detection in 5G-enabled IoT Ecosystems,"Dey, Arun Kumar and Gupta, Govind P. and Sahu, Satya Prakash",2026,ACM Trans. Internet Technol.,10.1145/3785151,https://doi.org/10.1145/3785151,article,Yes,Unique,Passed,,,Rejected,"While the paper addresses IoT cybersecurity and threat detection using deep learning, it does not specifically focus on IoMT/healthcare environments (IC1 not met), and there is no evidence of a hybrid architecture combining unsupervised anomaly detection with supervised classification (IC3 not met).",IC2,EC1,,,,,,,Excluded
R0094,ACM Digital Library,2026-07-06,False,Network Intrusion Decision Method Based on Dynamic Convolution,"Qian, Haocheng",2026,"Proceedings of the 2025 2nd Symposium on Big Data, Neural Networks, and Deep Learning",10.1145/3784013.3784050,https://doi.org/10.1145/3784013.3784050,inproceedings,Yes,Unique,Passed,,,Rejected,The paper proposes a purely supervised deep learning classification method (dynamic CNN) without any unsupervised anomaly detection component in a hybrid architecture.,IC2,EC3,,,,,,,Excluded
R0095,ACM Digital Library,2026-07-06,False,REST API Testing in DevOps: A Study on an Evolving Healthcare IoT Application,"Sartaj, Hassan and Ali, Shaukat and Marie Gj\o{}by, Julie",2026,ACM Trans. Softw. Eng. Methodol.,10.1145/3765744,https://doi.org/10.1145/3765744,article,Yes,Unique,Passed,,,Rejected,"The paper focuses on REST API testing tools and methodologies in healthcare IoT applications, not on intrusion detection or anomaly detection systems.",IC1,EC2,,,,,,,Excluded
R0096,ACM Digital Library,2026-07-06,False,Revolutionizing IoT Security: A Blockchain and Federated Learning-Based Anomaly Detection System,"Alharthi, Haya and Alshehri, Suhair and Kalkatawi, Manal",2025,Proceedings of the 2024 7th Artificial Intelligence and Cloud Computing Conference,10.1145/3719384.3719466,https://doi.org/10.1145/3719384.3719466,inproceedings,Yes,Unique,Passed,,,Rejected,Paper focuses on federated learning and blockchain architecture for IoT IDS but does not describe a hybrid system combining unsupervised anomaly detection with supervised classification stages.,IC2,EC1,,,,,,,Excluded
R0097,ACM Digital Library,2026-07-06,False,MGIDS: A Graph-based Intrusion Detection System for MQTT-based IoT Networks,"Kumar, Rakesh and Swarnkar, Mayank",2026,ACM Trans. Internet Things,10.1145/3811424,https://doi.org/10.1145/3811424,article,Yes,Unique,Passed,,,Rejected,The paper proposes a graph-based IDS for MQTT IoT networks but does not explicitly describe a hybrid architecture combining unsupervised anomaly detection with supervised classification as required by IC3.,IC2,EC3,,,,,,,Excluded
R0098,ACM Digital Library,2026-07-06,False,Optimizing IoMT Security Using Machine Learning: A Use Case-Based Scoping Review Toward Smart and Connected Health,"Sakib, Nazmus and Rahat, Md. Fazle Rabbi and Hasan, Md Mehedi and Xie, Zongxing",2025,"Proceedings of the ACM/IEEE International Conference on Connected Health: Applications, Systems and Engineering Technologies",10.1145/3721201.3724412,https://doi.org/10.1145/3721201.3724412,inproceedings,Yes,Unique,Passed,,,Rejected,Survey/review — moved to surveys_srls for background use; excluded from primary study screening,"IC1, IC2",IC4/EC5 — survey/scoping review; not a primary research study,,,,,,,Excluded
R0099,ACM Digital Library,2026-07-06,False,A Real-Time Profiling Method to Detect Attacks on IoT Networks Using LSTM and 1-DCNN,"Ben Kalboussi, Khalil and Barika Ktata, Farah and Abed, Mourad and Amous, Ikram",2026,ACM Trans. Web,10.1145/3800705,https://doi.org/10.1145/3800705,article,Yes,Unique,Passed,,,Rejected,"The paper addresses generic IoT networks (smart homes, industrial automation) rather than specifically IoMT/healthcare IoT environments, triggering EC1.",IC2,EC1,,,,,,,Excluded
R0100,ACM Digital Library,2026-07-06,False,AdaFed-HybridGAN: Adaptive Federated Aggregation with GAN-Driven Hybrid Model–Data Synthesis for Efficient Cyber Attack Detection in Edge Computing,"Sharmin, Zeseya and Xiang, Yong and Uddin, Md Palash and Chen, Feifei",2026,Proceedings of the 2026 Australasian Information Security Conference,10.1145/3793638.3793644,https://doi.org/10.1145/3793638.3793644,inproceedings,Yes,Unique,Passed,,,Rejected,The paper focuses on generic edge computing cyber attack detection using ToN_IoT and CSE_CIC_IDS_2018 datasets without specific IoMT/healthcare domain focus.,IC2,EC1,,,,,,,Excluded
R0101,ACM Digital Library,2026-07-06,False,AIDPS: Adaptive Intrusion Detection and Prevention System for Underwater Acoustic Sensor Networks,"Das, Soumadeep and Pasikhani, Aryan Mohammadi and Gope, Prosanta and Clark, John A. and Patel, Chintan and Sikdar, Biplab",2023,IEEE/ACM Trans. Netw.,10.1109/tnet.2023.3313156,https://doi.org/10.1109/TNET.2023.3313156,article,Yes,Unique,Passed,,,Rejected,"The paper addresses underwater acoustic sensor networks (UW-ASNs), not IoMT/healthcare environments, thus failing IC1.","IC2, IC3",EC1,,,,,,,Excluded
R0102,ACM Digital Library,2026-07-06,False,Creating a Trustworthy IDS for Cyber Physical Systems,"Gaitan Cardenas, Maria Camila and Cooper, Alexis and Roy, Kaushik and Mason, Janelle",2025,"Proceedings of the 2025 International Conference on Artificial Intelligence, Big Data, Computing and Data Communication Systems",10.1145/3759023.3759118,https://doi.org/10.1145/3759023.3759118,inproceedings,Yes,Unique,Passed,,,Rejected,The paper focuses on explainability (XAI) and federated learning for CPS intrusion detection but does not describe a hybrid architecture combining unsupervised anomaly detection with supervised classification.,IC2,EC1,,,,,,,Excluded
R0103,ACM Digital Library,2026-07-06,False,DeepSDN: Deep Learning Based Software Defined Network Model for Cyberthreat Detection in IoT Network,"M, Kokila and K, Srinivasa Reddy",2026,ACM Trans. Internet Technol.,10.1145/3737875,https://doi.org/10.1145/3737875,article,Yes,Unique,Passed,,,Rejected,The paper focuses on generic IoT networks (not IoMT/healthcare) and uses a purely deep learning convergence model without the required hybrid architecture combining unsupervised anomaly detection with supervised classification.,IC2,EC1,,,,,,,Excluded
R0104,ACM Digital Library,2026-07-06,False,Toward Enhancing Privacy Preservation of a Federated Learning CNN Intrusion Detection System in IoT: Method and Empirical Study,"Torre, Damiano and Chennamaneni, Anitha and Jo, JaeYun and Vyas, Gitika and Sabrsula, Brandon",2025,ACM Trans. Softw. Eng. Methodol.,10.1145/3695998,https://doi.org/10.1145/3695998,article,Yes,Unique,Passed,,,Rejected,The paper proposes a purely supervised CNN-based IDS without any unsupervised anomaly detection component in a hybrid architecture.,"IC1, IC2",EC3,,,,,,,Excluded
R0105,ACM Digital Library,2026-07-06,False,An ensemble model for intrusion detection in the Internet of Softwarized Things,"Srivastava, Gautam and G, Thippa Reddy and Deepa, N. and Prabadevi, B. and Reddy M, Praveen Kumar",2021,Adjunct Proceedings of the 2021 International Conference on Distributed Computing and Networking,10.1145/3427477.3429987,https://doi.org/10.1145/3427477.3429987,inproceedings,Yes,Unique,Passed,,,Rejected,"The paper addresses generic IoT (Internet of Softwarized Things) using UNSW-NB15 dataset, not IoMT/healthcare domain, triggering EC1.",IC2,EC1,,,,,,,Excluded
R0106,ACM Digital Library,2026-07-06,False,Algorithmic Data Minimization for Machine Learning over Internet-of-Things Data Streams,"Shaowang, Ted and Liu, Shinan and Marques, Jonatas and Feamster, Nick and Krishnan, Sanjay",2025,Proc. VLDB Endow.,10.14778/3773731.3773740,https://doi.org/10.14778/3773731.3773740,article,Yes,Unique,Passed,,,Rejected,"The paper focuses on privacy-preserving data minimization for IoT machine learning without addressing intrusion detection, anomaly detection, or the IoMT/healthcare domain.",,EC2,,,,,,,Excluded
R0108,ACM Digital Library,2026-07-06,False,IoT-AI Security for Dynamic Data-driven Environments,"Sharma, Ankita and Rani, Shalli and Akbar, Muhammad Azeem",2025,Proceedings of the 2025 29th International Conference on Evaluation and Assessment in Software Engineering Companion,10.1145/3727967.3756834,https://doi.org/10.1145/3727967.3756834,inproceedings,Yes,Unique,Passed,,,Rejected,"While the paper mentions healthcare and anomaly detection, it focuses on general predictive analytics across multiple domains (healthcare, education, finance) without specifically addressing IoMT/medical IoT networks or intrusion detection systems.",,EC1,,,,,,,Excluded
R0109,ACM Digital Library,2026-07-06,False,A Robust Deep Learning Framework Based on Spectrograms for Heart Sound Classification,"Chen, Junxin and Guo, Zhihuan and Xu, Xu and Zhang, Li-bo and Teng, Yue and Chen, Yongyong and Wo\'{z}niak, Marcin and Wang, Wei",2023,IEEE/ACM Trans. Comput. Biol. Bioinformatics,10.1109/tcbb.2023.3247433,https://doi.org/10.1109/TCBB.2023.3247433,article,Yes,Unique,Passed,,,Rejected,"The paper focuses on heart sound classification for cardiac disease detection, not intrusion detection or anomaly detection in IoMT networks.",,EC2,,,,,,,Excluded
R0110,ACM Digital Library,2026-07-06,False,Towards an Advanced Deep Learning for the Internet of Behaviors: Application to Connected Vehicles,"Mezair, Tinhinane and Djenouri, Youcef and Belhadi, Asma and Srivastava, Gautam and Lin, Jerry Chun-Wei",2022,ACM Trans. Sen. Netw.,10.1145/3526192,https://doi.org/10.1145/3526192,article,Yes,Unique,Passed,,,Rejected,"Paper focuses on connected vehicles and behavioral pattern classification, not IoMT/healthcare intrusion detection systems.",,EC1,,,,,,,Excluded
R0111,ACM Digital Library,2026-07-06,False,"AI-Enabled IoT Security: A Survey on Advances, Challenges, and Cross-Domain Collaborative Frameworks","Chen, Qi and Tan, Liqiang and Tang, Jingjing and Qu, Xilong",2025,Proceedings of the 2025 8th International Conference on Computer Information Science and Artificial Intelligence,10.1145/3773365.3773619,https://doi.org/10.1145/3773365.3773619,inproceedings,Yes,Unique,Passed,,,Rejected,This is a general IoT security survey without specific focus on IoMT/healthcare domains and does not describe a concrete hybrid IDS architecture combining unsupervised and supervised methods.,,EC1,,,,,,,Excluded
R0112,ACM Digital Library,2026-07-06,False,OTI-IoT: A Blockchain-based Operational Threat Intelligence Framework for Multi-vector DDoS Attacks,"Aguru, Aswani and Erukala, Suresh",2024,ACM Trans. Internet Technol.,10.1145/3664287,https://doi.org/10.1145/3664287,article,Yes,Unique,Passed,,,Rejected,"The paper addresses generic IoT networks for DDoS detection, not specifically IoMT/healthcare IoT environments, failing IC1.",IC2,EC1,,,,,,,Excluded
R0113,ACM Digital Library,2026-07-06,False,Joint IoT/ML Platforms for Smart Societies and Environments: A Review on Multimodal Information-Based Learning for Safety and Security,"Attar, Hani",2023,J. Data and Information Quality,10.1145/3603713,https://doi.org/10.1145/3603713,article,Yes,Unique,Passed,,,Rejected,"The paper is a general review of ML/DL for IoT security across smart societies and environments, not specifically focused on IoMT/healthcare domains.",IC2,EC1,,,,,,,Excluded
R0114,ACM Digital Library,2026-07-06,False,Cyber Threat Intelligence Based Resource Allocation Model for IoE-Edge,"Jamil, Syed Usman and Khan, M. Arif and Rahman, Md. Abdur and Zia, Tanveer and Paracha, Muhammad Ali and Rahman, Syed Sadiqur and Ahmed, Syed Bilal",2026,ACM Trans. Internet Technol.,10.1145/3819581,https://doi.org/10.1145/3819581,article,Yes,Unique,Passed,,,Rejected,"The paper focuses on resource allocation and malicious device detection in generic IoE-Edge networks without addressing IoMT/healthcare domain, and uses only HMM-based detection without a hybrid unsupervised-supervised architecture.",,EC1,,,,,,,Excluded
R0115,ACM Digital Library,2026-07-06,False,Security and Privacy in IoT Using Machine Learning and Blockchain: Threats and Countermeasures,"Waheed, Nazar and He, Xiangjian and Ikram, Muhammad and Usman, Muhammad and Hashmi, Saad Sajid and Usman, Muhammad",2020,ACM Comput. Surv.,10.1145/3417987,https://doi.org/10.1145/3417987,article,Yes,Unique,Passed,,,Rejected,"This is a general survey on IoT security using ML and blockchain, not specifically focused on IoMT/healthcare domain or hybrid intrusion detection architectures.",,EC1,,,,,,,Excluded
R0116,ACM Digital Library,2026-07-06,False,A Deep Learning Approach for Voice Disorder Detection for Smart Connected Living Environments,"Verde, Laura and Brancati, Nadia and De Pietro, Giuseppe and Frucci, Maria and Sannino, Giovanna",2021,ACM Trans. Internet Technol.,10.1145/3433993,https://doi.org/10.1145/3433993,article,Yes,Unique,Passed,,,Rejected,"This paper focuses on voice disorder detection using deep learning in smart living environments, which is outside the IoMT intrusion/anomaly detection domain.",,EC5,,,,,,,Excluded
R0117,ACM Digital Library,2026-07-06,False,Internet Traffic Classification Using an Ensemble of Deep Convolutional Neural Networks,"Shahraki, Amin and Abbasi, Mahmoud and Taherkordi, Amir and Kaosar, Mohammed",2021,Proceedings of the 4th FlexNets Workshop on Flexible Networks Artificial Intelligence Supported Network Flexibility and Agility,10.1145/3472735.3473386,https://doi.org/10.1145/3472735.3473386,inproceedings,Yes,Unique,Passed,,,Rejected,"The paper focuses on general Internet traffic classification without any IoMT/healthcare domain context, and does not include unsupervised anomaly detection components.",,EC1,,,,,,,Excluded
R0118,ACM Digital Library,2026-07-06,False,Federated learning based IDS approach for the IoV,"Hbaieb, Amal and Ayed, Samiha and Chaari, Lamia",2022,"Proceedings of the 17th International Conference on Availability, Reliability and Security",10.1145/3538969.3544422,https://doi.org/10.1145/3538969.3544422,inproceedings,Yes,Unique,Passed,,,Rejected,The paper focuses on Internet of Vehicles (IoV) rather than IoMT/healthcare IoT environments.,,EC1,,,,,,,Excluded
R0119,ACM Digital Library,2026-07-06,False,Towards Zero Trust Security in SDN: A Multi-Layered Defense Strategy,"Barach, Jay",2025,Proceedings of the 26th International Conference on Distributed Computing and Networking,10.1145/3700838.3703671,https://doi.org/10.1145/3700838.3703671,inproceedings,Yes,Unique,Passed,,,Rejected,"The paper focuses on SDN security in enterprise networks without addressing IoMT, medical IoT, or healthcare environments.",,EC1,,,,,,,Excluded
R0120,ACM Digital Library,2026-07-06,False,Hotspots and Current Status of Global Explainable Artificial Intelligence: A Bibliometric Analysis,"Qiu, Zhike and Qin, Yuhao",2024,Proceedings of the 2024 International Conference on Cloud Computing and Big Data,10.1145/3695080.3695181,https://doi.org/10.1145/3695080.3695181,inproceedings,Yes,Unique,Passed,,,Rejected,"This is a bibliometric review of explainable AI research in general, not focused on IoMT intrusion detection or any specific hybrid IDS architecture.",,EC2,,,,,,,Excluded
R0121,ACM Digital Library,2026-07-06,False,Optimized Deep-Neural Network for Content-based Medical Image Retrieval in a Brownfield IoMT Network,"Tiwari, Arti and Pant, Millie",2022,ACM Trans. Multimedia Comput. Commun. Appl.,10.1145/3546194,https://doi.org/10.1145/3546194,article,Yes,Unique,Passed,,,Rejected,The paper focuses on medical image retrieval and classification in IoMT but does not propose or evaluate any intrusion detection or anomaly detection system.,IC1,EC2,,,,,,,Excluded
R0122,ACM Digital Library,2026-07-06,False,C-AAE: A Compressive Anonymizing AutoEncoder for Privacy-Preserving Activity Recognition on Edge Devices,"Fujimoto, Ryusei and Hadano, Musashi and Nakamura, Yugo and Arakawa, Yutaka",2026,ACM Trans. Comput. Healthcare,10.1145/3793553,https://doi.org/10.1145/3793553,article,Yes,Unique,Passed,,,Rejected,"The paper focuses on privacy-preserving activity recognition using wearable sensors, not on intrusion detection or anomaly detection systems for IoMT networks.",,EC2,,,,,,,Excluded
R0124,ACM Digital Library,2026-07-06,False,Detection of VSI-DDoS Attacks on the Edge: A Sequential Modeling Approach,"Forough, Javad and Bhuyan, Monowar and Elmroth, Erik",2021,"Proceedings of the 16th International Conference on Availability, Reliability and Security",10.1145/3465481.3465757,https://doi.org/10.1145/3465481.3465757,inproceedings,Yes,Unique,Passed,,,Rejected,"The paper focuses on edge cloud infrastructure in general contexts (smart healthcare mentioned only as motivation) without specifically addressing IoMT/healthcare networks, and uses purely supervised LSTM without unsupervised anomaly detection stage.",,EC1,,,,,,,Excluded
R0126,ACM Digital Library,2026-07-06,False,"Swarm Learning: A Survey of Concepts, Applications, and Trends","Shammar, Elham and Cui, Xiaohui and Al-qaness, Mohammed",2026,ACM Trans. Priv. Secur.,10.1145/3799890,https://doi.org/10.1145/3799890,article,Yes,Unique,Passed,,,Rejected,The paper is a survey on Swarm Learning architectures and does not propose or evaluate an intrusion detection system for IoMT environments.,,EC2,,,,,,,Excluded
R0127,ACM Digital Library,2026-07-06,False,Global Explanations for Multivariate time series models,"Arya, Vijay and Saha, Diptikalyan and Hans, Sandeep and Rajasekharan, Amaresh and Tang, Tony",2023,Proceedings of the 6th Joint International Conference on Data Science &amp; Management of Data (10th ACM IKDD CODS and 28th COMAD),10.1145/3570991.3570998,https://doi.org/10.1145/3570991.3570998,inproceedings,Yes,Unique,Passed,,,Rejected,"The paper focuses on explainable AI for aircraft engine predictive maintenance using time series sensor data, not IoMT/healthcare intrusion detection.",,EC5,,,,,,,Excluded
R0128,ACM Digital Library,2026-07-06,False,Research on Internet of Things Monitoring and Defense Technology Based on Artificial Intelligence,"Yu, Kechun",2025,Proceedings of the 2nd Guangdong-Hong Kong-Macao Greater Bay Area International Conference on Digital Economy and Artificial Intelligence,10.1145/3745238.3745463,https://doi.org/10.1145/3745238.3745463,inproceedings,Yes,Unique,Passed,,,Rejected,"The paper addresses generic IoT in smart campus environments rather than IoMT/healthcare domains, and uses purely supervised classification (MLP+CNN) without an unsupervised anomaly detection component.",IC2,EC1,,,,,,,Excluded
R0129,ACM Digital Library,2026-07-06,False,Version Number Attacks in RPL based IoT Networks State of the Art and Future directions,"Boudouaia, Mohammed and Tournois, Valentin and Ouchani, Samir and Abuarqoub, Abdelrahman",2025,Proceedings of the 8th International Conference on Future Networks &amp; Distributed Systems,10.1145/3726122.3726163,https://doi.org/10.1145/3726122.3726163,inproceedings,Yes,Unique,Passed,,,Rejected,"The paper focuses on RPL-based IoT networks in general without specific emphasis on IoMT/healthcare domain, failing to meet IC1.",,EC1,,,,,,,Excluded
R0130,ACM Digital Library,2026-07-06,False,Applying Probabilistic Model Checking to the Behavior Guidance and Abnormality Detection for A-MCI Patients under Wireless Sensor Network,"Gao, Honghao and Zhou, Lin and Kim, Jung Yoon and Li, Ying and Huang, Wanqiu",2023,ACM Trans. Sen. Netw.,10.1145/3499426,https://doi.org/10.1145/3499426,article,Yes,Unique,Passed,,,Rejected,"The paper focuses on behavior guidance and abnormality detection for Alzheimer's patients using probabilistic model checking (DTMC), but does not propose a hybrid IDS combining unsupervised anomaly detection with supervised classification.",IC1,EC3,,,,,,,Excluded
R0131,ACM Digital Library,2026-07-06,False,"Healthcare AI: New Approaches, Obstacles, and Prospects for Medical Technology","Siddiqui, Ebtasam Ahmad and Singh, Uday Pratap and Kumari, Bhawana and Tanveer, Adil",2025,Proceedings of the 6th International Conference on Information Management &amp; Machine Intelligence,10.1145/3745812.3745827,https://doi.org/10.1145/3745812.3745827,inproceedings,Yes,Unique,Passed,,,Rejected,"Paper focuses on AI applications in cancer genomics and precision medicine, not on intrusion detection systems for IoMT networks.",,EC2,,,,,,,Excluded
R0132,ACM Digital Library,2026-07-06,False,NEWSROOM: Towards Automating Cyber Situational Awareness Processes and Tools for Cyber Defence,"Wurzenberger, Markus and Krenn, Stephan and Landauer, Max and Skopik, Florian and Perner, Cora and L\""{o}tj\""{o}nen, Jarno and P\""{a}ij\""{a}nen, Jani and Gardikis, Georgios and Alabasis, Nikos and Sakerman, Liisa and Omri, Kristiina and R\""{o}ning, Juha and Halunen, Kimmo and Thouvenot, Vincent and Weise, Martin and Rauber, Andreas and Gkioulos, Vasileios and Katsikas, Sokratis and Sabetta, Luigi and Bonato, Jacopo and Ort\'{\i}z, Roc\'{\i}o and Navarro, Daniel and Stamatelatos, Nikolaos and Avdoulas, Ioannis and Mayer, Rudolf and Ekelhart, Andreas and Giannoulakis, Ioannis and Kafetzakis, Emmanouil and Corsi, Antonello and Lechner, Ulrike and Schmitt, Corinna",2024,"Proceedings of the 19th International Conference on Availability, Reliability and Security",10.1145/3664476.3670914,https://doi.org/10.1145/3664476.3670914,inproceedings,Yes,Unique,Passed,,,Rejected,Paper focuses on cyber situational awareness for military cyber defence operations without addressing IoMT/healthcare domain or intrusion detection systems.,,EC1,,,,,,,Excluded
R0133,ACM Digital Library,2026-07-06,False,Mobile_FL: A streamlined FL framework for process optimisation via client clustering using rough c-means algorithm,"Nair, Akarsh K. and Sahoo, Jayakrushna and Cenkeramaddi, Linga Reddy and Jaswal, Gaurav and Raj, Ebin Deni",2024,Proceedings of the 10th ACM Cyber-Physical System Security Workshop,10.1145/3626205.3659151,https://doi.org/10.1145/3626205.3659151,inproceedings,Yes,Unique,Passed,,,Rejected,The paper proposes a federated learning framework with clustering but does not address IoMT/healthcare domains or intrusion/anomaly detection systems.,,EC1,,,,,,,Excluded
R0134,ACM Digital Library,2026-07-06,False,SDN-Assisted DDoS Defense Framework for the Internet of Multimedia Things,"Sahoo, Kshira Sagar and Puthal, Deepak",2020,ACM Trans. Multimedia Comput. Commun. Appl.,10.1145/3394956,https://doi.org/10.1145/3394956,article,Yes,Unique,Passed,,,Rejected,"The paper addresses Internet of Multimedia Things (IoMT refers to multimedia devices, not medical IoT) and focuses on DDoS detection in a generic IoT context, not healthcare or medical IoT environments.",,EC1,,,,,,,Excluded
R0135,ACM Digital Library,2026-07-06,False,Designing and Optimizing Alignment Datasets for IoT Security: A Synergistic Approach with Static Analysis Insights,"Al-Zuraiqi, Ahmad and Greer, Des",2025,Proceedings of the 21st International Conference on Predictive Models and Data Analytics in Software Engineering,10.1145/3727582.3728687,https://doi.org/10.1145/3727582.3728687,inproceedings,Yes,Unique,Passed,,,Rejected,"Paper focuses on LLM-based vulnerability detection and dataset optimization for IoT security, not intrusion detection or anomaly detection systems.",,EC2,,,,,,,Excluded
R0136,ACM Digital Library,2026-07-06,False,"Continuous eHealth monitoring ecosystem for bronchial asthma and air quality: eHME, Continuous eHealth Monitoring Ecosystem","Escalona L\'{o}pez, Sergio and Alfaras Espin\`{a}s, Miquel and Hernando Salvador, Rosana and Lores Obradors, Luis and Haddi, Zouhair",2023,Proceedings of the 16th International Conference on PErvasive Technologies Related to Assistive Environments,10.1145/3594806.3596556,https://doi.org/10.1145/3594806.3596556,inproceedings,Yes,Unique,Passed,,,Rejected,The paper describes a health monitoring ecosystem for asthma patients using IoMT wearables but does not propose or evaluate any intrusion detection or anomaly detection system.,IC1,EC2,,,,,,,Excluded
R0137,ACM Digital Library,2026-07-06,False,PRiD \(\boldsymbol\varepsilon\) : A Contextual and Pattern-Aware Model for Digital Twins Using Genetically Optimized Differential Privacy,"Madhusudhanan, Sheema and Jose, Arun Cyril",2026,ACM Trans. Intell. Syst. Technol.,10.1145/3787465,https://doi.org/10.1145/3787465,article,Yes,Unique,Passed,,,Rejected,"Paper focuses on differential privacy mechanisms for Digital Twins across multiple domains including healthcare, but does not propose or evaluate an intrusion detection or anomaly detection system.",,EC2,,,,,,,Excluded
R0138,ACM Digital Library,2026-07-06,False,Detection of Trust Information Tampering in IoT Service Environments,"Lokuruge, Thilina and Bouguettaya, Athman and Abusafia, Amani and Lakhdari, Abdallah",2026,ACM Trans. Internet Technol.,10.1145/3807444,https://doi.org/10.1145/3807444,article,Yes,Unique,Passed,,,Rejected,The paper addresses trust information integrity in IoT environments but does not propose an intrusion detection or anomaly detection system for network security.,,EC2,,,,,,,Excluded
R0139,ACM Digital Library,2026-07-06,False,"Data visualization in internet of things: tools, methodologies, and challenges","Protopsaltis, Antonis and Sarigiannidis, Panagiotis and Margounakis, Dimitrios and Lytos, Anastasios",2020,"Proceedings of the 15th International Conference on Availability, Reliability and Security",10.1145/3407023.3409228,https://doi.org/10.1145/3407023.3409228,inproceedings,Yes,Unique,Passed,,,Rejected,Paper focuses on data visualization tools and methodologies for IoT rather than proposing or evaluating an intrusion detection system.,,EC2,,,,,,,Excluded
R0141,ACM Digital Library,2026-07-06,False,A Survey of Threats and Defense Mechanisms in the Control Plane of Polymorphic Smart Network,"Li, Xinqi and Chen, Xiarun and Jiang, Xinyue and Wen, Weiping and Sun, Huiping and Liu, Chengjie",2026,Proceedings of the 2026 9th International Conference on Information and Computer Technologies,10.1145/3803291.3803297,https://doi.org/10.1145/3803291.3803297,inproceedings,Yes,Unique,Passed,,,Rejected,Paper is a survey of network control plane security threats in PINet/SDN architectures without proposing or evaluating any intrusion detection system.,,EC2,,,,,,,Excluded
R0143,ACM Digital Library,2026-07-06,False,D-Trace: Diffusion-Based Fingerprinting for Indoor Tracking in Single-Gateway LoRa Networks,"Dong, Xirui and Xiong, Runqun and Ouyang, Chen and Cheng, Jing and Xu, Zhuqing and Jin, Jiahui and Luo, Junzhou",2026,ACM Trans. Sen. Netw.,10.1145/3799239,https://doi.org/10.1145/3799239,article,Yes,Unique,Passed,,,Rejected,The paper focuses on indoor localization and trajectory tracking using LoRa networks but does not address intrusion detection or anomaly detection systems.,,EC2,,,,,,,Excluded
R0144,ACM Digital Library,2026-07-06,False,SECBlock-IIoT: A Secure Blockchain-enabled Edge Computing Framework for Industrial Internet of Things,"Hosen, A. S. M. Sanwar and Sharma, Pradip Kumar and Puthal, Deepak and Ra, In-Ho and Cho, Gi Hwan",2023,Proceedings of the Third International Symposium on Advanced Security on Software and Systems,10.1145/3591365.3592945,https://doi.org/10.1145/3591365.3592945,inproceedings,Yes,Unique,Passed,,,Rejected,"The paper focuses on Industrial Internet of Things (IIoT) rather than IoMT/healthcare IoT environments, failing to meet IC1.","IC2, IC3",EC1,,,,,,,Excluded
R0145,ACM Digital Library,2026-07-06,False,Human Control of Privacy and Security Aspects in IoT Settings,"Di Serio, Arianna and Patern\`{o}, Fabio",2025,Proceedings of the 24th International Conference on Mobile and Ubiquitous Multimedia,10.1145/3771882.3771909,https://doi.org/10.1145/3771882.3771909,inproceedings,Yes,Unique,Passed,,,Rejected,The paper focuses on end-user development tools for IoT security and privacy management rather than intrusion detection systems.,,EC2,,,,,,,Excluded
R0146,ACM Digital Library,2026-07-06,False,Blockchain and Edge Computing Nexus: A Large-scale Systematic Literature Review,"Nezami, Zeinab and Li, Zhuolun and Qin, Chuhao and Banaie, Fatemeh and Khalid, Rabiya and Pournaras, Evangelos",2026,Distrib. Ledger Technol.,10.1145/3800583,https://doi.org/10.1145/3800583,article,Yes,Unique,Passed,,,Rejected,"The paper is a systematic literature review on blockchain and edge computing nexus covering supply chain, energy, and mobility applications, with no focus on IoMT/healthcare domain or intrusion detection systems.",,EC1,,,,,,,Excluded
R0147,ACM Digital Library,2026-07-06,False,Exploring Architectural Choices and Emerging Challenges in Data Management for IoT: A Focus on Digital Innovation and Smart Cities,"Barra, Silvio and D'Alessandro, Ferdinando and Sosovskyy, Oleksandr",2024,"Adjunct Proceedings of the 32nd ACM Conference on User Modeling, Adaptation and Personalization",10.1145/3631700.3665238,https://doi.org/10.1145/3631700.3665238,inproceedings,Yes,Unique,Passed,,,Rejected,"The paper focuses on general IoT data management architectures for smart cities and digital innovation, without addressing intrusion detection systems or healthcare/medical IoT environments.",,EC1,,,,,,,Excluded
R0148,ACM Digital Library,2026-07-06,False,Toward Responsible AI: An Overview of Federated Learning for User-centered Privacy-preserving Computing,"Yang, Qiang",2021,ACM Trans. Interact. Intell. Syst.,10.1145/3485875,https://doi.org/10.1145/3485875,article,Yes,Unique,Passed,,,Rejected,"The paper focuses on federated learning for privacy-preserving AI in general applications, without addressing IoMT/healthcare domain or intrusion detection systems.",,EC1,,,,,,,Excluded
R0149,ACM Digital Library,2026-07-06,False,"SoK: Reviewing Two Decades of Security, Privacy, Accessibility, and Usability Studies on Internet of Things for Older Adults","Saka, Suleiman and Das, Sanchari",2026,Proceedings of the ACM Asia Conference on Computer and Communications Security,10.1145/3779208.3785270,https://doi.org/10.1145/3779208.3785270,inproceedings,Yes,Unique,Passed,,,Rejected,"The paper is a systematic review of security, privacy, accessibility, and usability studies for older adults using IoT, not a study proposing or evaluating an intrusion detection system.",,EC2,,,,,,,Excluded
R0150,ACM Digital Library,2026-07-06,False,ACO-RTCov: An Ant Colony Optimization Framework for Real-Time Covariance Detection in 6G-Enabled IoT Networks,"Alturki, Ryan and Khan, Fazlullah and Hasan, A B M Mehedi and Alshawi, Bandar and Muhammad, Yar",2026,Proceedings of the 2026 9th International Conference on Information and Computer Technologies,10.1145/3803291.3803368,https://doi.org/10.1145/3803291.3803368,inproceedings,Yes,Unique,Passed,,,Rejected,"The paper focuses on covariance detection and feature relationship analysis in generic 6G IoT networks, not intrusion/anomaly detection in IoMT/healthcare environments.",,EC1,,,,,,,Excluded
R0151,ACM Digital Library,2026-07-06,False,Secure and Trustworthy Artificial Intelligence-extended Reality (AI-XR) for Metaverses,"Qayyum, Adnan and Butt, Muhammad Atif and Ali, Hassan and Usman, Muhammad and Halabi, Osama and Al-Fuqaha, Ala and Abbasi, Qammer H. and Imran, Muhammad Ali and Qadir, Junaid",2024,ACM Comput. Surv.,10.1145/3614426,https://doi.org/10.1145/3614426,article,Yes,Unique,Passed,,,Rejected,"Paper focuses on security and trustworthiness of AI in metaverse/XR applications, not on intrusion detection systems for IoMT environments.",,EC1,,,,,,,Excluded
R0152,ACM Digital Library,2026-07-06,False,Federated Learning in a Medical Context: A Systematic Literature Review,"Pfitzner, Bjarne and Steckhan, Nico and Arnrich, Bert",2021,ACM Trans. Internet Technol.,10.1145/3412357,https://doi.org/10.1145/3412357,article,Yes,Unique,Passed,,,Rejected,"Paper focuses on federated learning for medical data privacy and machine learning model training, not on intrusion detection or anomaly detection systems for IoMT networks.",,EC2,,,,,,,Excluded
R0153,ACM Digital Library,2026-07-06,False,RASCv2: Enabling Remote Access to Side-Channels for Mission Critical and IoT Systems,"Bai, Yunkai and Stern, Andrew and Park, Jungmin and Tehranipoor, Mark and Forte, Domenic",2022,ACM Trans. Des. Autom. Electron. Syst.,10.1145/3524123,https://doi.org/10.1145/3524123,article,Yes,Unique,Passed,,,Rejected,The paper focuses on side-channel analysis hardware for IoT security monitoring but does not propose or evaluate an intrusion detection system combining unsupervised anomaly detection with supervised classification.,,EC2,,,,,,,Excluded
R0154,ACM Digital Library,2026-07-06,False,Fast and Accurate Framework for Ontology Matching in Web of Things,"Belhadi, Asma and Djenouri, Youcef and Srivastava, Gautam and Lin, Jerry Chun-Wei",2023,ACM Trans. Asian Low-Resour. Lang. Inf. Process.,10.1145/3578708,https://doi.org/10.1145/3578708,article,Yes,Unique,Passed,,,Rejected,"Paper addresses ontology matching for semantic interoperability in Web of Things, not intrusion detection or anomaly detection systems.",,EC2,,,,,,,Excluded
R0155,ACM Digital Library,2026-07-06,False,Scalable VPN-forwarded Honeypots: Dataset and Threat Intelligence Insights,"Aung, Yan Lin and Tiang, Hui Hui and Wijaya, Herman and Ochoa, Mart\'{\i}n and Zhou, Jianying",2021,Sixth Annual Industrial Control System Security (ICSS) Workshop,10.1145/3442144.3442146,https://doi.org/10.1145/3442144.3442146,inproceedings,Yes,Unique,Passed,,,Rejected,The paper focuses on generic IoT honeypot dataset collection and threat intelligence without proposing an intrusion detection system architecture or methodology.,,EC2,,,,,,,Excluded
R0156,ACM Digital Library,2026-07-06,False,Towards clustering-based device-to-device communications for supporting applications,"Hematian, Amirshahram and Yu, Wei and Lu, Chao and Griffith, David and Golmie, Nada",2017,SIGAPP Appl. Comput. Rev.,10.1145/3090058.3090063,https://doi.org/10.1145/3090058.3090063,article,Yes,Unique,Passed,,,Rejected,"Paper focuses on D2D communications and clustering for LTE network traffic offloading in smart grid IoT, with no mention of intrusion detection, anomaly detection, or cybersecurity functions.",,EC2,,,,,,,Excluded
R0157,ACM Digital Library,2026-07-06,False,"Fuzzy Logic in Surveillance Big Video Data Analysis: Comprehensive Review, Challenges, and Research Directions","Muhammad, Khan and Obaidat, Mohammad S. and Hussain, Tanveer and Ser, Javier Del and Kumar, Neeraj and Tanveer, Mohammad and Doctor, Faiyaz",2021,ACM Comput. Surv.,10.1145/3444693,https://doi.org/10.1145/3444693,article,Yes,Unique,Passed,,,Rejected,"The paper focuses on fuzzy logic applications in video surveillance and activity recognition, not on IoMT/healthcare intrusion detection systems.",,EC5,,,,,,,Excluded
R0159,ACM Digital Library,2026-07-06,False,A Survey on Security and Privacy Issues in Modern Healthcare Systems: Attacks and Defenses,"Newaz, Akm Iqtidar and Sikder, Amit Kumar and Rahman, Mohammad Ashiqur and Uluagac, A. Selcuk",2021,ACM Trans. Comput. Healthcare,10.1145/3453176,https://doi.org/10.1145/3453176,article,Yes,Unique,Passed,,,Rejected,This is a general survey on security and privacy in healthcare systems without proposing or evaluating a specific hybrid intrusion detection system architecture.,IC1,EC2,,,,,,,Excluded
R0161,ACM Digital Library,2026-07-06,False,Query-driven video event processing for the internet of multimedia things,"Yadav, Piyush and Salwala, Dhaval and Pontes, Felipe Arruda and Dhingra, Praneet and Curry, Edward",2021,Proc. VLDB Endow.,10.14778/3476311.3476360,https://doi.org/10.14778/3476311.3476360,article,Yes,Unique,Passed,,,Rejected,The paper focuses on video event processing and occupational health/safety analytics rather than intrusion or anomaly detection in IoMT networks.,,EC2,,,,,,,Excluded
R0163,ACM Digital Library,2026-07-06,False,Blockchain-empowered Data-driven Networks: A Survey and Outlook,"Li, Xi and Wang, Zehua and Leung, Victor C. M. and Ji, Hong and Liu, Yiming and Zhang, Heli",2021,ACM Comput. Surv.,10.1145/3446373,https://doi.org/10.1145/3446373,article,Yes,Unique,Passed,,,Rejected,Paper focuses on blockchain applications in general data-driven networks without addressing IoMT/healthcare domain or intrusion detection systems.,,EC1,,,,,,,Excluded
R0164,ACM Digital Library,2026-07-06,False,A Simulation-driven Methodology for IoT Data Mining Based on Edge Computing,"Savaglio, Claudio and Fortino, Giancarlo",2021,ACM Trans. Internet Technol.,10.1145/3402444,https://doi.org/10.1145/3402444,article,Yes,Unique,Passed,,,Rejected,The paper focuses on a general simulation methodology for IoT data mining in edge/cloud environments without addressing IoMT/healthcare domain or intrusion detection systems.,,EC1,,,,,,,Excluded
R0165,ACM Digital Library,2026-07-06,False,A Privacy-Preserving Blockchain Platform for a Data Marketplace,"Klaine, Paulo Valente and Xu, Hao and Zhang, Lei and Imran, Muhammad and Zhu, Ziming",2023,Distrib. Ledger Technol.,10.1145/3573894,https://doi.org/10.1145/3573894,article,Yes,Unique,Passed,,,Rejected,"The paper focuses on a blockchain-based data marketplace for privacy and access control, with no mention of intrusion detection, anomaly detection, or security monitoring systems.",,EC2,,,,,,,Excluded
R0166,ACM Digital Library,2026-07-06,False,Efficient and Privacy-Enhanced Asynchronous Federated Learning for Multimedia Data in Edge-Based IoT,"Xiong, Hu and Yan, Hang and Obaidat, Mohammad S. and Chen, Jingxue and Cao, Mingsheng and Kumar, Sachin and Agarwal, Kadambri and Kumari, Saru",2026,ACM Trans. Multimedia Comput. Commun. Appl.,10.1145/3688002,https://doi.org/10.1145/3688002,article,Yes,Unique,Passed,,,Rejected,The paper focuses on privacy-enhanced federated learning for multimedia IoT but does not propose or evaluate an intrusion detection or anomaly detection system.,,EC2,,,,,,,Excluded
R0167,ACM Digital Library,2026-07-06,False,Proactive Defense for Internet-of-things: Moving Target Defense With Cyberdeception,"Ge, Mengmeng and Cho, Jin-Hee and Kim, Dongseong and Dixit, Gaurav and Chen, Ing-Ray",2021,ACM Trans. Internet Technol.,10.1145/3467021,https://doi.org/10.1145/3467021,article,Yes,Unique,Passed,,,Rejected,"The paper focuses on proactive defense using moving target defense and cyberdeception for generic IoT networks without addressing IoMT/healthcare domain, and does not propose a hybrid intrusion detection system combining unsupervised anomaly detection with supervised classification.",,EC1,,,,,,,Excluded
R0168,ACM Digital Library,2026-07-06,False,Quantum Safe Lattice-Based Single Round Online Collaborative Multi-Signature Scheme for Blockchain-Enabled IoT Applications,"Bagchi, Prithwi and Bera, Basudeb and Das, Ashok Kumar and Sikdar, Biplab",2025,ACM Trans. Sen. Netw.,10.1145/3715696,https://doi.org/10.1145/3715696,article,Yes,Unique,Passed,,,Rejected,"This paper focuses on cryptographic multi-signature schemes for blockchain-enabled IoT applications, not intrusion detection or anomaly detection systems.",,EC2,,,,,,,Excluded
R0169,ACM Digital Library,2026-07-06,False,"A Survey of State-of-the-Art on Blockchains: Theories, Modelings, and Tools","Huang, Huawei and Kong, Wei and Zhou, Sicong and Zheng, Zibin and Guo, Song",2021,ACM Comput. Surv.,10.1145/3441692,https://doi.org/10.1145/3441692,article,Yes,Unique,Passed,,,Rejected,"The paper is a survey focused on blockchain theories, modelings, and tools without addressing IoMT/healthcare domains or intrusion detection systems.",,EC1,,,,,,,Excluded
R0170,ACM Digital Library,2026-07-06,False,RePulmo: a remote pulmonary monitoring system,"Nguyen, Hung and Ivanov, Radoslav and DeMauro, Sara B. and Weimer, James",2019,SIGBED Rev.,10.1145/3357495.3357501,https://doi.org/10.1145/3357495.3357501,article,Yes,Unique,Passed,,,Rejected,The paper proposes a remote pulmonary monitoring platform with security features but does not address intrusion detection or anomaly detection systems.,IC1,EC2,,,,,,,Excluded
R0171,ACM Digital Library,2026-07-06,False,Putting Tools in Their Place: The Role of Time and Perspective in Human-AI Collaboration for Qualitative Analysis,"Feuston, Jessica L. and Brubaker, Jed R.",2021,Proc. ACM Hum.-Comput. Interact.,10.1145/3479856,https://doi.org/10.1145/3479856,article,Yes,Unique,Passed,,,Rejected,"This paper addresses AI-assisted qualitative research analysis in CSCW/HCI contexts, not IoMT intrusion detection systems.",,EC5,,,,,,,Excluded
R0172,ACM Digital Library,2026-07-06,False,Access Control for IoT-based Big Data: a State-of-the-art Review,"Wang, Tian and Fang, Weidong and Zhang, Wuxiong",2024,Proceedings of the 2024 6th International Conference on Big Data Engineering,10.1145/3688574.3688586,https://doi.org/10.1145/3688574.3688586,inproceedings,Yes,Unique,Passed,,,Rejected,Paper focuses on access control mechanisms for IoT-based big data rather than intrusion detection or anomaly detection systems.,,EC2,,,,,,,Excluded
R0173,ACM Digital Library,2026-07-06,False,Fog Computing for the Internet of Things: A Survey,"Puliafito, Carlo and Mingozzi, Enzo and Longo, Francesco and Puliafito, Antonio and Rana, Omer",2019,ACM Trans. Internet Technol.,10.1145/3301443,https://doi.org/10.1145/3301443,article,Yes,Unique,Passed,,,Rejected,Survey on fog computing for IoT in general with no focus on intrusion detection systems or healthcare/medical IoT domain.,,EC1,,,,,,,Excluded
R0174,ACM Digital Library,2026-07-06,False,WNOS: Enabling Principled Software-Defined Wireless Networking,"Guan, Zhangyu and Bertizzolo, Lorenzo and Demirors, Emrecan and Melodia, Tommaso",2021,IEEE/ACM Trans. Netw.,10.1109/tnet.2021.3064824,https://doi.org/10.1109/TNET.2021.3064824,article,Yes,Unique,Passed,,,Rejected,This paper focuses on software-defined wireless networking architecture and control plane abstractions without addressing IoMT/healthcare applications or intrusion/anomaly detection systems.,,EC1,,,,,,,Excluded
R0179,IEEE Xplore,2026-07-06,False,An Explainable Ensemble Deep Learning Approach for Intrusion Detection in Industrial Internet of Things,"Shtayat, Mousa'B Mohammad and Hasan, Mohammad Kamrul and Sulaiman, Rossilawati and Islam, Shayla and Khan, Atta Ur Rehman",2023,IEEE Access,10.1109/access.2023.3323573,https://doi.org/10.1109/access.2023.3323573,article,Yes,Unique,Passed,,,Rejected,"The paper focuses on Industrial IoT (IIoT) rather than IoMT/healthcare IoT environments, failing to meet IC1.",IC2,EC1,,,,,,,Excluded
R0181,IEEE Xplore,2026-07-06,False,An Optimized Decision Tree-Based Framework for Explainable IoT Anomaly Detection,"Ashikuzzaman and Hossain, Md. Shawkat and Joy, Jubayer Abdullah and Akon, Md Zahid and Ahmed, Md Manjur and Islam, Md. Naimul",2025,"2025 IEEE 2nd International Conference on Computing, Applications and Systems (COMPAS)",10.1109/compas67506.2025.11381766,https://doi.org/10.1109/compas67506.2025.11381766,inproceedings,Yes,Unique,Passed,,,Rejected,"The paper addresses generic IoT environments without specific mention of IoMT/healthcare domain, and uses only supervised Decision Tree classification without an unsupervised anomaly detection component.",IC2,EC1,,,,,,,Excluded
R0182,IEEE Xplore,2026-07-06,False,AI-Powered Medical Data Breach Detection System,"Blessy, S. Abika and Jebaseeli, T. Jemima",2025,2025 4th International Conference on Applied Artificial Intelligence and Computing (ICAAIC),10.1109/icaaic64647.2025.11331116,https://doi.org/10.1109/icaaic64647.2025.11331116,inproceedings,Yes,Unique,Passed,,,Rejected,"The paper focuses on data breach detection in healthcare IT systems (hospital access logs, EHRs) rather than IoMT/medical IoT network security, and does not address intrusion detection in IoT/IoMT device networks.",IC3,EC1,,,,,,,Excluded
R0188,IEEE Xplore,2026-07-06,False,Intrusion Detection In IoT Using Machine Learning Techniques:Latest Trends And Current Challenges,"Salah, Mazzi Mohamed and Smaine, Mazouzi and Ramdane, Chikh",2025,2025 Fourth International Conference on Theoretical and Applicative Aspects of Computer Science (ICTAACS),10.1109/ictaacs69003.2025.11399294,https://doi.org/10.1109/ictaacs69003.2025.11399294,inproceedings,Yes,Unique,Passed,,,Rejected,The paper is a general survey of ML/DL intrusion detection for IoT without specific focus on IoMT/healthcare domain.,IC2,EC1,,,,,,,Excluded
R0195,IEEE Xplore,2026-07-06,False,Probabilistic Manifold Learning for High-Sensitivity DDoS Detection: A Swarm-Optimized Hybrid Deep Learning Framework,"G, Kirubavathi and Athithya, R Jothith and R, Varunicka P and V, Viraj and Suhas, T",2026,2026 IEEE International Conference on AI Engineering and Innovations (AIEI),10.1109/aiei69164.2026.11497184,https://doi.org/10.1109/aiei69164.2026.11497184,inproceedings,Yes,Unique,Passed,,,Rejected,"The paper addresses DDoS detection in general network environments without specific focus on IoMT, medical IoT, or healthcare networks, failing IC1.","IC2, IC3",EC1,,,,,,,Excluded
R0197,IEEE Xplore,2026-07-06,False,Machine Learning Methods for Cybersecurity: Review and Bibliometric Analysis,"Kail, Eszter and Banati, Anna and Fleiner, Rita and Mosavi, Amirhosein and Mako, Csaba",2023,2023 IEEE 21st Jubilee International Symposium on Intelligent Systems and Informatics (SISY),10.1109/sisy60376.2023.10417894,https://doi.org/10.1109/sisy60376.2023.10417894,inproceedings,Yes,Unique,Passed,,,Rejected,This is a general review of machine learning methods in cybersecurity without specific focus on IoMT domain or hybrid intrusion detection architectures combining unsupervised anomaly detection with supervised classification.,,EC1,,,,,,,Excluded
R0199,IEEE Xplore,2026-07-06,False,TransformerXL-GAN-Based Secure Forecasting Architecture for Mitigating Algal Bloom-Induced Sensor Spoofing in Marine IoT,"Yang, Jing and Ali, Muhammad Umair and Khan, Muhammad Attique and Baili, Jamel and Shaikh, Zaffar Ahmed and Alturki, Nazik and Yee, Por Lip and Govindarajan, Vijay and Lee, Seung-Won",2026,IEEE Transactions on Consumer Electronics,10.1109/tce.2026.3675242,https://doi.org/10.1109/tce.2026.3675242,article,Yes,Unique,Passed,,,Rejected,"Paper addresses marine IoT sensor spoofing detection, not IoMT/healthcare domain as required by IC1.",,EC1,,,,,,,Excluded
R0200,IEEE Xplore,2026-07-06,False,Trust-Aware Secure Communication Framework for IoT Networks: A Hybrid Approach Integrating Instantaneous Trust and Dynamic Key Management,"Malyala, Murali Mohan and Nalluri, Suryaprakash and Ramdass, Karthikeyan and Kandagiri, Hemalatha and Kandagiri, Kiran Kumar",2025,"2025 4th International Conference on Computational Modelling, Simulation and Optimization (ICCMSO)",10.1109/iccmso67468.2025.00040,https://doi.org/10.1109/iccmso67468.2025.00040,inproceedings,Yes,Unique,Passed,,,Rejected,"The paper addresses generic IoT networks rather than specifically IoMT/healthcare IoT environments, and focuses on trust-based secure communication and encryption rather than intrusion detection as the primary goal.",,EC1,,,,,,,Excluded
R0201,IEEE Xplore,2026-07-06,False,Blockchain-Integrated Zero-Trust Architectures for Cybersecurity in IoT Ecosystems,Apurva and D.Vetrithangam,2025,2025 IEEE 6th Global Conference for Advancement in Technology (GCAT),10.1109/gcat66372.2025.11368384,https://doi.org/10.1109/gcat66372.2025.11368384,inproceedings,Yes,Unique,Passed,,,Rejected,"Paper addresses generic IoT ecosystems without specific focus on IoMT/healthcare domain, triggering exclusion criterion EC1.",IC2,EC1,,,,,,,Excluded
R0203,IEEE Xplore,2026-07-06,False,SC-PQ-Secure: An AI-Driven Post-Quantum Cryptographic Framework for Secure and Efficient Data Transmission,"S, Samitha and V, Subhiksha Lakshmi and J, Sathiamoorthy",2026,2026 4th International Conference on Inventive Computing and Informatics (ICICI),10.1109/icici68773.2026.11580524,https://doi.org/10.1109/icici68773.2026.11580524,inproceedings,Yes,Unique,Passed,,,Rejected,"While the paper addresses healthcare data transmission security and employs ML models (XGBoost, BiLSTM, CNN), it focuses on post-quantum cryptography rather than intrusion detection or anomaly detection in IoMT networks.",,EC2,,,,,,,Excluded
R0205,IEEE Xplore,2026-07-06,False,AI-Powered Detection of Microbial Threats in Digital Health Systems: A Cybersecurity Perspective,"A.Alfaham, Mohammad and Wahab, Araf H and Ibrahim, Amer and Khanafer, Maher and Shafek, Darin",2025,2025 3rd International Conference on Cyber Resilience (ICCR),10.1109/iccr67387.2025.11292447,https://doi.org/10.1109/iccr67387.2025.11292447,inproceedings,Yes,Unique,Passed,,,Rejected,"The paper focuses on microbial/pathogen detection (genomic sequences, microscopy images for antibiotic-resistant pathogens) in healthcare systems rather than network intrusion detection for IoMT devices and communications.",,EC5,,,,,,,Excluded
R0207,Scopus,2026-07-06,False,Adaptive Real Time Anomaly Detection in Internet of Medical Things,"Babu, S. Dilli and Rao, Yamala Veerabhadra and Mounika, Udatha and Reddy, Sidda Harinesh and Reddy, Desireddy Joshith",2026,CCIC 2026 - Contemporary Computing Innovations Conference 2026,10.1109/ccic68129.2026.11485919,https://www.scopus.com/pages/publications/105038678732?origin=resultslist,conference,Yes,Unique,Passed,,,Rejected,"The system uses a stacking ensemble of supervised classifiers (Random Forest, ANN, XGBoost) without any unsupervised anomaly detection component in the architecture.","IC1, IC2",EC3,,,,,,,Excluded
R0212,Scopus,2026-07-06,False,A Comparative Study of Anomaly Detection Techniques for IoT Security Using Adaptive Machine Learning for IoT Threats,"Alsalman, Dheyaaldin",2024,IEEE Access,10.1109/access.2024.3359033,https://doi.org/10.1109/access.2024.3359033,article,Yes,Unique,Passed,,,Rejected,The paper does not specify IoMT/healthcare IoT domain and uses only supervised ensemble methods without unsupervised anomaly detection components.,,EC1,,,,,,,Excluded
R0215,ScienceDirect,2026-07-06,False,Adaptive blockchain block storage delegation in IoT edge networks: An energy-aware machine learning framework for sustainable edge computing,Shamimul Qamar and Mai Alduailij and Arij Alfaidi and Hashim Elshafie and Abdulrahman Mohammed Alamoudi,2026,Sustainable Computing: Informatics and Systems,10.1016/j.suscom.2026.101403,https://www.sciencedirect.com/science/article/pii/S2210537926001137,article,Yes,Unique,Passed,,,Rejected,The paper focuses on blockchain block storage delegation in generic IoT edge networks without addressing IoMT/healthcare domains or intrusion/anomaly detection systems.,,EC1,,,,,,,Excluded
R0217,ScienceDirect,2026-07-06,False,"CLEHTO — A multi-layered algorithm for secure, adaptive data transmission in IoT-enhanced healthcare networks",Sofiane Hamrioui and Angela Voinea Ciocan and Camil Adam Mohamed Hamrioui and Pascal Lorenz,2026,Ad Hoc Networks,10.1016/j.adhoc.2025.104056,https://www.sciencedirect.com/science/article/pii/S157087052500304X,article,Yes,Unique,Passed,,,Rejected,The paper focuses on network communication optimization and security protocols for healthcare IoT but does not propose or evaluate any intrusion detection or anomaly detection system.,IC1,EC2,,,,,,,Excluded
R0218,ScienceDirect,2026-07-06,False,Role of machine learning and deep learning in securing 5G-driven industrial IoT applications,Parjanay Sharma and Siddhant Jain and Shashank Gupta and Vinay Chamola,2021,Ad Hoc Networks,10.1016/j.adhoc.2021.102685,https://www.sciencedirect.com/science/article/pii/S1570870521001906,article,Yes,Unique,Passed,,,Rejected,"Paper focuses on Industrial IoT (I-IoT) and 5G security rather than IoMT/healthcare domain, failing IC1.",IC2,EC1,,,,,,,Excluded
R0219,ScienceDirect,2026-07-06,False,Securing electronic health records using blockchain-based bi-layer algorithm with bit swapping codon encryption,G. {Durga Devi} and G. Tamilpavai,2026,Biomedical Signal Processing and Control,10.1016/j.bspc.2025.109314,https://www.sciencedirect.com/science/article/pii/S1746809425018257,article,Yes,Unique,Passed,,,Rejected,The paper focuses on blockchain-based encryption and access control for EHR systems but does not address intrusion detection or anomaly detection.,IC1,EC2,,,,,,,Excluded
R0220,ScienceDirect,2026-07-06,False,Interpretable research of fuzzy methods: A literature survey,Ke Zhang and Tianhao Shao and Yi Sun and Xinyao Xu and Xiaoxiong Zhang and Xiaolei Zhou and Kun Ding and Shan Huang,2026,Information Fusion,10.1016/j.inffus.2025.103524,https://www.sciencedirect.com/science/article/pii/S1566253525005962,article,Yes,Unique,Passed,,,Rejected,"This is a general survey on interpretability in fuzzy methods and AI systems with no focus on IoMT, intrusion detection, or hybrid IDS architectures.",,EC1,,,,,,,Excluded
R0221,ScienceDirect,2026-07-06,False,Overexpression of the alfalfa gene MsTIFY10a confers thrips resistance in Medicago truncatula,Qi Chen and Yan Zhang and Rui Dai and Fengyan Yi and Shuang Shuang and Xiaowei Huo and Zhenyi Li and Cuiping Gao and Fengling Shi and Zhiqiang Zhang,2025,Environmental and Experimental Botany,10.1016/j.envexpbot.2025.106260,https://www.sciencedirect.com/science/article/pii/S0098847225001777,article,Yes,Unique,Passed,,,Rejected,"This paper investigates plant biology and thrips resistance in alfalfa through genetic modification, not intrusion detection systems for IoMT networks.",,EC5,,,,,,,Excluded
R0222,ScienceDirect,2026-07-06,False,LAAS-KM: Lightweight authentication with aggregate signature verification and key management protocol for VANETs,A. Anshima and Jegadeesan Subramani and Arun Sekar Rajasekaran,2026,Pervasive and Mobile Computing,10.1016/j.pmcj.2026.102183,https://www.sciencedirect.com/science/article/pii/S1574119226000246,article,Yes,Unique,Passed,,,Rejected,"The paper focuses on vehicular ad hoc networks (VANETs) for intelligent transportation systems, not IoMT or healthcare environments.",,EC1,,,,,,,Excluded
R0223,ScienceDirect,2026-07-06,False,Enhancing healthcare system for patient data with HEO-PRAFT consensus mechanism using SPS authentication based EPRSS encryption,Ashish Kumar Chakraverti and Kavita Saini and Gaurav Raj and Shwetav Sharad and Murari Kumar Singh,2025,Biomedical Signal Processing and Control,10.1016/j.bspc.2025.108050,https://www.sciencedirect.com/science/article/pii/S1746809425005610,article,Yes,Unique,Passed,,,Rejected,"The paper focuses on blockchain-based secure EMR storage and sharing using encryption and consensus mechanisms, but does not address intrusion detection or anomaly detection systems.",IC1,EC2,,,,,,,Excluded
R0224,ScienceDirect,2026-07-06,False,A scalable and efficient patient monitoring framework,Aya H. Allam and Ibrahim Gomaa and Hala H. Zayed and Mohamed Taha,2026,Applied Soft Computing,10.1016/j.asoc.2026.114985,https://www.sciencedirect.com/science/article/pii/S1568494626004333,article,Yes,Unique,Passed,,,Rejected,"The paper focuses on patient monitoring and disease prediction using supervised SVM classification, but does not describe an intrusion detection or anomaly detection system for network security.",IC1,EC2,,,,,,,Excluded
R0225,ScienceDirect,2026-07-06,False,Traffic through two lenses: A dual-branch vision transformer for IoT traffic classification,Wen Yang and Chenxi Tang and Chaowei Tang and Jingwen Lu and Jing Si and Zhuo Zeng and Wenyu Ma,2025,Computer Networks,10.1016/j.comnet.2025.111469,https://www.sciencedirect.com/science/article/pii/S1389128625004360,article,Yes,Unique,Passed,,,Rejected,"The paper focuses on general IoT traffic classification without addressing medical/healthcare IoT domain (EC1), and uses only supervised vision transformer classification without any unsupervised anomaly detection component (EC3).",,EC1,,,,,,,Excluded
R0226,ScienceDirect,2026-07-06,False,A holistic framework for privacy-preserving and trusted cyber threat intelligence in industry 5.0: A fusion of blockchain and tiny semi-supervised class-incremental learning with catastrophic forgetting mitigation,Samia {El Haddouti} and Wissal Lazraq and Lauri Loven and Mohamed Dafir {Ech-Cherif El Kettani} and Habiba Chaoui,2026,Internet of Things,10.1016/j.iot.2026.101899,https://www.sciencedirect.com/science/article/pii/S2542660526000296,article,Yes,Unique,Passed,,,Rejected,"The paper focuses on Industrial IoT (IIoT) and Industry 5.0 manufacturing environments rather than IoMT/healthcare IoT domains, failing to meet IC1.",IC2,EC1,,,,,,,Excluded
R0227,ScienceDirect,2026-07-06,False,Neural-driven dynamic key generation: A deep reinforcement learning and topological mathematics based framework for secure file sharing,R. Kavin Kumar and K. Supriya and A. Swetha Priya and Kamatchi S. and Jitendra Bahadur and Dong-Won Kang,2026,Results in Control and Optimization,10.1016/j.rico.2026.100744,https://www.sciencedirect.com/science/article/pii/S2666720726000925,article,Yes,Unique,Passed,,,Rejected,"The paper focuses on secure file sharing using cryptographic key generation with neural networks and reinforcement learning, but does not address IoMT/healthcare domain, nor does it propose an intrusion detection system.",,EC1,,,,,,,Excluded
R0228,ScienceDirect,2026-07-06,False,Lightweight Ontology Architecture for QoS Aware Service Discovery and Semantic CoAP Data Management in Heterogeneous IoT Environment,Suman Sukhavasi and Thinagaran Perumal and Norwati Mustapha and Razali Yaakob,2026,"Computers, Materials and Continua",10.32604/cmc.2026.075613,https://www.sciencedirect.com/science/article/pii/S1546221826002067,article,Yes,Unique,Passed,,,Rejected,The paper focuses on service discovery and data management in generic heterogeneous IoT environments without addressing IoMT/healthcare domains or intrusion/anomaly detection systems.,,EC1,,,,,,,Excluded
R0229,ScienceDirect,2026-07-06,False,XAI-Empowered Approach to Enhance Urban Traffic Flow,Aeizaal Azman {Abd Wahab} and Ali Abbas Hadi Al-Shukrawi and Hamsa Emad Mahmood and Amjed Abbas Ahmed and Bushra Saadoon Mohammed and Ali Hamzah Najim and Saeed Hameed Aldulaimi,2026,Procedia Computer Science,10.1016/j.procs.2026.01.076,https://www.sciencedirect.com/science/article/pii/S1877050926000761,article,Yes,Unique,Passed,,,Rejected,"Paper focuses on urban traffic flow management and smart cities, not IoMT/healthcare intrusion detection systems.",,EC5,,,,,,,Excluded
R0230,ScienceDirect,2026-07-06,False,A multi-level IIOT platform for boosting mines digitalization,Raúl Miñón and Juan López-de-Armentia and Lander Bonilla and Aitor Brazaola and Ibai Laña and M. Carmen Palacios and Szymon Mueller and Michal Blaszczak and Herwig Zeiner and Julia Tschuden and Mohammad Yusuf Quadri and Ignasi Garcia-Milà and Andrea Bartoli and Norbert Gormolla and Alberto Fernández and Pablo Segarra and José A. Sanchidrián and Philipp Hartlieb,2025,Future Generation Computer Systems,10.1016/j.future.2024.107501,https://www.sciencedirect.com/science/article/pii/S0167739X24004655,article,Yes,Unique,Passed,,,Rejected,"The paper addresses Industrial IoT (IIoT) in the mining domain, not IoMT/healthcare environments, and does not propose an intrusion detection system.",,EC1,,,,,,,Excluded
R0231,ScienceDirect,2026-07-06,False,A survey on communication with in-body medical devices,Sławomir J. Ambroziak and Olga Korostynska and Nila Bagheri and Concepcion Garcia-Pardo and Tamara Skoric and Charalampos Sergiou and Sergio Castelló-Palacios and Konstantinos Katzis and Pawel Kulakowski,2026,Physical Communication,10.1016/j.phycom.2026.103190,https://www.sciencedirect.com/science/article/pii/S1874490726001990,article,Yes,Unique,Passed,,,Rejected,"The paper is a survey on communication systems for in-body medical devices focusing on architecture, communication protocols, and safety considerations, but does not address intrusion detection or anomaly detection systems.",IC1,EC2,,,,,,,Excluded
R0232,ScienceDirect,2026-07-06,False,A Bi-objective robust optimization and heuristic framework for designing resilient and responsive global supply chains with multimodal transportation,Bahman Manafi and Hakan Sayan,2025,Journal of Industrial Information Integration,10.1016/j.jii.2025.100895,https://www.sciencedirect.com/science/article/pii/S2452414X25001189,article,Yes,Unique,Passed,,,Rejected,"The paper addresses supply chain optimization for home appliance manufacturing with no connection to IoMT, medical IoT, healthcare, or intrusion detection systems.",,EC5,,,,,,,Excluded
R0233,ScienceDirect,2026-07-06,False,"Diurnal emotions, valence and the coronavirus lockdown analysis in public spaces",Arturas Kaklauskas and Ajith Abraham and Virgis Milevicius,2021,Engineering Applications of Artificial Intelligence,10.1016/j.engappai.2020.104122,https://www.sciencedirect.com/science/article/pii/S0952197620303596,article,Yes,Unique,Passed,,,Rejected,"This paper focuses on emotion analysis and mood cycles using biometric technologies in public spaces during COVID-19, with no mention of intrusion detection, anomaly detection, or IoMT security systems.",,EC2,,,,,,,Excluded
R0234,ScienceDirect,2026-07-06,False,CIoEBT: cancelable internet of ear biometric things based – a novel deep metric learning approach,Ibrahim Omara and Randa F. Soliman,2026,Expert Systems with Applications,10.1016/j.eswa.2025.129439,https://www.sciencedirect.com/science/article/pii/S0957417425030556,article,Yes,Unique,Passed,,,Rejected,"The paper focuses on ear biometric authentication using deep metric learning for Internet of Biometric Things (IoBT), not intrusion detection or anomaly detection in IoMT/healthcare networks.",,EC2,,,,,,,Excluded
R0235,ScienceDirect,2026-07-06,False,Blockchain and Smart Contracts: An Effective Approach for the Transaction Security & Privacy in Electronic Medical Records,Amal Al-Rasheed and Hashim Ali and Rahim Khan and Aamir Saeed,2025,"Computers, Materials and Continua",10.32604/cmc.2025.065156,https://www.sciencedirect.com/science/article/pii/S154622182500904X,article,Yes,Unique,Passed,,,Rejected,"The paper focuses on blockchain and smart contracts for EMR transaction security and privacy, but does not address intrusion detection or anomaly detection systems.",IC1,EC2,,,,,,,Excluded
R0236,ScienceDirect,2026-07-06,False,Dynamic multiphase DDoS attack identification and mitigation framework to secure SDN-based fog-empowered consumer IoT Networks,Pooja Chaudhary and A.K. Singh and B.B. Gupta,2025,Computers and Electrical Engineering,10.1016/j.compeleceng.2025.110226,https://www.sciencedirect.com/science/article/pii/S0045790625001697,article,Yes,Unique,Passed,,,Rejected,"The paper addresses consumer IoT networks rather than IoMT/healthcare IoT environments, failing to meet IC1.","IC2, IC3",EC1,,,,,,,Excluded
R0237,ScienceDirect,2026-07-06,False,Gated recurrent unit-based parallel network traffic anomaly detection using subagging ensembles,Xiaoling Tao and Yang Peng and Feng Zhao and Changsong Yang and Baohua Qiang and Yufeng Wang and Zuobin Xiong,2021,Ad Hoc Networks,10.1016/j.adhoc.2021.102465,https://www.sciencedirect.com/science/article/pii/S1570870521000342,article,Yes,Unique,Passed,,,Rejected,"The paper focuses on generic network traffic anomaly detection for 5G/6G networks without addressing IoMT or healthcare-specific environments, failing IC1.",IC2,EC1,,,,,,,Excluded
R0238,ScienceDirect,2026-07-06,False,Edge computing-enabled secure and energy-efficient smart parking: A review,Cheng Pin Lee and Fabian Tee Jee Leng and Riyaz Ahamed Ariyaluran Habeeb and Mohamed Ahzam Amanullah and Muhammad Habib ur Rehman,2022,Microprocessors and Microsystems,10.1016/j.micpro.2022.104612,https://www.sciencedirect.com/science/article/pii/S0141933122001545,article,Yes,Unique,Passed,,,Rejected,Paper focuses on smart parking systems with IoT security considerations but does not address IoMT/healthcare domain or intrusion detection systems.,,EC1,,,,,,,Excluded
R0239,ScienceDirect,2026-07-06,False,"A survey on agents applications in healthcare: Opportunities, challenges and trends",Emilio Sulis and Stefano Mariani and Sara Montagna,2023,Computer Methods and Programs in Biomedicine,10.1016/j.cmpb.2023.107525,https://www.sciencedirect.com/science/article/pii/S0169260723001906,article,Yes,Unique,Passed,,,Rejected,"This is a survey on agent-based modeling in healthcare research (disease modeling, epidemiology, behavior simulation) with no focus on intrusion detection systems or cybersecurity.",,EC2,,,,,,,Excluded
R0240,ScienceDirect,2026-07-06,False,Multi-Agent Reinforcement Learning for task allocation in the Internet of Vehicles: Exploring benefits and paving the future,Inam Ullah and Sushil Kumar Singh and Deepak Adhikari and Habib Khan and Weiwei Jiang and Xiaoshan Bai,2025,Swarm and Evolutionary Computation,10.1016/j.swevo.2025.101878,https://www.sciencedirect.com/science/article/pii/S2210650225000367,article,Yes,Unique,Passed,,,Rejected,"The paper focuses on Internet of Vehicles (IoV) and task allocation using multi-agent reinforcement learning, not IoMT/healthcare IoT environments, and does not address intrusion or anomaly detection systems.",,EC1,,,,,,,Excluded
R0241,ScienceDirect,2026-07-06,False,BlockAuthFL: A robust blockchain-enabled framework for addressing data heterogeneity and sybil attacks in Healthcare Federated Learning,Dnyanesh Khedekar and Harsh Pokarna and Abhinav Sahay and Bharat Richhariya and Tanmaya Mahapatra and Amitesh Singh Rajput,2026,Smart Health,10.1016/j.smhl.2026.100649,https://www.sciencedirect.com/science/article/pii/S2352648326000176,article,Yes,Unique,Passed,,,Rejected,The paper focuses on federated learning security and authentication in healthcare but does not propose or evaluate an intrusion detection or anomaly detection system.,IC1,EC2,,,,,,,Excluded
R0242,ScienceDirect,2026-07-06,False,Blockchain-based automated and robust cyber security management,Songlin He and Eric Ficke and Mir Mehedi Ahsan Pritom and Huashan Chen and Qiang Tang and Qian Chen and Marcus Pendleton and Laurent Njilla and Shouhuai Xu,2022,Journal of Parallel and Distributed Computing,10.1016/j.jpdc.2022.01.002,https://www.sciencedirect.com/science/article/pii/S0743731522000089,article,Yes,Unique,Passed,,,Rejected,The paper focuses on general cyber security management using blockchain and does not address IoMT/healthcare domain or hybrid intrusion detection architectures.,,EC1,,,,,,,Excluded
R0243,ScienceDirect,2026-07-06,False,Emphasizing privacy and security of edge intelligence with machine learning for healthcare,Sukumar Rajendran and Sandeep Kumar Mathivanan and Prabhu Jayagopal and Kumar {Purushothaman Janaki} and Benjula Anbu Malar {Manickam Bernard} and Suganya Pandy and Manivannan {Sorakaya Somanathan},2021,International Journal of Intelligent Computing and Cybernetics,10.1108/ijicc-05-2021-0099,https://www.sciencedirect.com/science/article/pii/S1756378X21000224,article,Yes,Unique,Passed,,,Rejected,"The paper focuses on edge computing, privacy preservation, and machine learning for healthcare monitoring but does not propose or evaluate an intrusion detection or anomaly detection system.",IC1,EC2,,,,,,,Excluded
R0244,ScienceDirect,2026-07-06,False,"The role of mobile edge computing in advancing federated learning algorithms and techniques: A systematic review of applications, challenges, and future directions",Amir Masoud Rahmani and Shtwai Alsubai and Abed Alanazi and Abdullah Alqahtani and Monji Mohamed Zaidi and Mehdi Hosseinzadeh,2024,Computers and Electrical Engineering,10.1016/j.compeleceng.2024.109812,https://www.sciencedirect.com/science/article/pii/S0045790624007390,article,Yes,Unique,Passed,,,Rejected,The paper focuses on mobile edge computing and federated learning architectures without addressing IoMT/healthcare domain or intrusion detection systems.,,EC1,,,,,,,Excluded
R0245,ScienceDirect,2026-07-06,False,Combined Architecture of Destination Sequence Distance Vector (DSDV) Routing with Software Defined Networking (SDN) and Blockchain in Cyber-Physical Systems,Jawad Ahmad Ansari and Mohamad Khairi Ishak and Khalid Ammar,2025,"Computers, Materials and Continua",10.32604/cmc.2025.057848,https://www.sciencedirect.com/science/article/pii/S1546221825000967,article,Yes,Unique,Passed,,,Rejected,The paper focuses on CPS authentication and routing using blockchain and SDN but does not address IoMT/healthcare domain or propose a hybrid intrusion detection architecture combining unsupervised anomaly detection with supervised classification.,,EC1,,,,,,,Excluded
R0246,ScienceDirect,2026-07-06,False,Combatting ransomware in ZephyrOS-activated industrial IoT environments,Usman Tariq,2024,Heliyon,10.1016/j.heliyon.2024.e29917,https://www.sciencedirect.com/science/article/pii/S2405844024059486,article,Yes,Unique,Passed,,,Rejected,"The paper focuses on Industrial IoT (IIoT) rather than IoMT/healthcare IoT, and uses a purely supervised approach (GBM + Lasso Regression) without an unsupervised anomaly detection component.",IC2,EC1,,,,,,,Excluded
R0247,ScienceDirect,2026-07-06,False,"A taxonomy of graph-based risk, vulnerability, and attack assessment methods in IoT systems",Ferhat Arat and Aykut Karakaya and Sedat Akleylek,2026,Journal of Information Security and Applications,10.1016/j.jisa.2025.104360,https://www.sciencedirect.com/science/article/pii/S2214212625003965,article,Yes,Unique,Passed,,,Rejected,"This is a systematic literature review on graph-based security assessment methods for generic IoT systems, not proposing or evaluating an actual intrusion detection system.",,EC2,,,,,,,Excluded
R0248,ScienceDirect,2026-07-06,False,A Blockchain assisted fog computing for secure distributed storage system for IoT Applications,Hemant Kumar Apat and Bibhudatta Sahoo,2024,Journal of Industrial Information Integration,10.1016/j.jii.2024.100739,https://www.sciencedirect.com/science/article/pii/S2452414X24001821,article,Yes,Unique,Passed,,,Rejected,"The paper focuses on secure distributed storage and blockchain-based data management for IoT applications, but does not propose or evaluate any intrusion detection or anomaly detection system.",,EC2,,,,,,,Excluded
R0249,ScienceDirect,2026-07-06,False,Integration of type-2 fuzzy logic and Dempster–Shafer Theory for accurate inference of IoT-based health-care system,Ihsan Ullah and Hee Yong Youn and Youn-Hee Han,2021,Future Generation Computer Systems,10.1016/j.future.2021.06.012,https://www.sciencedirect.com/science/article/pii/S0167739X21002077,article,Yes,Unique,Passed,,,Rejected,"The paper focuses on data fusion and inference for healthcare diagnosis using fuzzy logic and Dempster-Shafer theory, but does not address intrusion detection or anomaly detection in IoMT networks.",IC1,EC2,,,,,,,Excluded
R0251,ScienceDirect,2026-07-06,False,Towards video streaming in IoT Environments: Vehicular communication perspective,Ahmed Aliyu and Abdul H. Abdullah and Omprakash Kaiwartya and Yue Cao and Jaime Lloret and Nauman Aslam and Usman Mohammed Joda,2018,Computer Communications,10.1016/j.comcom.2017.10.003,https://www.sciencedirect.com/science/article/pii/S0140366417305121,article,Yes,Unique,Passed,,,Rejected,Paper focuses on video streaming in vehicular IoT environments without addressing intrusion detection or anomaly detection systems.,,EC2,,,,,,,Excluded
R0252,ScienceDirect,2026-07-06,False,Open problems and challenges in federated learning for IoT: A comprehensive review and strategic guide,Bidita Sarkar Diba and Jayonto Dutta Plabon and Tasnim Jahin Mowla and Nazneen Nahar and Durjoy Mistry and Sourav Sarker and M.F. Mridha and Jungpil Shin,2025,Computers and Electrical Engineering,10.1016/j.compeleceng.2025.110515,https://www.sciencedirect.com/science/article/pii/S0045790625004586,article,Yes,Unique,Passed,,,Rejected,This is a survey/review paper on federated learning in generic IoT without specific focus on IoMT/healthcare domain or proposing a hybrid IDS architecture.,,EC1,,,,,,,Excluded
R0253,ScienceDirect,2026-07-06,False,Zero trust in cybersecurity: managing critical challenges for effective implementation,Angelica Pigola and Fernando de Souza Meirelles,2025,Journal of Systems and Information Technology,10.1108/jsit-08-2024-0326,https://www.sciencedirect.com/science/article/pii/S1328726525000102,article,Yes,Unique,Passed,,,Rejected,Paper focuses on organizational/managerial challenges of Zero Trust cybersecurity adoption without addressing IoMT/healthcare domain or intrusion detection systems.,,EC1,,,,,,,Excluded
R0254,ScienceDirect,2026-07-06,False,Towards the future of bot detection: A comprehensive taxonomical review and challenges on Twitter/X,Danish Javed and NZ Jhanjhi and Navid Ali Khan and Sayan Kumar Ray and Alanoud Al Mazroa and Farzeen Ashfaq and Shampa Rani Das,2024,Computer Networks,10.1016/j.comnet.2024.110808,https://www.sciencedirect.com/science/article/pii/S1389128624006406,article,Yes,Unique,Passed,,,Rejected,"The paper focuses on Twitter/social media bot detection, which is unrelated to IoMT, healthcare networks, or medical device security.",,EC5,,,,,,,Excluded
R0255,ScienceDirect,2026-07-06,False,"A comprehensive and systematic review of the IoT-based medical management systems: Applications, techniques, trends and open issues",Guodao Zhang and Nima Jafari Navimipour,2022,Sustainable Cities and Society,10.1016/j.scs.2022.103914,https://www.sciencedirect.com/science/article/pii/S2210670722002360,article,Yes,Unique,Passed,,,Rejected,"This is a survey/review paper about IoT medical management systems broadly, not proposing or evaluating a specific hybrid intrusion detection system.",IC1,EC2,,,,,,,Excluded
R0256,ScienceDirect,2026-07-06,False,Adaptive edge security framework for dynamic IoT security policies in diverse environments,Malka N. Halgamuge and Dusit Niyato,2025,Computers & Security,10.1016/j.cose.2024.104128,https://www.sciencedirect.com/science/article/pii/S0167404824004334,article,Yes,Unique,Passed,,,Rejected,The paper addresses general IoT edge security with adaptive policy generation but does not propose an intrusion detection system with hybrid unsupervised-supervised architecture.,,EC2,,,,,,,Excluded
R0257,ScienceDirect,2026-07-06,False,Federated Learning for Edge Computing Enabled Artificial Intelligence of Things: A comprehensive survey,Qilei Li and Mingliang Gao and Wenzhe Zhai and Wentai Wu and Chen Wang and Ahmed M. Abdelmoniem,2026,Knowledge-Based Systems,10.1016/j.knosys.2026.116300,https://www.sciencedirect.com/science/article/pii/S0950705126010269,article,Yes,Unique,Passed,,,Rejected,Survey paper on federated learning and edge computing for AIoT without addressing IoMT domain or intrusion detection systems.,,EC1,,,,,,,Excluded
R0258,ScienceDirect,2026-07-06,False,FedCSCD-GAN: A secure and collaborative framework for clinical cancer diagnosis via optimized federated learning and GAN,Amir Rehman and Huanlai Xing and Li Feng and Mehboob Hussain and Nighat Gulzar and Muhammad {Adnan Khan} and Abid Hussain and Dhekra Saeed,2024,Biomedical Signal Processing and Control,10.1016/j.bspc.2023.105893,https://www.sciencedirect.com/science/article/pii/S1746809423013265,article,Yes,Unique,Passed,,,Rejected,The paper focuses on federated learning with GAN for cancer diagnosis classification but does not address intrusion detection or anomaly detection in IoMT networks.,,EC2,,,,,,,Excluded
R0259,ScienceDirect,2026-07-06,False,SSARS: Secure smart-home activity recognition system,C. {Anna Palagan} and T. {Selvin Retna Raj} and N. {Muthuvairavan Pillai} and K. {Anish Pon Yamini},2025,Computers and Electrical Engineering,10.1016/j.compeleceng.2025.110203,https://www.sciencedirect.com/science/article/pii/S0045790625001466,article,Yes,Unique,Passed,,,Rejected,"The paper addresses smart home activity recognition for elderly care, not IoMT intrusion/anomaly detection systems.",,EC2,,,,,,,Excluded
R0261,ScienceDirect,2026-07-06,False,Energy-efficient IoT-based tracking and management system for patients with cognitive diseases,Radwa Ahmed Osman,2025,Journal of Network and Computer Applications,10.1016/j.jnca.2025.104289,https://www.sciencedirect.com/science/article/pii/S1084804525001869,article,Yes,Unique,Passed,,,Rejected,"The paper focuses on patient tracking and location monitoring for cognitive diseases using IoT, but does not address intrusion detection or anomaly detection systems for network security.",IC1,EC2,,,,,,,Excluded
R0262,ScienceDirect,2026-07-06,False,Future generation communications with game strategies: A comprehensive survey,Rajni Gupta and Juhi Gupta,2022,Computer Communications,10.1016/j.comcom.2022.05.024,https://www.sciencedirect.com/science/article/pii/S0140366422001761,article,Yes,Unique,Passed,,,Rejected,This is a general survey on game theory applications in wireless networks without specific focus on IoMT intrusion detection systems or hybrid IDS architectures.,,EC1,,,,,,,Excluded
R0263,ScienceDirect,2026-07-06,False,Secure framework for IoT applications using Deep Learning in fog Computing,Ananya Chakraborty and Mohit Kumar and Nisha Chaurasia,2023,Journal of Information Security and Applications,10.1016/j.jisa.2023.103569,https://www.sciencedirect.com/science/article/pii/S2214212623001539,article,Yes,Unique,Passed,,,Rejected,"The paper addresses generic IoT applications in fog computing without specific focus on IoMT/healthcare domain (EC1), and uses a single supervised deep learning model (ANN) without combining unsupervised anomaly detection with supervised classification (EC3).",IC2,EC1,,,,,,,Excluded
R0264,ScienceDirect,2026-07-06,False,A blockchain based secure authentication technique for ensuring user privacy in edge based smart city networks,Abeer Iftikhar and Kashif Naseer Qureshi and Faisal Bashir Hussain and Muhammad Shiraz and Mehdi Sookhak,2025,Journal of Network and Computer Applications,10.1016/j.jnca.2024.104052,https://www.sciencedirect.com/science/article/pii/S1084804524002297,article,Yes,Unique,Passed,,,Rejected,Paper focuses on blockchain-based authentication for edge computing in smart cities without addressing intrusion detection or anomaly detection systems.,,EC2,,,,,,,Excluded
R0265,ScienceDirect,2026-07-06,False,The applications of nature-inspired meta-heuristic algorithms for decreasing the energy consumption of software-defined networks: A comprehensive and systematic literature review,Hean Liu and Xuan Liao and Baiyan Du,2023,Sustainable Computing: Informatics and Systems,10.1016/j.suscom.2023.100895,https://www.sciencedirect.com/science/article/pii/S2210537923000501,article,Yes,Unique,Passed,,,Rejected,"The paper focuses on energy optimization in software-defined networks using nature-inspired algorithms, not on intrusion or anomaly detection systems.",,EC2,,,,,,,Excluded
R0266,ScienceDirect,2026-07-06,False,AI-Driven SDN and Blockchain-Based Routing Framework for Scalable and Trustworthy AIoT Networks,Mekhled Alharbi and Khalid Haseeb and Mamoona Humayun,2025,CMES - Computer Modeling in Engineering and Sciences,10.32604/cmes.2025.073039,https://www.sciencedirect.com/science/article/pii/S1526149225004199,article,Yes,Unique,Passed,,,Rejected,The paper focuses on AIoT routing and blockchain-based trust but does not propose an intrusion detection or anomaly detection system.,,EC2,,,,,,,Excluded
R0267,ScienceDirect,2026-07-06,False,Adaptive Q-Learning-Based Event-Prioritized QoS and incentive optimization for enhancing safety in vehicular fog networks,Sajib Tripura and Qing-Chang Lu and Dhonita Tripura and Md Ibrahim Kholilullah and Arunav Mallik Avi and Mostak Ahamed and Adil Hussain,2025,Egyptian Informatics Journal,10.1016/j.eij.2025.100821,https://www.sciencedirect.com/science/article/pii/S1110866525002142,article,Yes,Unique,Passed,,,Rejected,"Paper focuses on vehicular fog networks and intelligent transportation systems, not IoMT or healthcare IoT environments.",,EC1,,,,,,,Excluded
R0268,ScienceDirect,2026-07-06,False,Federated learning: A cutting-edge survey of the latest advancements and applications,Azim Akhtarshenas and Mohammad Ali Vahedifar and Navid Ayoobi and Behrouz Maham and Tohid Alizadeh and Sina Ebrahimi and David López-Pérez,2024,Computer Communications,10.1016/j.comcom.2024.107964,https://www.sciencedirect.com/science/article/pii/S0140366424003116,article,Yes,Unique,Passed,,,Rejected,This paper is a general survey on federated learning methods and applications without specific focus on IoMT intrusion detection systems or hybrid architectures combining unsupervised and supervised detection methods.,,EC1,,,,,,,Excluded
R0269,ScienceDirect,2026-07-06,False,Industry 4.0 for smart transport systems: Foundations and applications,Wasim Ahmad and Sunawar Khan and Tehseen Mazhar and Tariq Shahzad and Weiwei Jiang and Habib Hamam,2025,Telematics and Informatics Reports,10.1016/j.teler.2025.100255,https://www.sciencedirect.com/science/article/pii/S2772503025000696,article,Yes,Unique,Passed,,,Rejected,"The paper focuses on smart transport systems and vehicle-to-grid interactions, not IoMT/healthcare domain, and does not address intrusion or anomaly detection systems.",,EC1,,,,,,,Excluded
R0271,ScienceDirect,2026-07-06,False,Secure and energy-efficient key management for 6LoWPAN using clustering and dynamic group key refresh,Rami Ahmad and Fatma Foad Ashrif,2026,Pervasive and Mobile Computing,10.1016/j.pmcj.2026.102213,https://www.sciencedirect.com/science/article/pii/S1574119226000544,article,Yes,Unique,Passed,,,Rejected,The paper focuses on key management and secure communication for 6LoWPAN sensor networks without proposing or evaluating any intrusion detection or anomaly detection system.,,EC2,,,,,,,Excluded
R0272,ScienceDirect,2026-07-06,False,Blockchain for Securing AI Applications and Open Innovations,Rucha Shinde and Shruti Patil and Ketan Kotecha and Kirti Ruikar,2021,"Journal of Open Innovation: Technology, Market, and Complexity",10.3390/joitmc7030189,https://www.sciencedirect.com/science/article/pii/S2199853122009581,article,Yes,Unique,Passed,,,Rejected,Paper focuses on blockchain security for AI applications across various domains with no specific focus on intrusion detection systems or IoMT environments.,,EC2,,,,,,,Excluded
R0273,ScienceDirect,2026-07-06,False,"Security, privacy, and robustness for trustworthy AI systems: A review",Mozamel M. Saeed and Mohammed Alsharidah,2024,Computers and Electrical Engineering,10.1016/j.compeleceng.2024.109643,https://www.sciencedirect.com/science/article/pii/S0045790624005706,article,Yes,Unique,Passed,,,Rejected,"This is a general review on trustworthy AI covering security, privacy, and robustness across AI systems broadly, with no focus on IoMT/healthcare environments or intrusion detection systems.",,EC1,,,,,,,Excluded
R0274,ScienceDirect,2026-07-06,False,Secure-IIoT-DCOPA: Tangle-based immutable trust for resilient clustering in critical IIoT,Kamal Souadih and Foudil Mir,2026,Journal of Information Security and Applications,10.1016/j.jisa.2026.104502,https://www.sciencedirect.com/science/article/pii/S2214212626001328,article,Yes,Unique,Passed,,,Rejected,"The paper focuses on IIoT (Industrial IoT) clustering and trust management using cryptography and distributed ledger technology, but does not address IoMT/healthcare environments or propose an intrusion/anomaly detection system with the required hybrid architecture.",,EC1,,,,,,,Excluded
R0275,ScienceDirect,2026-07-06,False,"Ethical hacking for IoT: Security issues, challenges, solutions and recommendations",Jean-Paul A. Yaacoub and Hassan N. Noura and Ola Salman and Ali Chehab,2023,Internet of Things and Cyber-Physical Systems,10.1016/j.iotcps.2023.04.002,https://www.sciencedirect.com/science/article/pii/S2667345223000238,article,Yes,Unique,Passed,,,Rejected,Paper focuses on penetration testing and ethical hacking methodologies for generic IoT rather than proposing or evaluating an intrusion detection system.,,EC2,,,,,,,Excluded
R0276,ScienceDirect,2026-07-06,False,Interpretability research of deep learning: A literature survey,Biao Xu and Guanci Yang,2025,Information Fusion,10.1016/j.inffus.2024.102721,https://www.sciencedirect.com/science/article/pii/S1566253524004998,article,Yes,Unique,Passed,,,Rejected,"This is a general survey on deep learning interpretability methods without any focus on IoMT, intrusion detection, or hybrid IDS architectures.",,EC1,,,,,,,Excluded
R0277,ScienceDirect,2026-07-06,False,TSGS: Two-stage security game solution based on deep reinforcement learning for Internet of Things,Xuecai Feng and Hui Xia and Shuo Xu and Lijuan Xu and Rui Zhang,2023,Expert Systems with Applications,10.1016/j.eswa.2023.120965,https://www.sciencedirect.com/science/article/pii/S0957417423014677,article,Yes,Unique,Passed,,,Rejected,"The paper focuses on generic IoT security with grid-based adversarial scenarios and game theory, but does not address IoMT/healthcare domain (EC1) or intrusion/anomaly detection systems (EC2).",,EC1,,,,,,,Excluded
R0278,ScienceDirect,2026-07-06,False,Design of an energy-efficient IOT device-assisted wearable sensor platform for healthcare data management,Bazeer Ahamed and Suseela Sellamuthu and Purushotam Naidu Karri and Inumarthi V. Srinivas and A.N. {Mohammed Zabeeulla} and M. {Ashok Kumar},2023,Measurement: Sensors,10.1016/j.measen.2023.100928,https://www.sciencedirect.com/science/article/pii/S2665917423002647,article,Yes,Unique,Passed,,,Rejected,The paper focuses on energy-efficient data management and resource allocation for IoT healthcare monitoring but does not address intrusion detection or anomaly detection systems.,IC1,EC2,,,,,,,Excluded
R0279,ScienceDirect,2026-07-06,False,Transfer Fuzzy Learning enabled Streebog Cryptographic Substitution Permutation based zero trust security in IIOT,Anamika Singh and Rajesh Kumar Dhanaraj and Md. {Akkas Ali} and Prasanalakshmi Balaji and Meshal Alharbi,2023,Alexandria Engineering Journal,10.1016/j.aej.2023.08.084,https://www.sciencedirect.com/science/article/pii/S1110016823007779,article,Yes,Unique,Passed,,,Rejected,"The paper focuses on Industrial IoT (IIoT) rather than IoMT/healthcare IoT, and primarily addresses cryptographic security and zero-trust architecture rather than intrusion/anomaly detection.",,EC1,,,,,,,Excluded
R0280,ScienceDirect,2026-07-06,False,Configuration and execution of a scalable IoT architecture for smart home automation,Mohammad Bozorgi and Gabriel J. Assaf and Constantine J. Katsanis,2026,Internet of Things,10.1016/j.iot.2026.101900,https://www.sciencedirect.com/science/article/pii/S2542660526000302,article,Yes,Unique,Passed,,,Rejected,The paper focuses on smart home automation (refrigerator control) without addressing IoMT/healthcare domain or any intrusion detection functionality.,,EC1,,,,,,,Excluded
R0281,ScienceDirect,2026-07-06,False,A lightweight DQN-based cryptographic approach for secure edge aggregation in cooperative IoMulT surveillance system,Srikanth Bethu and Erukala Suresh Babu,2026,Ad Hoc Networks,10.1016/j.adhoc.2026.104208,https://www.sciencedirect.com/science/article/pii/S1570870526000740,article,Yes,Unique,Passed,,,Rejected,The paper focuses on cryptographic security and multimedia processing in IoMulT surveillance systems but does not propose or evaluate an intrusion detection or anomaly detection system.,,EC2,,,,,,,Excluded
R0282,ScienceDirect,2026-07-06,False,Dual on-premises storage framework for memory optimization and secure data transmission in nuclear power plants,Niayesh Gharaei,2025,Nuclear Engineering and Technology,10.1016/j.net.2025.103526,https://www.sciencedirect.com/science/article/pii/S1738573325000944,article,Yes,Unique,Passed,,,Rejected,"Paper focuses on nuclear power plant data management and security, not on IoMT/healthcare domain or intrusion detection systems.",,EC1,,,,,,,Excluded
R0283,ScienceDirect,2026-07-06,False,Fog data analytics: A taxonomy and process model,Aparna Kumari and Sudeep Tanwar and Sudhanshu Tyagi and Neeraj Kumar and Reza M. Parizi and Kim-Kwang Raymond Choo,2019,Journal of Network and Computer Applications,10.1016/j.jnca.2018.12.013,https://www.sciencedirect.com/science/article/pii/S1084804518304016,article,Yes,Unique,Passed,,,Rejected,Paper focuses on general fog computing data analytics taxonomy and process model without addressing intrusion detection or IoMT-specific security applications.,,EC2,,,,,,,Excluded
R0284,ScienceDirect,2026-07-06,False,"AI and Geospatial Technologies for Climate Change Mitigation: Opportunities, Challenges, and Pathways to Sustainability",Thavavel Vaiyapuri and Golden Julie,2025,Procedia Computer Science,10.1016/j.procs.2025.04.089,https://www.sciencedirect.com/science/article/pii/S1877050925011901,article,Yes,Unique,Passed,,,Rejected,"Paper focuses on climate change mitigation using GeoAI for environmental monitoring and sustainability, not IoMT intrusion detection systems.",,EC5,,,,,,,Excluded
R0285,ScienceDirect,2026-07-06,False,DLSDHMS: Design of a deep learning-based analysis model for secure and distributed hospital management using context-aware sidechains,Vonteru Srikanth Reddy and Kumar Debasis,2023,Heliyon,10.1016/j.heliyon.2023.e22283,https://www.sciencedirect.com/science/article/pii/S2405844023094914,article,Yes,Unique,Passed,,,Rejected,"Paper focuses on hospital management operations (storage, scheduling, billing) using blockchain and deep learning for disease classification, but does not address intrusion detection or anomaly detection in IoMT networks.",IC1,EC2,,,,,,,Excluded
R0286,ScienceDirect,2026-07-06,False,PureQuantum: Towards A Scalable Blockchain Channel Security in IoT Networks,Collins Izuchukwu Okafor and Love Allen Chijioke Ahakonye and Jae Min Lee and Dong-Seong Kim,2025,Blockchain: Research and Applications,10.1016/j.bcra.2025.100372,https://www.sciencedirect.com/science/article/pii/S2096720925000995,article,Yes,Unique,Passed,,,Rejected,"Paper focuses on blockchain security and quantum key distribution for IoT networks, but does not address intrusion detection or anomaly detection systems.",,EC2,,,,,,,Excluded
R0287,ScienceDirect,2026-07-06,False,Blockchain-Enabled federated learning framework with cantor filtering and reed–Solomon coding for secure healthcare IoT systems,Tasiu Muazu and Mao Yingchi,2026,Computer Networks,10.1016/j.comnet.2026.112161,https://www.sciencedirect.com/science/article/pii/S1389128626001738,article,Yes,Unique,Passed,,,Rejected,The paper focuses on federated learning with blockchain for secure healthcare IoT but does not propose an intrusion detection or anomaly detection system.,IC1,EC2,,,,,,,Excluded
R0288,ScienceDirect,2026-07-06,False,Sociotechnical Cybersecurity Framework for Securing Health Care From Vulnerabilities and Cyberattacks: Scoping Review,Pius Ewoh and Tero Vartiainen and Timo Mantere,2025,Journal of Medical Internet Research,10.2196/75584,https://www.sciencedirect.com/science/article/pii/S1438887125013706,article,Yes,Unique,Passed,,,Rejected,"This is a scoping review examining sociotechnical factors of cybersecurity vulnerabilities in healthcare systems, but does not propose or evaluate any intrusion detection system with hybrid architecture.",IC1,EC2,,,,,,,Excluded
R0289,ScienceDirect,2026-07-06,False,An Adaptive Blockchain-Enabled Access Control Framework for Secure and Privacy-Preserving E-Health Data Sharing,Zohre Notash and Shahram Jamali and Reza Fotohi,2026,Blockchain: Research and Applications,10.1016/j.bcra.2026.100492,https://www.sciencedirect.com/science/article/pii/S2096720926000540,article,Yes,Unique,Passed,,,Rejected,The paper focuses on access control and data sharing in e-health systems using blockchain but does not propose or evaluate an intrusion detection or anomaly detection system.,IC1,EC2,,,,,,,Excluded
R0290,ScienceDirect,2026-07-06,False,An efficient Genetic algorithm-based defensive method to mitigate multiple attacks in RPL-enabled IoT network,Prajna Paramita Mohapatra and Bala Krishnan R. and Madhukrishna Priyadarsini,2025,Internet of Things,10.1016/j.iot.2025.101614,https://www.sciencedirect.com/science/article/pii/S2542660525001283,article,Yes,Unique,Passed,,,Rejected,"The paper focuses on secure routing in RPL-enabled IoT networks using genetic algorithms and trust management, but does not propose an intrusion detection system combining unsupervised anomaly detection with supervised classification.",,EC2,,,,,,,Excluded
R0291,ScienceDirect,2026-07-06,False,Blockchain-Integrated Network for Secure Data Sharing in Collaborative NLP Research Applications,Anjali Goswami,2026,Procedia Computer Science,10.1016/j.procs.2026.01.025,https://www.sciencedirect.com/science/article/pii/S1877050926000256,article,Yes,Unique,Passed,,,Rejected,"The paper focuses on blockchain-based secure data sharing for NLP research applications, not on intrusion detection or anomaly detection systems.",,EC2,,,,,,,Excluded
R0292,ScienceDirect,2026-07-06,False,"A contemporary survey of recent advances in federated learning: Taxonomies, applications, and challenges",Mohammed H. Alsharif and Raju Kannadasan and Wei Wei and Kottakkaran Sooppy Nisar and Abdel-Haleem Abdel-Aty,2024,Internet of Things,10.1016/j.iot.2024.101251,https://www.sciencedirect.com/science/article/pii/S2542660524001926,article,Yes,Unique,Passed,,,Rejected,This is a survey paper on federated learning in IoT that does not propose or evaluate any intrusion detection system.,,EC2,,,,,,,Excluded
R0293,ScienceDirect,2026-07-06,False,Next generation antivirus endowed with bitwise morphological extreme learning machines,Sidney M.L. Lima and Danilo M. Souza and Ricardo P. Pinheiro and Sthéfano H.M.T. Silva and Petrônio G. Lopes and Rafael D.T. {de Lima} and Jemerson R. {de Oliveira} and Thyago de A. Monteiro and Sérgio M.M. Fernandes and Edison de Q. Albuquerque and Washington W.A. {da Silva} and Wellington P. {dos Santos},2021,Microprocessors and Microsystems,10.1016/j.micpro.2020.103724,https://www.sciencedirect.com/science/article/pii/S0141933120308693,article,Yes,Unique,Passed,,,Rejected,"The paper addresses malware detection in general computing environments (PE, Java, JavaScript, PHP files) with no focus on IoMT or healthcare networks.",,EC1,,,,,,,Excluded
R0294,ScienceDirect,2026-07-06,False,"The Internet of Autonomous Things applications: A taxonomy, technologies, and future directions",Atefeh Hemmati and Amir Masoud Rahmani,2022,Internet of Things,10.1016/j.iot.2022.100635,https://www.sciencedirect.com/science/article/pii/S2542660522001160,article,Yes,Unique,Passed,,,Rejected,This is a survey paper on IoAT applications across multiple domains without proposing or evaluating any intrusion detection system.,,EC2,,,,,,,Excluded
R0295,ScienceDirect,2026-07-06,False,Modeling of blockchain with encryption based secure education record management system,Awatef {Salem Balobaid} and Yasamin Hamza Alagrash and Ali {Hussein Fadel} and Jamal N. Hasoon,2023,Egyptian Informatics Journal,10.1016/j.eij.2023.100411,https://www.sciencedirect.com/science/article/pii/S1110866523000671,article,Yes,Unique,Passed,,,Rejected,Paper focuses on blockchain-based education record management system without addressing IoMT/healthcare domain or intrusion detection functionality.,,EC1,,,,,,,Excluded
R0296,ScienceDirect,2026-07-06,False,"Quantum Blockchain for Internet of Things: A systematic review, proposed solutions and challenges",Diksha Chawla and Saru Kumari and Rajkumar Singh Rathore and Pawan Singh Mehra and Ashok Kumar Das and Neeraj Kumar,2025,Computers and Electrical Engineering,10.1016/j.compeleceng.2025.110524,https://www.sciencedirect.com/science/article/pii/S0045790625004677,article,Yes,Unique,Passed,,,Rejected,The paper focuses on quantum blockchain security and cryptography for IoT networks but does not propose or evaluate an intrusion detection or anomaly detection system.,,EC2,,,,,,,Excluded
R0297,ScienceDirect,2026-07-06,False,AI-based model for securing cognitive IoT devices in advance communication systems,Akshat Gaurav and Varsha Arya and Kwok Tai Chui and Brij B. Gupta,2025,International Journal of Cognitive Computing in Engineering,10.1016/j.ijcce.2025.01.009,https://www.sciencedirect.com/science/article/pii/S2666307425000099,article,Yes,Unique,Passed,,,Rejected,"The paper addresses generic Cognitive IoT devices in advanced communication systems without specific focus on medical/healthcare IoT environments, failing to meet IC1.",IC2,EC1,,,,,,,Excluded
R0298,ScienceDirect,2026-07-06,False,"A comprehensive review on variants of SARS-CoVs-2: Challenges, solutions and open issues",Deepanshi and Ishan Budhiraja and Deepak Garg and Neeraj Kumar and Rohit Sharma,2023,Computer Communications,10.1016/j.comcom.2022.10.013,https://www.sciencedirect.com/science/article/pii/S0140366422004017,article,Yes,Unique,Passed,,,Rejected,"Paper is a comprehensive review on COVID-19 variants and their social/economic impacts, not related to intrusion detection systems or IoMT security.",,EC5,,,,,,,Excluded
R0299,ScienceDirect,2026-07-06,False,Blockchain access control with consensus algorithm considering optimal members and president election process for secured data sharing on software Defined wireless body area networks using data encryption,Sayila Subrahmanyam and Rajesh Arunachalam and Swapna Thouti and S.N.V. {Jyotsna Devi Kosuru} and J. Rajalakshmi and Preethi Palanisamy,2026,Expert Systems with Applications,10.1016/j.eswa.2025.129430,https://www.sciencedirect.com/science/article/pii/S0957417425030465,article,Yes,Unique,Passed,,,Rejected,The paper focuses on blockchain-based access control and cryptography for secure data sharing in SDWBAN but does not propose or evaluate an intrusion detection or anomaly detection system.,IC1,EC2,,,,,,,Excluded
R0300,ScienceDirect,2026-07-06,False,"From serendipity to sustainable green IoT: Technical, industrial and political perspective",Mehmet Fatih Tuysuz and Ramona Trestian,2020,Computer Networks,10.1016/j.comnet.2020.107469,https://www.sciencedirect.com/science/article/pii/S1389128620311452,article,Yes,Unique,Passed,,,Rejected,Paper focuses on energy efficiency and sustainability in generic IoT environments without addressing intrusion detection systems or the IoMT/healthcare domain specifically.,,EC1,,,,,,,Excluded
R0301,ScienceDirect,2026-07-06,False,RAMI 4.0-based Security Assessment of Healthcare Systems: Identifying Attacks and Quantifying Risks across Layers,Nastaran Farhadighalati and Sanaz Nikghadam-Hojjati and Jose Barata,2025,Procedia Computer Science,10.1016/j.procs.2025.01.092,https://www.sciencedirect.com/science/article/pii/S1877050925001000,article,Yes,Unique,Passed,,,Rejected,The paper focuses on security risk assessment and countermeasures using RAMI 4.0 framework but does not propose or evaluate an intrusion detection system with hybrid architecture combining unsupervised and supervised methods.,IC1,EC2,,,,,,,Excluded
R0302,ScienceDirect,2026-07-06,False,Preventing overloaded dissemination in healthcare applications using NonDelay tolerant dissemination technique,Mohd Anjum and Sana Shahab and Taegkeun Whangbo and Shabir Ahmad,2023,Heliyon,10.1016/j.heliyon.2023.e18783,https://www.sciencedirect.com/science/article/pii/S2405844023059911,article,Yes,Unique,Passed,,,Rejected,The paper focuses on data dissemination and transmission optimization in healthcare sensor networks but does not propose or evaluate any intrusion detection or anomaly detection system.,IC1,EC2,,,,,,,Excluded
R0304,ScienceDirect,2026-07-06,False,"A critical literature review of security and privacy in smart home healthcare schemes adopting IoT & blockchain: Problems, challenges and solutions",Olusogo Popoola and Marcos Rodrigues and Jims Marchang and Alex Shenfield and Augustine Ikpehai and Jumoke Popoola,2024,Blockchain: Research and Applications,10.1016/j.bcra.2023.100178,https://www.sciencedirect.com/science/article/pii/S2096720923000532,article,Yes,Unique,Passed,,,Rejected,"This is a literature review on blockchain-based security and privacy solutions for smart home healthcare, not proposing or evaluating an intrusion detection system.",IC1,EC2,,,,,,,Excluded
R0305,ScienceDirect,2026-07-06,False,Artificial intelligence in digital twins—A systematic literature review,Tim Kreuzer and Panagiotis Papapetrou and Jelena Zdravkovic,2024,Data & Knowledge Engineering,10.1016/j.datak.2024.102304,https://www.sciencedirect.com/science/article/pii/S0169023X24000284,article,Yes,Unique,Passed,,,Rejected,"This is a systematic literature review about artificial intelligence in digital twins across various domains, with no specific focus on IoMT intrusion detection systems.",,EC2,,,,,,,Excluded
R0306,ScienceDirect,2026-07-06,False,Whale Optimization Algorithm-Based Deep Learning Model for Driver Identification in Intelligent Transport Systems,Yuzhou Li and Chuanxia Sun and Yinglei Hu,2023,"Computers, Materials and Continua",10.32604/cmc.2023.035878,https://www.sciencedirect.com/science/article/pii/S1546221823003685,article,Yes,Unique,Passed,,,Rejected,"Paper focuses on driver identification in intelligent transport systems using vehicle sensor data, not IoMT/healthcare intrusion detection.",,EC1,,,,,,,Excluded
R0307,ScienceDirect,2026-07-06,False,Lightweight privacy preservation blockchain framework for healthcare applications using GM-SSO,Adla Padma and Mangayarkarasi Ramaiah,2025,Results in Engineering,10.1016/j.rineng.2024.103882,https://www.sciencedirect.com/science/article/pii/S259012302402125X,article,Yes,Unique,Passed,,,Rejected,"The paper focuses on blockchain-based privacy preservation and cryptographic techniques for IoMT, but the anomaly detection component using MPCA is purely unsupervised without a supervised classification stage in a hybrid architecture.","IC1, IC2",EC4,,,,,,,Excluded
R0308,ScienceDirect,2026-07-06,False,Quantum-resilient blockchain framework for privacy-preserving genomic data sharing and analysis,Puja Das and Chitra Jain and Abdullah M. AlShahrani and Moutushi Singh and Md. Zeyaullah and Hytham Hummad,2025,Journal of Information Security and Applications,10.1016/j.jisa.2025.104245,https://www.sciencedirect.com/science/article/pii/S2214212625002820,article,Yes,Unique,Passed,,,Rejected,"The paper focuses on blockchain-based genomic data sharing and privacy-preserving machine learning for genomic analysis, but does not address IoMT/healthcare network security, intrusion detection, or anomaly detection systems.",,EC2,,,,,,,Excluded
R0309,ScienceDirect,2026-07-06,False,A Multi-View attention-based deep learning framework for malware detection in smart healthcare systems,Vinayakumar Ravi and Mamoun Alazab and Shymalagowri Selvaganapathy and Rajasekhar Chaganti,2022,Computer Communications,10.1016/j.comcom.2022.08.015,https://www.sciencedirect.com/science/article/pii/S0140366422003231,article,Yes,Unique,Passed,,,Rejected,"The paper focuses on malware detection using PE file analysis and API calls, which is a supervised classification approach without any unsupervised anomaly detection component in a hybrid architecture.","IC1, IC2",EC3,,,,,,,Excluded
R0310,ScienceDirect,2026-07-06,False,Edge AI-based self-learning technique for mitigating DDoS attacks in WSN,Saqib Hussain and Jingsha He and Nafei Zhu and Fahad Razaque Mughal and Sadique Ahmad and Muhammad Iftikhar Hussain and Zulfiqar Ali Zardari,2025,Computer Networks,10.1016/j.comnet.2025.111769,https://www.sciencedirect.com/science/article/pii/S1389128625007352,article,Yes,Unique,Passed,,,Rejected,"The paper focuses on generic Wireless Sensor Networks (WSNs) for DDoS detection without any indication of IoMT, medical IoT, or healthcare context, and uses only deep learning without a hybrid unsupervised-supervised architecture.",,EC1,,,,,,,Excluded
R0311,ScienceDirect,2026-07-06,False,Robust Attack Detection Approach for IIoT Using Ensemble Classifier,V. Priya and I. Sumaiya Thaseen and Thippa Reddy Gadekallu and Mohamed K. Aboudaif and Emad Abouel Nasr,2020,"Computers, Materials and Continua",10.32604/cmc.2021.013852,https://www.sciencedirect.com/science/article/pii/S1546221820000259,article,Yes,Unique,Passed,,,Rejected,The paper focuses on Industrial Internet of Things (IIoT) rather than Internet of Medical Things (IoMT) or healthcare IoT environments.,IC2,EC1,,,,,,,Excluded
R0312,ScienceDirect,2026-07-06,False,RS-ANFIS: A recurrent-state adaptive neuro-fuzzy model for accurate and interpretable Short-Term Load Forecasting in volatile energy systems,Kamdem Kengne Franck-stève and Soh Mathurin and Lele Célestin,2026,Systems and Soft Computing,10.1016/j.sasc.2026.200480,https://www.sciencedirect.com/science/article/pii/S2772941926000438,article,Yes,Unique,Passed,,,Rejected,"Paper focuses on short-term load forecasting in energy systems with no mention of IoMT, healthcare IoT, or intrusion/anomaly detection.",,EC1,,,,,,,Excluded
R0313,ScienceDirect,2026-07-06,False,A novel enhanced neural network for anomaly detection in the IoT environment,Muhammad Muhammad Inuwa and Resul Das,2026,Computers and Electrical Engineering,10.1016/j.compeleceng.2025.110833,https://www.sciencedirect.com/science/article/pii/S0045790625007761,article,Yes,Unique,Passed,,,Rejected,The paper proposes a purely supervised neural network architecture without any unsupervised anomaly detection component in a hybrid design.,IC2,EC3,,,,,,,Excluded
R0314,ScienceDirect,2026-07-06,False,RETRACTED: Enhancing healthcare workflows with blockchain-enabled deep reinforcement learning and mobile-fog-cloud architecture,Ahmed Shakir Albudairi and Ali Hussein Abdulkalaq and Karim Aljabri,2026,International Journal of Web Information Systems,10.1108/ijwis-12-2024-0361,https://www.sciencedirect.com/science/article/pii/S1744008425000060,article,Yes,Unique,Passed,,,Rejected,"The paper focuses on healthcare workflow optimization, resource allocation, and blockchain-enabled deep reinforcement learning without addressing intrusion detection or anomaly detection systems.",IC1,EC2,,,,,,,Excluded
R0315,ScienceDirect,2026-07-06,False,Automated detection of cybersecurity attacks in healthcare systems with recursive feature elimination and multilayer perceptron optimization,Ilhan {Firat Kilincer} and Fatih Ertam and Abdulkadir Sengur and Ru-San Tan and U. {Rajendra Acharya},2023,Biocybernetics and Biomedical Engineering,10.1016/j.bbe.2022.11.005,https://www.sciencedirect.com/science/article/pii/S0208521622001012,article,Yes,Unique,Passed,,,Rejected,The paper uses only supervised methods (RFE with LR/XGBoost for feature selection and MLP for classification) without any unsupervised anomaly detection component in a hybrid architecture.,"IC1, IC2",EC3,,,,,,,Excluded
R0317,ScienceDirect,2026-07-06,False,Analysis of convolutional-based variational autoencoders for privacy protection in realtime video surveillance,Mallepogu Sivalakshmi and K. Rajendra Prasad and Chigarapalle Shoba Bindu,2025,Expert Systems with Applications,10.1016/j.eswa.2025.126817,https://www.sciencedirect.com/science/article/pii/S0957417425004397,article,Yes,Unique,Passed,,,Rejected,"The paper focuses on facial privacy protection in video surveillance, not on intrusion or anomaly detection for IoMT/healthcare networks.",,EC2,,,,,,,Excluded
R0318,ScienceDirect,2026-07-06,False,A machine learning-based efficient anomaly detection system for enhanced security in compromised and maligned IoT Networks,Anita Punia and Manish Tiwari and Sourabh Singh Verma,2025,Results in Engineering,10.1016/j.rineng.2025.105562,https://www.sciencedirect.com/science/article/pii/S2590123025016329,article,Yes,Unique,Passed,,,Rejected,"The paper addresses generic IoT networks without specific focus on IoMT/healthcare domain (EC1), and uses only supervised machine learning algorithms without an unsupervised anomaly detection component in a hybrid architecture (EC3).",IC2,EC1,,,,,,,Excluded
R0319,ScienceDirect,2026-07-06,False,Federated learning with Blockchain on Denial-of-Service attacks detection and classification of edge IIoT networks using Deep Transfer Learning model,Monir Abdullah and Hanan Abdullah Mengash and Mohammed Maray and Faheed A.F. Alrslani and Hanadi Alkhudhayr and Nouf Atiahallah Alghanmi and Alanoud Subahi and Jihen Majdoubi,2025,Computers and Electrical Engineering,10.1016/j.compeleceng.2025.110319,https://www.sciencedirect.com/science/article/pii/S0045790625002629,article,Yes,Unique,Passed,,,Rejected,"The paper focuses on Industrial IoT (IIoT) networks rather than IoMT/healthcare IoT environments, failing to meet IC1.",IC2,EC1,,,,,,,Excluded
R0320,ScienceDirect,2026-07-06,False,A predictive neural network architecture for early detection of low-rate cyberattacks,Mert Nakıp,2026,Knowledge-Based Systems,10.1016/j.knosys.2026.115995,https://www.sciencedirect.com/science/article/pii/S0950705126007215,article,Yes,Unique,Passed,,,Rejected,"The paper addresses generic IoT networks rather than specifically IoMT/healthcare IoT environments, and does not employ a hybrid architecture combining unsupervised anomaly detection with supervised classification.",IC2,EC1,,,,,,,Excluded
R0321,ScienceDirect,2026-07-06,False,A Novel graph-embedded musical chairs optimization with secure elliptic encryption framework for intelligent edge computing in healthcare iot networks,R. Gowthamani and S. {Oswalt Manoj},2026,Journal of Industrial Information Integration,10.1016/j.jii.2025.101007,https://www.sciencedirect.com/science/article/pii/S2452414X25002304,article,Yes,Unique,Passed,,,Rejected,The paper proposes a purely supervised classification system (ADGENN) without an unsupervised anomaly detection component in a cascade or hybrid architecture.,"IC1, IC2",EC3,,,,,,,Excluded
R0322,ScienceDirect,2026-07-06,False,Next-Gen IoT Security using Polar Codes-based Cryptography for malware defence through quantum self-attention neural network,Swati Kumari,2025,Knowledge-Based Systems,10.1016/j.knosys.2025.113716,https://www.sciencedirect.com/science/article/pii/S0950705125007622,article,Yes,Unique,Passed,,,Rejected,"The paper addresses generic IoT security with malware detection using purely supervised quantum neural network classification, without any unsupervised anomaly detection component or IoMT-specific focus.",IC2,EC1,,,,,,,Excluded
R0323,ScienceDirect,2026-07-06,False,FileTrust: A blockchain-based auditable backup solution for IoT-driven environments,Mohammadali Farahpoor and Mina Namazi and Miguel Soriano and Oscar Esparza,2026,Ad Hoc Networks,10.1016/j.adhoc.2026.104327,https://www.sciencedirect.com/science/article/pii/S1570870526001939,article,Yes,Unique,Passed,,,Rejected,The paper focuses on blockchain-based backup and data integrity for IoT environments but does not propose or evaluate an intrusion detection or anomaly detection system.,,EC2,,,,,,,Excluded
R0325,ScienceDirect,2026-07-06,False,PT-TrafficAnalyzer: A weighted ensemble prediction tree for IoT attack detection,Recep Sinan Arslan,2026,Internet of Things,10.1016/j.iot.2026.101874,https://www.sciencedirect.com/science/article/pii/S2542660526000041,article,Yes,Unique,Passed,,,Rejected,Paper addresses generic IoT networks without specific focus on IoMT/healthcare domain (EC1) and uses purely supervised ensemble approach without unsupervised anomaly detection component (EC3).,IC2,EC1,,,,,,,Excluded
R0326,ScienceDirect,2026-07-06,False,Real-time anomaly detection and blocking in IoT networks using NFQUEUE and priority queue with dashboard monitoring,Harsada K. and K. Sritha Manasa and V. Tanay Darshan and S. Sai Tejesh Reddy and S. Manimaran,2026,Pervasive and Mobile Computing,10.1016/j.pmcj.2026.102265,https://www.sciencedirect.com/science/article/pii/S1574119226001069,article,Yes,Unique,Passed,,,Rejected,"The paper addresses generic IoT networks without specifying IoMT/healthcare domain, failing to meet IC1.",IC2,EC1,,,,,,,Excluded
R0327,ScienceDirect,2026-07-06,False,Collaborative device-level botnet detection for internet of things,Muhammad Hassan Nasir and Junaid Arshad and Muhammad Mubashir Khan,2023,Computers & Security,10.1016/j.cose.2023.103172,https://www.sciencedirect.com/science/article/pii/S0167404823000822,article,Yes,Unique,Passed,,,Rejected,This paper uses purely signature-based detection (supervised classification) without an unsupervised anomaly detection component in a hybrid architecture.,IC2,EC3,,,,,,,Excluded
R0328,ScienceDirect,2026-07-06,False,Optimized face detector-based intelligent face mask detection model in IoT using deep learning approach,Raghda Awad Shaban Naseri and Ayça Kurnaz and Hameed Mutlag Farhan,2023,Applied Soft Computing,10.1016/j.asoc.2022.109933,https://www.sciencedirect.com/science/article/pii/S1568494622009826,article,Yes,Unique,Passed,,,Rejected,The paper focuses on face mask detection in IoMT using hybrid deep learning but does not address intrusion detection or anomaly detection for cybersecurity purposes.,IC1,EC2,,,,,,,Excluded
R0329,ScienceDirect,2026-07-06,False,Enhancing IoT Resilience at the Edge: A Resource-Efficient Framework for Real-Time Anomaly Detection in Streaming Data,Kirubavathi G. and Arjun Pulliyasseri and Aswathi Rajesh and Amal Ajayan and Sultan Alfarhood and Mejdl Safran and Meshal Alfarhood and Jungpil Shin,2025,CMES - Computer Modeling in Engineering and Sciences,10.32604/cmes.2025.065698,https://www.sciencedirect.com/science/article/pii/S1526149225001948,article,Yes,Unique,Passed,,,Rejected,"The paper addresses generic IoT/IIoT/TMoT domains without specific focus on IoMT or healthcare, and uses only unsupervised methods (PCA + Z-score) without a supervised classification stage.",IC2,EC1,,,,,,,Excluded
R0330,ScienceDirect,2026-07-06,False,Self-Supervised Pre-trained Neural Network Models for Large-Scale Social Media Event Detection Tasks,Ashu Nayak and Omprakash Dewangan,2026,Procedia Computer Science,10.1016/j.procs.2026.01.030,https://www.sciencedirect.com/science/article/pii/S187705092600030X,article,Yes,Unique,Passed,,,Rejected,"The paper focuses on social media event detection for political upheavals and natural disasters, not IoMT/healthcare domain intrusion detection.",,EC5,,,,,,,Excluded
R0331,ScienceDirect,2026-07-06,False,Fog-cloud based intrusion detection system using Recurrent Neural Networks and feature selection for IoT networks,Naeem Firdous Syed and Mengmeng Ge and Zubair Baig,2023,Computer Networks,10.1016/j.comnet.2023.109662,https://www.sciencedirect.com/science/article/pii/S138912862300107X,article,Yes,Unique,Passed,,,Rejected,The paper proposes a purely supervised deep learning approach (RNN/LSTM) without any unsupervised anomaly detection component in a hybrid architecture.,IC2,EC3,,,,,,,Excluded
R0332,ScienceDirect,2026-07-06,False,Artificial intelligence-based healthcare cybersecurity system with blockchain: modified parallel convolutional neural network for attack detection,Swarooparani Kolsur and Sridevi Hosmani,2025,Medicine in Novel Technology and Devices,10.1016/j.medntd.2025.100412,https://www.sciencedirect.com/science/article/pii/S2590093525000633,article,Yes,Unique,Passed,,,Rejected,The paper uses only a supervised deep learning model (modified PCNN) for attack detection without any unsupervised anomaly detection component in a hybrid architecture.,"IC1, IC2",EC3,,,,,,,Excluded
R0333,ScienceDirect,2026-07-06,False,A novel host-based intrusion detection approach leveraging audit logs,Jiaqing Jiang and Hongyang Chu and Donghai Tian,2026,Future Generation Computer Systems,10.1016/j.future.2025.107995,https://www.sciencedirect.com/science/article/pii/S0167739X25002900,article,Yes,Unique,Passed,,,Rejected,"Paper focuses on host-based intrusion detection for general cyber attacks (APT, LoTL) without addressing IoMT, medical IoT, or healthcare-specific environments.",IC2,EC1,,,,,,,Excluded
R0334,ScienceDirect,2026-07-06,False,Adaptive Diffusion Markov-Enhanced GCN with LLM Explanations for IoT Attack Detection,Safa Ben Atitallah and Maha Driss and Arwa Alsehibani and Wadii Boulila,2025,Procedia Computer Science,10.1016/j.procs.2025.09.526,https://www.sciencedirect.com/science/article/pii/S1877050925031990,article,Yes,Unique,Passed,,,Rejected,The paper proposes a purely supervised GNN-based classification model (AD-MGCN) without any unsupervised anomaly detection component in a hybrid architecture.,IC2,EC3,,,,,,,Excluded
R0335,ScienceDirect,2026-07-06,False,Edge AI for Internet of Medical Things: A literature review,Atslands Rocha and Matheus Monteiro and César Mattos and Madson Dias and Jorge Soares and Regis Magalhães and José Macedo,2024,Computers and Electrical Engineering,10.1016/j.compeleceng.2024.109202,https://www.sciencedirect.com/science/article/pii/S0045790624001307,article,Yes,Unique,Passed,,,Rejected,This is a literature review on Edge AI for IoMT without proposing or evaluating a specific hybrid IDS architecture combining unsupervised and supervised methods.,IC1,EC2,,,,,,,Excluded
R0336,ScienceDirect,2026-07-06,False,Autonomous robotics computer-vision based framework for intelligent remote patient monitoring in health care,Siham Beloualid and Ilham Morino and Abderrahim Bajit and Hamza Benzzine and Salma Sahl and Hicham Essamri,2026,Results in Engineering,10.1016/j.rineng.2026.109397,https://www.sciencedirect.com/science/article/pii/S2590123026004378,article,Yes,Unique,Passed,,,Rejected,Paper focuses on patient monitoring infrastructure using robotics and computer vision but does not propose or evaluate any intrusion detection or anomaly detection system for cybersecurity threats.,IC1,EC2,,,,,,,Excluded
R0337,ScienceDirect,2026-07-06,False,Distance-based feature selection using Benford’s law for malware detection,Pedro Fernandes and Séamus {Ó Ciardhuáin} and Mário Antunes,2025,Computers & Security,10.1016/j.cose.2025.104625,https://www.sciencedirect.com/science/article/pii/S0167404825003141,article,Yes,Unique,Passed,,,Rejected,The paper focuses on malware detection in generic computer networks and Android devices without addressing IoMT or healthcare environments.,,EC1,,,,,,,Excluded
R0339,ScienceDirect,2026-07-06,False,Efficient medical image encryption and attack detection using hyperchaotic fibonacci polynomial convolutional neural network in IoT healthcare networks,Bhumireddypalli Veerasekharreddy and P. Chinniah and P. Varaprasada Rao and Krishna Prakash Arunachalam,2025,Neurocomputing,10.1016/j.neucom.2025.131537,https://www.sciencedirect.com/science/article/pii/S092523122502209X,article,Yes,Unique,Passed,,,Rejected,The paper focuses on medical image encryption and attack detection using CNN classification without any unsupervised anomaly detection component in the architecture.,"IC1, IC2",EC3,,,,,,,Excluded
R0340,ScienceDirect,2026-07-06,False,Hybrid of anomaly-based and specification-based IDS for Internet of Things using unsupervised OPF based on MapReduce approach,Hamid Bostani and Mansour Sheikhan,2017,Computer Communications,10.1016/j.comcom.2016.12.001,https://www.sciencedirect.com/science/article/pii/S0140366416306387,article,Yes,Unique,Passed,,,Rejected,"The paper addresses general IoT networks in a smart-city scenario without specific focus on IoMT, medical IoT, or healthcare environments (EC1).","IC2, IC3",EC1,,,,,,,Excluded
R0341,ScienceDirect,2026-07-06,False,A multilayered deep learning framework for cyber attack detection and mitigation in a heterogeneous IIoT ecosystem,Arshad Iqbal and Sohail Asghar and Manzoor Ilahi Tamimy,2026,Journal of Information Security and Applications,10.1016/j.jisa.2025.104301,https://www.sciencedirect.com/science/article/pii/S2214212625003382,article,Yes,Unique,Passed,,,Rejected,"The paper focuses on IIoT (Industrial IoT) rather than IoMT/healthcare environments, failing to meet IC1.",IC2,EC1,,,,,,,Excluded
R0342,ScienceDirect,2026-07-06,False,XAI-Enhanced adversarial resilient deep learning framework for transparent and secure edge deployment in consumer Internet of Things/Industrial Internet of Things environments,Yakub Kayode Saheed and Joshua Ebere Chukwuere,2026,Computers and Electrical Engineering,10.1016/j.compeleceng.2026.111080,https://www.sciencedirect.com/science/article/pii/S0045790626001527,article,Yes,Unique,Passed,,,Rejected,"The paper focuses on CIoT/IIoT environments rather than IoMT/healthcare IoT, triggering EC1.",IC2,EC1,,,,,,,Excluded
R0343,ScienceDirect,2026-07-06,False,Lightweight data security system for resource-constrained IIoT devices,Chimeremma Sandra Amadi and Simeon Okechukwu Ajakwe and Chigozie Athanasius Nnadiekwe and Jun Taesoo,2026,Franklin Open,10.1016/j.fraope.2026.100585,https://www.sciencedirect.com/science/article/pii/S2773186326001015,article,Yes,Unique,Passed,,,Rejected,"The paper addresses IIoT (Industrial IoT) rather than IoMT/healthcare IoT, and uses a single supervised CNN-LSTM model without an unsupervised anomaly detection component in a hybrid architecture.",IC2,EC1,,,,,,,Excluded
R0345,ScienceDirect,2026-07-06,False,Improving adversarial resilience for anomaly detection in the heterogeneous internet of things through ensemble models,U.E. Abiha and A. Rehman and A. Abbas and M.A. Haider and F.A.M. Al-Yarimi and M.U. Gul and S.R. Hassan,2026,Future Generation Computer Systems,10.1016/j.future.2025.108299,https://www.sciencedirect.com/science/article/pii/S0167739X2500593X,article,Yes,Unique,Passed,,,Rejected,"The paper addresses generic IoT environments without specific focus on IoMT/healthcare domain (EC1), and uses only DS2OS and Bot-IoT datasets which are not IoMT-specific.","IC2, IC3",EC1,,,,,,,Excluded
R0346,ScienceDirect,2026-07-06,False,Securing IoT and SDN systems using deep-learning based automatic intrusion detection,Rania A. Elsayed and Reem A. Hamada and Mahmoud I. Abdalla and Shaimaa Ahmed Elsaid,2023,Ain Shams Engineering Journal,10.1016/j.asej.2023.102211,https://www.sciencedirect.com/science/article/pii/S2090447923001004,article,Yes,Unique,Passed,,,Rejected,The paper proposes a purely supervised deep learning approach (improved LSTM) without any unsupervised anomaly detection component in a hybrid architecture.,"IC1, IC2",EC3,,,,,,,Excluded
R0347,ScienceDirect,2026-07-06,False,"Quantum computing in image encryption: A comprehensive survey of methods, challenges, and future directions",Anup Kumar and Om Prakash Singh and Sharbani Purkayastha,2026,Journal of Information Security and Applications,10.1016/j.jisa.2026.104452,https://www.sciencedirect.com/science/article/pii/S2214212626000827,article,Yes,Unique,Passed,,,Rejected,"The paper focuses on quantum image encryption in general domains (healthcare, defense, finance) without addressing IoMT/medical IoT environments or intrusion detection systems.",,EC5,,,,,,,Excluded
R0348,ScienceDirect,2026-07-06,False,Enhancing the security in IoT and IIoT networks: An intrusion detection scheme leveraging deep transfer learning,Basharat Ahmad and Zhaoliang Wu and Yongfeng Huang and Sadaqat Ur Rehman,2024,Knowledge-Based Systems,10.1016/j.knosys.2024.112614,https://www.sciencedirect.com/science/article/pii/S0950705124012486,article,Yes,Unique,Passed,,,Rejected,"The paper addresses IIoT/IoT intrusion detection using deep transfer learning with CNN and ensemble methods, but does not describe a hybrid architecture combining unsupervised anomaly detection with supervised classification.",IC2,EC3,,,,,,,Excluded
R0350,ScienceDirect,2026-07-06,False,NeuroChain Sentinel: A Brain-Inspired Anomaly Detection System Using Spiking Neural Networks for Zero-Day Threat Identification in Blockchain Networks,Shoeb Ali Syed and Zohaib Mushtaq and Akbare Yaqub and Saifur Rahman and Muhammad Irfan and Saleh Al Dawsari,2026,"Computers, Materials and Continua",10.32604/cmc.2026.076869,https://www.sciencedirect.com/science/article/pii/S1546221826004182,article,Yes,Unique,Passed,,,Rejected,"Paper focuses on blockchain network security rather than IoMT/healthcare domain, triggering exclusion criterion EC1.",,EC1,,,,,,,Excluded
R0351,ScienceDirect,2026-07-06,False,On-device learning based vulnerability detection in IoT environment,Hongping Li and Shan Cang Li and Geyong Min,2025,Journal of Industrial Information Integration,10.1016/j.jii.2025.100900,https://www.sciencedirect.com/science/article/pii/S2452414X25001232,article,Yes,Unique,Passed,,,Rejected,The paper focuses on binary neural networks for vulnerability detection in generic IoT without addressing IoMT/healthcare domain (EC1) and does not employ a hybrid architecture combining unsupervised anomaly detection with supervised classification (EC3).,IC2,EC1,,,,,,,Excluded
R0352,ScienceDirect,2026-07-06,False,Privacy-Preserving Strategies in the Internet of Medical Things Using Reinforcement Learning and Blockchain,Dounia Doha and Ping Guo and Wenfeng Liang,2025,Intelligent Computing,10.34133/icomputing.0133,https://www.sciencedirect.com/science/article/pii/S2771589225000050,article,Yes,Unique,Passed,,,Rejected,"The paper focuses on privacy-preserving strategies using reinforcement learning and blockchain for IoMT security, but does not propose or evaluate an intrusion/anomaly detection system with a hybrid architecture combining unsupervised and supervised methods.",IC1,EC2,,,,,,,Excluded
R0353,ScienceDirect,2026-07-06,False,Hybrid AES model with elliptic curve and ID based key generation for IOT in telemedicine,Arasada Subashini and P. {Kanaka Raju},2023,Measurement: Sensors,10.1016/j.measen.2023.100824,https://www.sciencedirect.com/science/article/pii/S2665917423001605,article,Yes,Unique,Passed,,,Rejected,The paper focuses on cryptographic data security and encryption for IoMT telemedicine rather than intrusion detection or anomaly detection systems.,IC1,EC2,,,,,,,Excluded
R0354,ScienceDirect,2026-07-06,False,FLIT: Federated ledger and intelligence for trust-bootstrapping in the Internet of Medical Things,Debashis Das and Sourav Banerjee and Debashis De,2026,Expert Systems with Applications,10.1016/j.eswa.2025.129916,https://www.sciencedirect.com/science/article/pii/S0957417425035316,article,Yes,Unique,Passed,,,Rejected,The paper focuses on federated learning and blockchain for secure data sharing in IoMT but does not address intrusion detection or anomaly detection systems.,IC1,EC2,,,,,,,Excluded
R0355,ScienceDirect,2026-07-06,False,MAD-ANET: Malware Detection Using Attention-Based Deep Neural Networks,Waleed Khalid Al-Ghanem and Emad Ul Haq Qazi and Tanveer Zia and Muhammad Hamza Faheem and Muhammad Imran and Iftikhar Ahmad,2025,CMES - Computer Modeling in Engineering and Sciences,10.32604/cmes.2025.058352,https://www.sciencedirect.com/science/article/pii/S1526149225000712,article,Yes,Unique,Passed,,,Rejected,"The paper focuses on generic malware detection in computer systems with no mention of IoMT, medical IoT, or healthcare environments.",,EC1,,,,,,,Excluded
R0356,ScienceDirect,2026-07-06,False,Healthcare data security research in the digital age (1995–2025): a bibliometric study,Zhe Wang and Yuqi Jiang,2026,Safety Science,10.1016/j.ssci.2026.107293,https://www.sciencedirect.com/science/article/pii/S0925753526001840,article,Yes,Unique,Passed,,,Rejected,"This is a bibliometric meta-study reviewing the literature on healthcare data security, not proposing or evaluating an intrusion detection system.",,EC2,,,,,,,Excluded
R0357,ScienceDirect,2026-07-06,False,PRISM-IIoT: A holistic approach for privacy preservation in industrial IoT using advanced cryptography and blockchain-enabled auditability framework,Rakesh Kumar Mahendran and Arafat Khan and Fasee Ullah and Farman Ali and Ahmad Ali AlZubi,2025,Alexandria Engineering Journal,10.1016/j.aej.2025.07.027,https://www.sciencedirect.com/science/article/pii/S1110016825008506,article,Yes,Unique,Passed,,,Rejected,"The paper focuses on Industrial IoT (IIoT) with manufacturing, energy, and general industry sectors rather than specifically addressing IoMT/healthcare IoT environments.",,EC1,,,,,,,Excluded
R0358,ScienceDirect,2026-07-06,False,Optimized dual access control for cloud-based data storage and distribution using global-context residual recurrent neural network,Shaik Mohammad Rafi and R Yogesh and M Sriram,2025,Computers & Security,10.1016/j.cose.2024.104183,https://www.sciencedirect.com/science/article/pii/S0167404824004887,article,Yes,Unique,Passed,,,Rejected,"The paper addresses cloud-based data storage and email security rather than IoMT/healthcare IoT environments, and does not involve hybrid intrusion detection combining unsupervised anomaly detection with supervised classification.",,EC1,,,,,,,Excluded
R0359,ScienceDirect,2026-07-06,False,Cardiocipherchain: Blockchain-based secure cardiovascular disease detection using cardiodeepnet and meta-heuristic optimization algorithms,C. {Adline Sherifa} and B. Kanisha,2026,Biomedical Signal Processing and Control,10.1016/j.bspc.2025.109253,https://www.sciencedirect.com/science/article/pii/S1746809425017641,article,Yes,Unique,Passed,,,Rejected,The paper focuses on cardiovascular disease detection using deep learning and blockchain but does not propose an intrusion detection or anomaly detection system for IoMT networks.,,EC2,,,,,,,Excluded
R0360,ScienceDirect,2026-07-06,False,A new two-phase intrusion detection system with Naïve Bayes machine learning for data classification and elliptic envelop method for anomaly detection,Monika Vishwakarma and Nishtha Kesswani,2023,Decision Analytics Journal,10.1016/j.dajour.2023.100233,https://www.sciencedirect.com/science/article/pii/S2772662223000735,article,Yes,Unique,Passed,,,Rejected,"The paper proposes a two-phase IDS for generic IoT using Naive Bayes classification followed by elliptic envelope anomaly detection, but does not specifically address IoMT, medical IoT, or healthcare network environments.","IC2, IC3",EC1,,,,,,,Excluded
R0361,ScienceDirect,2026-07-06,False,Multi-layer privacy-preserving framework for secure cloud-based healthcare data management,S. Muthuvel and S. Priya and K. {Sampath Kumar},2026,Biomedical Signal Processing and Control,10.1016/j.bspc.2026.110373,https://www.sciencedirect.com/science/article/pii/S1746809426009274,article,Yes,Unique,Passed,,,Rejected,The paper focuses on privacy-preserving encryption and access control for cloud-based healthcare data management without addressing IoMT network intrusion detection or combining unsupervised anomaly detection with supervised classification.,,EC2,,,,,,,Excluded
R0362,ScienceDirect,2026-07-06,False,LSO-CSL: Light spectrum optimizer-based convolutional stacked long short term memory for attack detection in IoT-based healthcare applications,Thiyagu Thulasi and Krishnaveni Sivamohan,2023,Expert Systems with Applications,10.1016/j.eswa.2023.120772,https://www.sciencedirect.com/science/article/pii/S0957417423012745,article,Yes,Unique,Passed,,,Rejected,The paper proposes a purely supervised deep learning architecture (CNN-stacked LSTM) without any unsupervised anomaly detection component in a hybrid cascade or ensemble design.,"IC1, IC2",EC3,,,,,,,Excluded
R0363,ScienceDirect,2026-07-06,False,Sin-Cos-bIAVOA: A new feature selection method based on improved African vulture optimization algorithm and a novel transfer function to DDoS attack detection,Zakieh Sharifian and Behrang Barekatain and Alfonso Ariza Quintana and Zahra Beheshti and Faramarz Safi-Esfahani,2023,Expert Systems with Applications,10.1016/j.eswa.2023.120404,https://www.sciencedirect.com/science/article/pii/S0957417423009065,article,Yes,Unique,Passed,,,Rejected,"The paper focuses on feature selection using a metaheuristic optimization algorithm with a single supervised classifier (GFRNN) for DDoS detection in general IoT networks, without combining unsupervised anomaly detection with supervised classification in a hybrid architecture.",IC2,EC3,,,,,,,Excluded
R0364,ScienceDirect,2026-07-06,False,SBGE-A: A self-boundary modeling and gene evolution-based anomaly detection approach for IIoT,Qiyu Chen and Yong Liu and Tao Yang and Hongli Deng and Dongmei Li and Jiangjin Gao,2026,Applied Soft Computing,10.1016/j.asoc.2026.115041,https://www.sciencedirect.com/science/article/pii/S1568494626004898,article,Yes,Unique,Passed,,,Rejected,"The paper targets Industrial IoT (IIoT) rather than IoMT/healthcare IoT environments, triggering exclusion criterion EC1.",IC2,EC1,,,,,,,Excluded
R0365,ScienceDirect,2026-07-06,False,Self-Supervised Wav2Vec Representations Integrated with Transformers for Speech-to-Text Applications,Mohammed Hameed {Ahmed AlTaei} and Mohamed Fadlalla {Elhaj Hamad} and Omar {Al Hashimi} and Ameer Hakim Samawi,2026,Procedia Computer Science,10.1016/j.procs.2026.01.064,https://www.sciencedirect.com/science/article/pii/S1877050926000645,article,Yes,Unique,Passed,,,Rejected,"The paper addresses automatic speech recognition (ASR) for telemedicine applications, not intrusion detection or anomaly detection for IoMT networks.",,EC2,,,,,,,Excluded
R0366,ScienceDirect,2026-07-06,False,"Emerging 0D, 1D, 2D, and 3D nanostructures for efficient point-of-care biosensing",Manisha Byakodi and Narlawar Sagar Shrikrishna and Riya Sharma and Shekhar Bhansali and Yogendra Mishra and Ajeet Kaushik and Sonu Gandhi,2022,Biosensors and Bioelectronics: X,10.1016/j.biosx.2022.100284,https://www.sciencedirect.com/science/article/pii/S2590137022001777,article,Yes,Unique,Passed,,,Rejected,"The paper focuses on biosensing technology and nanomaterials for point-of-care diagnostics, not on intrusion detection or anomaly detection systems for IoMT networks.",,EC2,,,,,,,Excluded
R0367,ScienceDirect,2026-07-06,False,Federated LSTM autoencoders for time series anomaly detection in production-scale HPC systems,Emmen Farooq and Michela Milano and Andrea Borghesi,2026,Knowledge-Based Systems,10.1016/j.knosys.2025.115043,https://www.sciencedirect.com/science/article/pii/S0950705125020817,article,Yes,Unique,Passed,,,Rejected,The paper addresses HPC systems (high-performance computing/supercomputers) rather than IoMT/healthcare domain environments.,,EC1,,,,,,,Excluded
R0368,ScienceDirect,2026-07-06,False,A lightweight IoT–edge–cloud framework for Healthcare Internet of Things,Cephas Iko-Ojo Gabriel and Randhir Kumar and Prabhat Kumar,2026,Ad Hoc Networks,10.1016/j.adhoc.2026.104226,https://www.sciencedirect.com/science/article/pii/S1570870526000922,article,Yes,Unique,Passed,,,Rejected,"The paper proposes a Healthcare IoT framework for disease detection (monkeypox) using transfer learning and edge-cloud inference, but does not describe any intrusion detection or anomaly detection system.",IC1,EC2,,,,,,,Excluded
R0369,ScienceDirect,2026-07-06,False,"SDN-based solutions for malware analysis and detection: State-of-the-art, open issues and research challenges",Cristian H.M. Souza and Túlio Pascoal and Emidio P. Neto and Galileu B. Sousa and Francisco S.L. Filho and Daniel M. Batista and Felipe S. {Dantas Silva},2025,Journal of Information Security and Applications,10.1016/j.jisa.2025.104145,https://www.sciencedirect.com/science/article/pii/S2214212625001826,article,Yes,Unique,Passed,,,Rejected,"Paper focuses on SDN-based malware detection in generic 5G and IoT environments without specific focus on IoMT/healthcare, and does not describe a hybrid unsupervised-supervised IDS architecture.",,EC1,,,,,,,Excluded
R0370,ScienceDirect,2026-07-06,False,An intelligent cloud-based framework for healthcare cybersecurity using sparsity-aware edge attention network and sculptor optimization algorithm,G. Kalaiarasi and R. Poorni and Pradeep K․V․ and Venkatraman K․,2026,Internet of Things,10.1016/j.iot.2026.102003,https://www.sciencedirect.com/science/article/pii/S2542660526001332,article,Yes,Unique,Passed,,,Rejected,The paper uses a purely supervised classification approach (SAEAN) without combining it with unsupervised anomaly detection in a hybrid architecture.,"IC1, IC2",EC3,,,,,,,Excluded
R0371,ScienceDirect,2026-07-06,False,ABO For anomaly detection and computer network optimization,Grace Mupoyi Ntuala and Qi Xia and Qiufang Li and Jiaqin Liu and Patrick Mukala and Ansu Badjie and Lan Ma and Hu Xia and Jianbin Gao,2026,Computer Networks,10.1016/j.comnet.2025.111911,https://www.sciencedirect.com/science/article/pii/S1389128625008771,article,Yes,Unique,Passed,,,Rejected,Paper focuses on blockchain network anomaly detection without addressing IoMT/healthcare domain (EC1) and lacks the required hybrid architecture combining unsupervised anomaly detection with supervised classification (EC3).,,EC1,,,,,,,Excluded
R0373,ScienceDirect,2026-07-06,False,Image-based malware detection based on convolution neural network with autoencoder in Industrial Internet of Things using Software Defined Networking Honeypot,Sanjeev Kumar and Anil Kumar,2024,Engineering Applications of Artificial Intelligence,10.1016/j.engappai.2024.108374,https://www.sciencedirect.com/science/article/pii/S0952197624005323,article,Yes,Unique,Passed,,,Rejected,"The paper focuses on IIoT (Industrial Internet of Things) rather than IoMT/healthcare environments, triggering EC1.",,EC1,,,,,,,Excluded
R0374,ScienceDirect,2026-07-06,False,EdgeTrustX: A Privacy-Aware Federated Transformer Framework for Scalable and Explainable IoT Threat Detection,Saleh Alharbi,2026,"Computers, Materials and Continua",10.32604/cmc.2026.073584,https://www.sciencedirect.com/science/article/pii/S1546221826003024,article,Yes,Unique,Passed,,,Rejected,The paper proposes a purely supervised transformer-based classification system without any unsupervised anomaly detection component in a hybrid architecture.,IC2,EC3,,,,,,,Excluded
R0375,ScienceDirect,2026-07-06,False,A Secure Architecture for intelligent internet of vehicle systems using advanced dimensionality reduction with deep ensemble models,Amal K. Alkhalifa and Mashael M. Asiri and Reham Al-Dayil and Ahmed Alsayat and Mashail N. Alkhomsan and Mohammed A. AlAqil and Shouki A. Ebad and Mohammed Mujib Alshahrani,2025,Engineering Applications of Artificial Intelligence,10.1016/j.engappai.2025.112466,https://www.sciencedirect.com/science/article/pii/S0952197625024972,article,Yes,Unique,Passed,,,Rejected,"The paper focuses on intelligent transportation systems and vehicle-to-vehicle/vehicle-to-infrastructure communication, not IoMT or healthcare IoT environments.",,EC1,,,,,,,Excluded
R0376,ScienceDirect,2026-07-06,False,Federated learning based Dynamic Multi-Scale Attention Network for secure drone and base station communication,Ameen Banjar and Abdulrahman A. Alshdadi,2025,Alexandria Engineering Journal,10.1016/j.aej.2025.09.067,https://www.sciencedirect.com/science/article/pii/S1110016825010300,article,Yes,Unique,Passed,,,Rejected,"The paper focuses on drone communication networks (Dr2Dr, Dr2BS) rather than IoMT/healthcare environments, triggering EC1.",,EC1,,,,,,,Excluded
R0378,ScienceDirect,2026-07-06,False,Integrating convolutional stacked long short-term memory with bio-inspired algorithm for secure unmanned aerial vehicle communication in SDN environment,Iyad Katib and Mahmoud Ragab and Sanaa A. Sharaf and Emad Albassam and Wafi Bedewi and Abdulaziz A. Alsulami and Abdullah AL-Malaise AL-Ghamdi,2025,Results in Engineering,10.1016/j.rineng.2025.106838,https://www.sciencedirect.com/science/article/pii/S2590123025029020,article,Yes,Unique,Passed,,,Rejected,"The paper addresses UAV/drone communication in SDN environments, not IoMT/healthcare domain, triggering EC1.",,EC1,,,,,,,Excluded
R0379,ScienceDirect,2026-07-06,False,A simulation-based unified framework for real-time malicious traffic detection in multi-environment networks,Furqan Rustam and Anca {Delia Jurcut},2026,Computer Networks,10.1016/j.comnet.2026.112220,https://www.sciencedirect.com/science/article/pii/S138912862600232X,article,Yes,Unique,Passed,,,Rejected,"The paper addresses generic multi-environment networks including IoT and traditional IP networks but does not specifically focus on IoMT/healthcare domain (EC1), and uses a purely supervised approach with transfer learning rather than a hybrid unsupervised-supervised architecture (EC3).",IC2,EC1,,,,,,,Excluded
R0380,ScienceDirect,2026-07-06,False,Randomized CNN based deep learning technique for the cyber-attacks detection in SCADA industrial control systems,Sinil Mubarak and Mohamed Hadi Habaebi and Md Rafiqul Islam and Nubila Jaleel and Mohammed Tahir Siddique,2025,Measurement,10.1016/j.measurement.2025.117933,https://www.sciencedirect.com/science/article/pii/S0263224125012928,article,Yes,Unique,Passed,,,Rejected,"The paper focuses on SCADA Industrial Control Systems (ICS) and Industrial IoT (IIoT), not IoMT/healthcare environments, failing IC1.",IC2,EC1,,,,,,,Excluded
R0381,ScienceDirect,2026-07-06,False,Explainable artificial intelligence in web phishing classification on secure IoT with cloud-based cyber-physical systems,Sultan Refa Alotaibi and Hend Khalid Alkahtani and Mohammed Aljebreen and Asma Alshuhail and Muhammad Kashif Saeed and Shouki A. Ebad and Wafa Sulaiman Almukadi and Moneerah Alotaibi,2025,Alexandria Engineering Journal,10.1016/j.aej.2024.09.115,https://www.sciencedirect.com/science/article/pii/S1110016824011487,article,Yes,Unique,Passed,,,Rejected,"The paper focuses on web phishing classification in IoT/CPS environments rather than intrusion detection in IoMT/healthcare networks, and does not combine unsupervised anomaly detection with supervised classification in a hybrid architecture.",,EC1,,,,,,,Excluded
R0383,ScienceDirect,2026-07-06,False,CIC-YNU-IoTMal: A comprehensive multilayer dataset for static and dynamic analysis of IoT malware behavior,Sajjad Dadkhah and Ogobuchi Daniel Okey and Sebin Abraham Maret and Yen-Wu Lo and Amir Firouzi and Ryu Kuki and Takayuki Sasaki and Katsunari Yoshioka and Tao Ban and Seiichi Ozawa and Ali A. Ghorbani,2026,Information Systems,10.1016/j.is.2026.102722,https://www.sciencedirect.com/science/article/pii/S0306437926000360,article,Yes,Unique,Passed,,,Rejected,Paper focuses on malware dataset creation and classification for generic IoT environments without addressing IoMT/healthcare-specific applications or hybrid detection architectures combining unsupervised anomaly detection with supervised classification.,,EC1,,,,,,,Excluded
R0384,ScienceDirect,2026-07-06,False,DIDS: A Deep Neural Network based real-time Intrusion detection system for IoT,Monika Vishwakarma and Nishtha Kesswani,2022,Decision Analytics Journal,10.1016/j.dajour.2022.100142,https://www.sciencedirect.com/science/article/pii/S277266222200073X,article,Yes,Unique,Passed,,,Rejected,"Paper addresses generic IoT networks without specific focus on IoMT/healthcare domain, failing IC1.",IC2,EC1,,,,,,,Excluded
R0385,ScienceDirect,2026-07-06,False,HARVEST: Hardware-based ransomware detection and stage tracking for AIoMT devices,Kalaivani Selvaraj and Manmeet Mahinderjit Singh and Zarul Fitri Zaaba,2026,Journal of Network and Computer Applications,10.1016/j.jnca.2026.104458,https://www.sciencedirect.com/science/article/pii/S1084804526000330,article,Yes,Unique,Passed,,,Rejected,The paper uses only supervised classification (SVM) without any unsupervised anomaly detection component in the architecture.,"IC1, IC2",EC3,,,,,,,Excluded
R0387,ScienceDirect,2026-07-06,False,Explainable AI-based intrusion detection in IoT systems,Sarah Bin hulayyil and Shancang Li and Neetesh Saxena,2025,Internet of Things,10.1016/j.iot.2025.101589,https://www.sciencedirect.com/science/article/pii/S2542660525001027,article,Yes,Unique,Passed,,,Rejected,"The paper addresses generic IoT systems and Ripple20 vulnerability detection without specific focus on IoMT/healthcare domain (EC1), and describes ML classifiers with XAI techniques but does not indicate a hybrid architecture combining unsupervised anomaly detection with supervised classification (EC3).",IC2,EC1,,,,,,,Excluded
R0388,ScienceDirect,2026-07-06,False,QNMF: A quantum neural network based multimodal fusion system for intelligent diagnosis,Zhiguo Qu and Yang Li and Prayag Tiwari,2023,Information Fusion,10.1016/j.inffus.2023.101913,https://www.sciencedirect.com/science/article/pii/S1566253523002294,article,Yes,Unique,Passed,,,Rejected,"The paper focuses on intelligent medical diagnosis using quantum machine learning for multimodal data fusion, but does not address intrusion detection or anomaly detection in IoMT networks.",IC1,EC2,,,,,,,Excluded
R0389,ScienceDirect,2026-07-06,False,Voting-based ensemble classifiers model on ransomware detection for cybersecurity driven iiot in cloud computing infrastructure,Fatimah Alhayan and Monir Abdullah and Asma Alshuhail and Munya A. Arasi and Othman Alrusaini and Sultan Alahmari and Abdulsamad Ebrahim Yahya and Samah Al Zanin,2025,Alexandria Engineering Journal,10.1016/j.aej.2025.08.028,https://www.sciencedirect.com/science/article/pii/S1110016825009251,article,Yes,Unique,Passed,,,Rejected,"The paper focuses on IIoT (Industrial IoT) smart factory environments rather than IoMT/healthcare IoT, failing to meet IC1.",IC2,EC1,,,,,,,Excluded
R0390,ScienceDirect,2026-07-06,False,An optimized learning approach for enhancing the security of digital twin-enabled industrial systems from distributed denial-of-service attacks,Debendra Muduli and Rahul Kumar Gupta and Samir Kumar Majhi and Binayak Ojha and Banshidhar Majhi,2025,Journal of Industrial Information Integration,10.1016/j.jii.2025.100960,https://www.sciencedirect.com/science/article/pii/S2452414X25001839,article,Yes,Unique,Passed,,,Rejected,"The paper focuses on digital twin-enabled industrial systems (Industry 4.0/IIoT) rather than IoMT/healthcare environments, failing IC1.",,EC1,,,,,,,Excluded
R0391,ScienceDirect,2026-07-06,False,Internet of medical things: A systematic review,Chenxi Huang and Jian Wang and Shuihua Wang and Yudong Zhang,2023,Neurocomputing,10.1016/j.neucom.2023.126719,https://www.sciencedirect.com/science/article/pii/S0925231223008421,article,Yes,Unique,Passed,,,Rejected,"This is a general systematic review of IoMT concepts, technologies, and applications without proposing or evaluating any intrusion detection system.",IC1,EC2,,,,,,,Excluded
R0393,ScienceDirect,2026-07-06,False,"A survey of Internet of medical things: technology, application and future directions",Peng He and Dingying Huang and Dapeng Wu and Haiyang He and Yinlai Wei and Yaping Cui and Ruyan Wang and Lei Peng,2026,Digital Communications and Networks,10.1016/j.dcan.2024.11.013,https://www.sciencedirect.com/science/article/pii/S2352864824001597,article,Yes,Unique,Passed,,,Rejected,"This is a survey paper that discusses IoMT broadly including security concerns, but does not propose or evaluate a specific hybrid intrusion detection system combining unsupervised anomaly detection with supervised classification.",IC1,EC2,,,,,,,Excluded
R0394,ScienceDirect,2026-07-06,False,GMLP-IDS: A Novel Deep Learning-Based Intrusion Detection System for Smart Agriculture,Abdelwahed Berguiga and Ahlem Harchay and Ayman Massaoudi and Mossaad Ben Ayed and Hafedh Belmabrouk,2023,"Computers, Materials and Continua",10.32604/cmc.2023.041667,https://www.sciencedirect.com/science/article/pii/S1546221823001194,article,Yes,Unique,Passed,,,Rejected,"The paper addresses Smart Agriculture (not IoMT/healthcare), thus failing the domain inclusion criterion IC1.",,EC1,,,,,,,Excluded
R0396,ScienceDirect,2026-07-06,False,A blockchain future for internet of things security: a position paper,Mandrita Banerjee and Junghee Lee and Kim-Kwang Raymond Choo,2018,Digital Communications and Networks,10.1016/j.dcan.2017.10.006,https://www.sciencedirect.com/science/article/pii/S2352864817302900,article,Yes,Unique,Passed,,,Rejected,"The paper is a position paper surveying IoT security solutions and proposing blockchain for dataset sharing, but does not propose or evaluate a hybrid intrusion detection system combining unsupervised anomaly detection with supervised classification.",,EC2,,,,,,,Excluded
R0397,ScienceDirect,2026-07-06,False,Network traffic inspection to enhance anomaly detection in the Internet of Things using attention-driven Deep Learning,Mireya Lucia Hernandez-Jaimes and Alfonso Martinez-Cruz and Kelsey Alejandra Ramírez-Gutiérrez and Alicia Morales-Reyes,2025,Integration,10.1016/j.vlsi.2025.102398,https://www.sciencedirect.com/science/article/pii/S0167926025000550,article,Yes,Unique,Passed,,,Rejected,The paper uses attention-driven DL for feature extraction followed by purely unsupervised One-Class SVM without a supervised classification stage.,"IC1, IC2",EC4,,,,,,,Excluded
R0398,ScienceDirect,2026-07-06,False,Internet of multimedia things: Vision and challenges,Sheeraz A. Alvi and Bilal Afzal and Ghalib A. Shah and Luigi Atzori and Waqar Mahmood,2015,Ad Hoc Networks,10.1016/j.adhoc.2015.04.006,https://www.sciencedirect.com/science/article/pii/S1570870515000876,article,Yes,Unique,Passed,,,Rejected,Paper focuses on multimedia-based IoT architecture and services rather than intrusion detection systems for healthcare/medical IoT environments.,,EC2,,,,,,,Excluded
R0399,ScienceDirect,2026-07-06,False,A comprehensive systematic literature review on security and authentication techniques for wireless body area network (WBAN),Navjot Kaur Sekhon and Navneet Kaur,2026,Physical Communication,10.1016/j.phycom.2026.103038,https://www.sciencedirect.com/science/article/pii/S1874490726000479,article,Yes,Unique,Passed,,,Rejected,"This is a systematic literature review on security and authentication techniques for WBAN, not a primary study proposing or evaluating a hybrid intrusion detection system.",IC1,EC2,,,,,,,Excluded
R0401,ScienceDirect,2026-07-06,False,Optimizing Internet of Things security: Artificial neural networks algorithms performance in authentication and authorization via physical layer features,Kazi {Istiaque Ahmed} and Mohammad Tahir and Zheng Jiangbin and Sian Lun Lau and Mohamed Hadi Habaebi and Abdul Ahad,2026,Engineering Applications of Artificial Intelligence,10.1016/j.engappai.2026.115408,https://www.sciencedirect.com/science/article/pii/S0952197626016921,article,Yes,Unique,Passed,,,Rejected,"The paper focuses on authentication and authorization using supervised ANN algorithms on physical layer features, without any unsupervised anomaly detection component or hybrid architecture.",,EC3,,,,,,,Excluded
R0402,ScienceDirect,2026-07-06,False,D2AHrN: Distributed drift attentional hierarchical network for attack detection in cloud-based IoT,Zeeshan Ahmed Mohammed and Abdul Junaid Mohammed and Mohammed Khaleel Ahmed and M. Yadaiah,2026,Progress in Engineering Science,10.1016/j.pes.2026.100316,https://www.sciencedirect.com/science/article/pii/S2950425226001118,article,Yes,Unique,Passed,,,Rejected,The paper addresses cloud-based IoT attack detection but does not specify IoMT/healthcare domain (EC1) and appears to use a purely supervised deep hierarchical classifier without an unsupervised anomaly detection component (EC3).,IC2,EC1,,,,,,,Excluded
R0403,ScienceDirect,2026-07-06,False,An explainable nature-inspired cyber attack detection system in Software-Defined IoT applications,Chandan Kumar and Md. Sarfaraj Alam Ansari,2024,Expert Systems with Applications,10.1016/j.eswa.2024.123853,https://www.sciencedirect.com/science/article/pii/S095741742400719X,article,Yes,Unique,Passed,,,Rejected,"The paper addresses SD-IoT (Software-Defined IoT) rather than IoMT/healthcare IoT specifically, and uses only supervised ML classification without an unsupervised anomaly detection component in a hybrid architecture.",IC2,EC1,,,,,,,Excluded
R0405,ScienceDirect,2026-07-06,False,An image-based analytics framework for early autism detection using eye movements,Roaa Soloh and Lara Abou Orm and Dana Dabdoub,2025,Healthcare Analytics,10.1016/j.health.2025.100439,https://www.sciencedirect.com/science/article/pii/S2772442525000589,article,Yes,Unique,Passed,,,Rejected,"Paper focuses on autism detection through eye-tracking analytics, which is unrelated to IoMT intrusion detection systems.",,EC5,,,,,,,Excluded
R0406,ScienceDirect,2026-07-06,False,Trends Sentiment Unveiled Through Deep Dive into Social Media Data,Nada Eissa Beshet and Abeer Hadi Salih and Furat.Z. Salih and Hamsa E. Mahmood and Amjed Abbas Ahmed and Aladdin {Al Zahran} and Taher M. Ghazal,2026,Procedia Computer Science,10.1016/j.procs.2026.01.092,https://www.sciencedirect.com/science/article/pii/S187705092600092X,article,Yes,Unique,Passed,,,Rejected,"Paper focuses on sentiment analysis of social media data using NLP and deep learning, with no connection to IoMT, healthcare networks, or intrusion detection systems.",,EC5,,,,,,,Excluded
R0408,ScienceDirect,2026-07-06,False,A comparative study of cyber security intrusion detection in healthcare systems,Yan Zhang and Degang Zhu and Menglin Wang and Junhan Li and Jie Zhang,2024,International Journal of Critical Infrastructure Protection,10.1016/j.ijcip.2023.100658,https://www.sciencedirect.com/science/article/pii/S1874548223000719,article,Yes,Unique,Passed,,,Rejected,"The paper focuses solely on supervised classification models (XGBoost and others) with feature selection, without any unsupervised anomaly detection component in a hybrid architecture.","IC1, IC2",EC3,,,,,,,Excluded
R0409,ScienceDirect,2026-07-06,False,Multi-view learning and model fusion framework for threat detection in multi-protocol IoMT networks,Sekione Reward Jeremiah and Abir {El Azzaoui} and Stefanos Gritzalis and Jong Hyuk Park,2026,Information Fusion,10.1016/j.inffus.2025.103435,https://www.sciencedirect.com/science/article/pii/S1566253525005081,article,Yes,Unique,Passed,,,Rejected,The paper uses supervised TabNet and MLP classifiers without any unsupervised anomaly detection component in the hybrid architecture.,"IC1, IC2",EC3,,,,,,,Excluded
R0410,ScienceDirect,2026-07-06,False,Threat to trust: A systematic review on Internet of medical things security,Elham Shammar and Xiaohui Cui and Ammar Zahary and Saeed Hamood Alsamhi and Mohammed A.A. Al-qaness,2025,Journal of Parallel and Distributed Computing,10.1016/j.jpdc.2025.105172,https://www.sciencedirect.com/science/article/pii/S074373152500139X,article,Yes,Unique,Passed,,,Rejected,"This is a systematic literature review about IoMT security threats and solutions, not a primary research paper proposing or evaluating a specific hybrid IDS architecture.",IC1,EC2,,,,,,,Excluded
R0412,ScienceDirect,2026-07-06,False,Improved perturbation based hybrid firefly algorithm and long short-term memory based intelligent security model for IoT network intrusion detection,Janmenjoy Nayak and Pooja Puspita Priyadarshani and Pandit Byomakesha Dash,2025,Computers and Electrical Engineering,10.1016/j.compeleceng.2024.109926,https://www.sciencedirect.com/science/article/pii/S0045790624008516,article,Yes,Unique,Passed,,,Rejected,The paper addresses IoT intrusion detection with an LSTM-based approach but does not specify IoMT/healthcare domain (EC1) and uses only supervised classification without an unsupervised anomaly detection component (EC3).,IC2,EC1,,,,,,,Excluded
R0414,ScienceDirect,2026-07-06,False,Explainable AI supported hybrid deep learnig method for layer 2 intrusion detection,Ilhan Firat Kilincer,2025,Egyptian Informatics Journal,10.1016/j.eij.2025.100669,https://www.sciencedirect.com/science/article/pii/S1110866525000623,article,Yes,Unique,Passed,,,Rejected,The paper proposes a purely supervised hybrid deep learning model (CNN + Bi-LSTM) for intrusion detection without any unsupervised anomaly detection component.,IC2,"EC1,EC3",,,,,,,Excluded
R0420,ScienceDirect,2026-07-06,False,Integration of emerging technologies in cybersecurity for healthcare: A systematic review,Dwibik Patra and Narendran Rajagopalan,2026,Computers & Security,10.1016/j.cose.2025.104763,https://www.sciencedirect.com/science/article/pii/S0167404825004523,article,Yes,Unique,Passed,,,Rejected,Survey/review — moved to surveys_srls for background use; excluded from primary study screening,"IC1, IC2",IC4 — systematic review/mapping study excluded from primary study pool; moved to background,,,,,,,Excluded
R0421,ScienceDirect,2026-07-06,False,A novel open set Energy-based Flow Classifier for Network Intrusion Detection,Manuela M.C. Souza and Camila T. Pontes and João J.C. Gondim and Luís P.F. Garcia and Luiz DaSilva and Eduardo F.M. Cavalcante and Marcelo A. Marotta,2025,Computers & Security,10.1016/j.cose.2025.104569,https://www.sciencedirect.com/science/article/pii/S0167404825002585,article,Yes,Unique,Passed,,,Rejected,No indication of IoMT/healthcare domain context; appears to be a generic network intrusion detection system without healthcare or medical IoT focus.,IC2,EC1,,,,,,,Excluded
R0422,ScienceDirect,2026-07-06,False,Healthcare diagnostics with an adaptive deep learning model integrated with the Internet of medical Things (IoMT) for predicting heart disease,K.K. Baseer and K. Sivakumar and Duggineni Veeraiah and Gunjan Chhabra and Prasanna {Kumar Lakineni} and M. {Jahir Pasha} and Ramu Gandikota and Gopakumar Harikrishnan,2024,Biomedical Signal Processing and Control,10.1016/j.bspc.2024.105988,https://www.sciencedirect.com/science/article/pii/S1746809424000466,article,Yes,Unique,Passed,,,Rejected,The paper focuses on heart disease prediction using IoMT data collection and supervised classification (TabNet and CatBoost) without any mention of unsupervised anomaly detection or hybrid architecture for intrusion detection.,IC1,EC2,,,,,,,Excluded
R0423,ScienceDirect,2026-07-06,False,Automated detection of cyber attacks in healthcare systems: A novel scheme with advanced feature extraction and classification,Ahmad Nasayreh and Haris M. Khalid and Hamza K. Alkhateeb and Jalal Al-Manaseer and Abdulla Ismail and Hasan Gharaibeh,2025,Computers & Security,10.1016/j.cose.2024.104288,https://www.sciencedirect.com/science/article/pii/S0167404824005947,article,Yes,Unique,Passed,,,Rejected,"The system uses LSTM for feature extraction and KNN for classification, which is a purely supervised pipeline without any unsupervised anomaly detection component.","IC1, IC2",EC3,,,,,,,Excluded
R0425,ScienceDirect,2026-07-06,False,Dual-path feature extraction based hybrid intrusion detection in IoT networks,Arun Kumar Silivery and Kovvur Ram Mohan Rao and Ramana Solleti,2025,Computers and Electrical Engineering,10.1016/j.compeleceng.2024.109949,https://www.sciencedirect.com/science/article/pii/S0045790624008747,article,Yes,Unique,Passed,,,Rejected,"The paper addresses generic IoT networks rather than specifically IoMT/healthcare IoT environments, and uses a purely deep learning approach without combining unsupervised anomaly detection with supervised classification in a hybrid architecture.",IC2,EC1,,,,,,,Excluded
R0426,ScienceDirect,2026-07-06,False,An ensemble learning and fog-cloud architecture-driven cyber-attack detection framework for IoMT networks,Prabhat Kumar and Govind P. Gupta and Rakesh Tripathi,2021,Computer Communications,10.1016/j.comcom.2020.12.003,https://www.sciencedirect.com/science/article/pii/S0140366420320090,article,Yes,Unique,Passed,,,Rejected,"The paper uses a purely supervised ensemble approach (Decision Tree, Naive Bayes, Random Forest, and XGBoost) without any unsupervised anomaly detection component.","IC1, IC2",EC3,,,,,,,Excluded
R0427,ScienceDirect,2026-07-06,False,Intrusion Detection in Smart Home Environments: A Machine Learning Approach,Md. Afroz and Emmanuel Nyakwende and Birendra Goswami,2025,Transportation Research Procedia,10.1016/j.trpro.2025.03.069,https://www.sciencedirect.com/science/article/pii/S2352146525001176,article,Yes,Unique,Passed,,,Rejected,"The paper focuses on smart home IoT environments rather than IoMT/healthcare settings, and does not describe a hybrid architecture combining unsupervised anomaly detection with supervised classification.",IC2,EC1,,,,,,,Excluded
R0429,ScienceDirect,2026-07-06,False,Integrating blockchain and deep learning: a novel ensemble model for secure IoMT-driven intelligent healthcare solutions using ISSCNetV2 approach,Mahaboob Basha Shaik and Narasimha Rao Yamarthi,2026,Computer Standards & Interfaces,10.1016/j.csi.2025.104076,https://www.sciencedirect.com/science/article/pii/S0920548925001059,article,Yes,Unique,Passed,,,Rejected,"The paper focuses on secure data transmission and disease classification in IoMT using blockchain and deep learning, but does not address intrusion detection or anomaly detection systems.",IC1,EC2,,,,,,,Excluded
R0430,ScienceDirect,2026-07-06,False,Choir-IDS: A federated learning framework for fidelity-calibrated explainable intrusion detection system for edge-IoT networks,Jyoti Prakash Sahoo and Binayak Kar and Ahmed M. Abdelmoniem and Dimitris Chatzopoulos,2026,Information Fusion,10.1016/j.inffus.2025.103473,https://www.sciencedirect.com/science/article/pii/S1566253525005469,article,Yes,Unique,Passed,,,Rejected,The paper proposes an ensemble learning-based IDS using federated learning but does not describe a hybrid architecture combining unsupervised anomaly detection with supervised classification; it appears to use supervised ensemble methods only.,IC2,EC3,,,,,,,Excluded
R0432,ScienceDirect,2026-07-06,False,A novel intrusion detection system for class imbalance datasets using hybrid sampling with deep learning techniques,Divya Kasina and Vikram Simha Reddy and Siranjeevi Rajamanickam and Jobin Jose and Balasubramanian Palani,2026,Information Sciences,10.1016/j.ins.2026.123208,https://www.sciencedirect.com/science/article/pii/S0020025526001398,article,Yes,Unique,Passed,,,Rejected,The paper addresses intrusion detection but does not mention IoMT/healthcare domain (uses generic IoT datasets ToN-IoT and UNSW-NB15) and does not employ a hybrid architecture combining unsupervised anomaly detection with supervised classification.,IC2,EC1,,,,,,,Excluded
R0433,ScienceDirect,2026-07-06,False,Investigation of Security Attacks in IoMT Devices and Federated Learning as a Mitigation Strategy,Kiruthika M and T Poongodi,2025,Procedia Computer Science,10.1016/j.procs.2025.04.599,https://www.sciencedirect.com/science/article/pii/S187705092501703X,article,Yes,Unique,Passed,,,Rejected,Paper focuses on federated learning as a privacy-preserving mechanism for IoMT but does not propose or evaluate an intrusion detection system.,IC1,EC2,,,,,,,Excluded
R0434,ScienceDirect,2026-07-06,False,An adaptive intrusion detection system for the internet of things using large language models and post-quantum-secure blockchain,Yunfan Huang and Maode Ma and Wong Jee Keen Raymond and Chee-Onn Chow,2026,Computer Networks,10.1016/j.comnet.2025.111819,https://www.sciencedirect.com/science/article/pii/S1389128625007856,article,Yes,Unique,Passed,,,Rejected,"The paper addresses generic IoT rather than specifically IoMT/healthcare IoT environments, failing IC1.",IC2,EC1,,,,,,,Excluded
R0436,ScienceDirect,2026-07-06,False,Oversampling-Enhanced Feature Fusion-Based Hybrid ViT-1DCNN Model for Ransomware Cyber Attack Detection,Muhammad Armghan Latif and Zohaib Mushtaq and Saifur Rahman and Saad Arif and Salim Nasar Faraj Mursal and Muhammad Irfan and Haris Aziz,2025,CMES - Computer Modeling in Engineering and Sciences,10.32604/cmes.2024.056850,https://www.sciencedirect.com/science/article/pii/S1526149225000037,article,Yes,Unique,Passed,,,Rejected,"The paper focuses on ransomware detection in general critical infrastructure using the UNSW-NB15 dataset, without addressing IoMT, healthcare IoT, or medical device network environments.",,EC1,,,,,,,Excluded
R0437,ScienceDirect,2026-07-06,False,Optimized data management and secured federated learning in the Internet of Medical Things (IoMT) with blockchain technology,R. Ramani and A. {Rosline Mary} and S. {Edwin Raja} and D. {Arun Shunmugam},2024,Biomedical Signal Processing and Control,10.1016/j.bspc.2024.106213,https://www.sciencedirect.com/science/article/pii/S1746809424002714,article,Yes,Unique,Passed,,,Rejected,The paper focuses on data management and federated learning for IoMT but does not propose or evaluate an intrusion detection or anomaly detection system.,IC1,EC2,,,,,,,Excluded
R0438,ScienceDirect,2026-07-06,False,Enhancing AI transparency in IoT intrusion detection using explainable AI techniques,Yifan Wang and Muhammad Ajmal Azad and Maham Zafar and Ammara Gul,2025,Internet of Things,10.1016/j.iot.2025.101714,https://www.sciencedirect.com/science/article/pii/S2542660525002288,article,Yes,Unique,Passed,,,Rejected,Paper focuses on XAI techniques for model interpretability in generic IoT IDS without addressing IoMT/healthcare domain (EC1) or proposing a hybrid architecture combining unsupervised anomaly detection with supervised classification (EC3).,IC2,EC1,,,,,,,Excluded
R0439,ScienceDirect,2026-07-06,False,GA-CNN-BiGRU-IDS: A robust framework for Intrusion Detection System based on GA for data augmentation and hybrid CNN-BiGRU model for spatiotemporal feature extraction,Rahma Jablaoui and Noureddine Liouane,2026,Computers and Electrical Engineering,10.1016/j.compeleceng.2025.110900,https://www.sciencedirect.com/science/article/pii/S0045790625008432,article,Yes,Unique,Passed,,,Rejected,The paper proposes a purely supervised deep learning IDS using CNN-BiGRU without any unsupervised anomaly detection component in a hybrid architecture.,IC2,EC3,,,,,,,Excluded
R0440,ScienceDirect,2026-07-06,False,A Comprehensive Evaluation of Distributed Learning Frameworks in AI-Driven Network Intrusion Detection,Sooyong Jeong and Cheolhee Park and Dowon Hong and Changho Seo,2026,"Computers, Materials and Continua",10.32604/cmc.2025.072561,https://www.sciencedirect.com/science/article/pii/S1546221826001074,article,Yes,Unique,Passed,,,Rejected,"The paper focuses on generic network intrusion detection systems without any mention of IoMT, medical IoT, or healthcare environments, and does not describe a hybrid unsupervised-supervised architecture.",,EC1,,,,,,,Excluded
R0441,ScienceDirect,2026-07-06,False,Memory feedback transformer based intrusion detection system for IoMT healthcare networks,Jamshed ALi Shaikh and Chengliang Wang and  Saifullah and Muhammad {Wajeeh Us Sima} and Muhammad Arshad and Waheed Ul Asar Rathore,2025,Internet of Things,10.1016/j.iot.2025.101597,https://www.sciencedirect.com/science/article/pii/S2542660525001106,article,Yes,Unique,Passed,,,Rejected,The paper proposes a purely supervised deep learning architecture (MF-Transformer) without any unsupervised anomaly detection component in a hybrid cascade design.,"IC1, IC2",EC3,,,,,,,Excluded
R0443,ScienceDirect,2026-07-06,False,ALMANET: A hybrid online learning IDS for real-time IoT security,Promise Ricardo Agbedanu and Shanchieh (Jay) Yang and Richard Musabe and Ignace Gatare and James Rwigema,2025,Egyptian Informatics Journal,10.1016/j.eij.2025.100764,https://www.sciencedirect.com/science/article/pii/S1110866525001574,article,Yes,Unique,Passed,,,Rejected,"Paper addresses generic IoT environments without specific focus on IoMT/healthcare domain, failing IC1.",IC2,EC1,,,,,,,Excluded
R0445,ScienceDirect,2026-07-06,False,Big data analytics for smart home energy management system based on IOMT using AHP and WASPAS,Jingze Zhou and Salem Alkhalaf and S. Abdel-Khalek and Shah Nazir,2025,Big Data Research,10.1016/j.bdr.2025.100534,https://www.sciencedirect.com/science/article/pii/S2214579625000292,article,Yes,Unique,Passed,,,Rejected,"The paper focuses on smart home energy management system evaluation using AHP and WASPAS methods, not on intrusion or anomaly detection systems for IoMT.",IC1,EC2,,,,,,,Excluded
R0447,ScienceDirect,2026-07-06,False,BTMH: A blockchain-powered trust management system for IoMT in healthcare,Maroua Akkal and Sarra Cherbal and Boubakeur Annane and Hicham Lakhlef,2025,Computer Networks,10.1016/j.comnet.2025.111589,https://www.sciencedirect.com/science/article/pii/S1389128625005560,article,Yes,Unique,Passed,,,Rejected,The paper focuses on trust management and authentication using blockchain in IoMT but does not propose or evaluate an intrusion detection or anomaly detection system.,IC1,EC2,,,,,,,Excluded
R0448,ScienceDirect,2026-07-06,False,IoMT Tsukamoto Type-2 fuzzy expert system for tuberculosis and Alzheimer’s disease,M.K. Sharma and Nitesh Dhiman and Ajendra Sharma and Tarun Kumar,2024,Clinical eHealth,10.1016/j.ceh.2024.05.002,https://www.sciencedirect.com/science/article/pii/S2588914124000078,article,Yes,Unique,Passed,,,Rejected,The paper focuses on disease diagnosis using fuzzy expert systems rather than intrusion or anomaly detection in IoMT networks.,IC1,EC2,,,,,,,Excluded
R0449,ScienceDirect,2026-07-06,False,A lightweight intrusion detection system using deep convolutional neural network,Vanlalruata Hnamte and Ashfaq Ahmad Najar and Chhakchhuak Laldinsanga and Jamal Hussain and Lal Hmingliana,2025,Computers and Electrical Engineering,10.1016/j.compeleceng.2025.110561,https://www.sciencedirect.com/science/article/pii/S004579062500504X,article,Yes,Unique,Passed,,,Rejected,The paper proposes a purely supervised deep CNN-based IDS without any unsupervised anomaly detection component in a hybrid architecture.,"IC1, IC2",EC3,,,,,,,Excluded
R0450,ScienceDirect,2026-07-06,False,QBCMVT: An effective quantum based coati-mobilevit model for intrusion detection in IIoT,Surendra Reddy Vinta and Giribabu Sadineni and Kunda Suresh Babu and Srinivasa Rao Pokuri,2025,Computers and Electrical Engineering,10.1016/j.compeleceng.2025.110503,https://www.sciencedirect.com/science/article/pii/S004579062500446X,article,Yes,Unique,Passed,,,Rejected,The paper focuses on Industrial IoT (IIoT) rather than IoMT/healthcare IoT environments.,IC2,EC1,,,,,,,Excluded
R0452,ScienceDirect,2026-07-06,False,A systematic review of metaheuristics-based and machine learning-driven intrusion detection systems in IoT,Mohammad Shamim Ahsan and Salekul Islam and Swakkhar Shatabda,2025,Swarm and Evolutionary Computation,10.1016/j.swevo.2025.101984,https://www.sciencedirect.com/science/article/pii/S2210650225001427,article,Yes,Unique,Passed,,,Rejected,"The paper is a systematic review of metaheuristic optimization in ML-based IDS for generic IoT, not specifically focused on IoMT/healthcare domains, and does not propose or evaluate a hybrid unsupervised-supervised detection architecture.",,EC1,,,,,,,Excluded
R0453,ScienceDirect,2026-07-06,False,SHAP-based intrusion detection in IoT networks using quantum neural networks on IonQ hardware,K Rajkumar and S. Mercy Shalinie,2025,Journal of Parallel and Distributed Computing,10.1016/j.jpdc.2025.105133,https://www.sciencedirect.com/science/article/pii/S0743731525001005,article,Yes,Unique,Passed,,,Rejected,"The paper addresses generic IoT networks and DDoS detection but does not specify IoMT/healthcare domain, and uses a single Quantum Neural Network classifier without a hybrid architecture combining unsupervised anomaly detection with supervised classification.",IC2,EC1,,,,,,,Excluded
R0454,ScienceDirect,2026-07-06,False,HMGL-DBiLSTM: Optimization driven meta gradient learning based distributed BiLSTM model for intrusion detection in IoT network,Dr. Nilesh Deotale and Mr. Ajay Sirsat and Mrs. Janhavi Ankit Sangoi and Mrs. Oniza Ridwan Shaikh,2026,Progress in Engineering Science,10.1016/j.pes.2026.100303,https://www.sciencedirect.com/science/article/pii/S2950425226000988,article,Yes,Unique,Passed,,,Rejected,"The paper addresses generic IoT network intrusion detection without specific focus on IoMT/healthcare domain, and uses a purely supervised ensemble approach (BiLSTM + LightGBM) without an unsupervised anomaly detection stage.",IC2,EC1,,,,,,,Excluded
R0455,ScienceDirect,2026-07-06,False,Blockchain-IoMT-enabled federated learning: An intelligent privacy-preserving control policy for electronic health records,Munusamy S and Jothi {K R},2025,Array,10.1016/j.array.2025.100586,https://www.sciencedirect.com/science/article/pii/S2590005625002139,article,Yes,Unique,Passed,,,Rejected,The paper focuses on privacy-preserving federated learning for electronic health records without addressing intrusion detection or anomaly detection systems.,IC1,EC2,,,,,,,Excluded
R0456,ScienceDirect,2026-07-06,False,Federated learning for secure IoMT-applications in smart healthcare systems: A comprehensive review,Sita Rani and Aman Kataria and Sachin Kumar and Prayag Tiwari,2023,Knowledge-Based Systems,10.1016/j.knosys.2023.110658,https://www.sciencedirect.com/science/article/pii/S0950705123004082,article,Yes,Unique,Passed,,,Rejected,The paper is a comprehensive review of federated learning for IoMT security but does not propose or evaluate an intrusion detection system with hybrid unsupervised-supervised architecture.,IC1,EC2,,,,,,,Excluded
R0458,ScienceDirect,2026-07-06,False,A hybrid framework for IoT attacks detection combining blockchain and deep learning,Adnan {Ahmed Abi Sen} and Adel Ben Mnaouer and Omar Tayan and Nour Mahmoud Bahbouh,2026,Ad Hoc Networks,10.1016/j.adhoc.2026.104197,https://www.sciencedirect.com/science/article/pii/S1570870526000636,article,Yes,Unique,Passed,,,Rejected,"The paper addresses generic IoT environments rather than IoMT/healthcare-specific domains, and does not clearly describe a hybrid architecture combining unsupervised anomaly detection with supervised classification.",IC2,EC1,,,,,,,Excluded
R0459,ScienceDirect,2026-07-06,False,Transforming security in internet of medical things with advanced deep learning-based intrusion detection frameworks,Nikhil Sharma and Prashant Giridhar Shambharkar,2025,Applied Soft Computing,10.1016/j.asoc.2025.113420,https://www.sciencedirect.com/science/article/pii/S1568494625007318,article,Yes,Unique,Passed,,,Rejected,"The paper proposes purely supervised deep learning models (Embed-Net, ConvNet-SVM, DeepSVM-Net) without any unsupervised anomaly detection component in a hybrid architecture.","IC1, IC2",EC3,,,,,,,Excluded
R0464,ScienceDirect,2026-07-06,False,CICIoMT2024: A benchmark dataset for multi-protocol security assessment in IoMT,Sajjad Dadkhah and Euclides Carlos Pinto Neto and Raphael Ferreira and Reginald Chukwuka Molokwu and Somayeh Sadeghi and Ali A. Ghorbani,2024,Internet of Things,10.1016/j.iot.2024.101351,https://www.sciencedirect.com/science/article/pii/S2542660524002920,article,Yes,Unique,Passed,,,Rejected,The paper presents a benchmark dataset for IoMT security assessment but does not propose or evaluate a hybrid intrusion detection system combining unsupervised anomaly detection with supervised classification.,IC1,EC2,,,,,,,Excluded
R0465,ScienceDirect,2026-07-06,False,A ranked filter-based three-way clustering strategy for intrusion detection in highly secure IoT networks,Fazal Wahab and Shengjun Ma and Xuze Liu and Yuhai Zhao and Anwar Shah and Bahar Ali,2025,Computers and Electrical Engineering,10.1016/j.compeleceng.2025.110514,https://www.sciencedirect.com/science/article/pii/S0045790625004574,article,Yes,Unique,Passed,,,Rejected,The paper proposes a three-way clustering approach for IoT intrusion detection but does not describe a hybrid architecture combining unsupervised anomaly detection with supervised classification.,IC2,EC1,,,,,,,Excluded
R0467,ScienceDirect,2026-07-06,False,Feature efficiency in IoMT security: A comprehensive framework for threat detection with DNN and ML,Merve Pinar and Abdulsamet Aktas and Eyup Emre Ulku,2025,Computers in Biology and Medicine,10.1016/j.compbiomed.2024.109603,https://www.sciencedirect.com/science/article/pii/S0010482524016883,article,Yes,Unique,Passed,,,Rejected,"The paper proposes purely supervised machine learning models (Random Forest, KNN, SVM, XGBoost, DNN) for IoMT threat detection without any unsupervised anomaly detection component in the architecture.","IC1, IC2",EC3,,,,,,,Excluded
R0469,ScienceDirect,2026-07-06,False,From evidence to decision: Concept–prototype reasoning for intrusion detection in SDN-based industrial networks,Shifa Shoukat and Tianhan Gao and Danish Javeed and Muhammad Adil,2026,Computer Networks,10.1016/j.comnet.2026.112495,https://www.sciencedirect.com/science/article/pii/S1389128626005074,article,Yes,Unique,Passed,,,Rejected,"The paper focuses on software-defined industrial networks (IIoT) rather than IoMT/healthcare domains, and describes a concept-prototype reasoning approach without clear evidence of a hybrid unsupervised-supervised architecture.",IC2,EC1,,,,,,,Excluded
R0470,ScienceDirect,2026-07-06,False,Enhancing cybersecurity in Agriculture 4.0: A high-performance hybrid deep learning-based framework for DDoS attack detection,Prabu Kaliyaperumal and Tamilarasi Karuppiah and Rajakumar Perumal and Manikandan Thirumalaisamy and Balamurugan Balusamy and Francesco Benedetto,2025,Computers and Electrical Engineering,10.1016/j.compeleceng.2025.110431,https://www.sciencedirect.com/science/article/pii/S004579062500374X,article,Yes,Unique,Passed,,,Rejected,"The paper addresses Agriculture 4.0/agricultural IoT rather than IoMT/healthcare IoT, failing to meet IC1.","IC2, IC3",EC1,,,,,,,Excluded
R0471,ScienceDirect,2026-07-06,False,TrustFed-IDS: A trust-aware federated hybrid MLP-LSTM framework for robust intrusion detection in wireless sensor networks,Sukumarn Sankeawthong and Xudong Cao and Shangru Zhao and Yuqing Zhang,2026,Computer Networks,10.1016/j.comnet.2026.112430,https://www.sciencedirect.com/science/article/pii/S1389128626004421,article,Yes,Unique,Passed,,,Rejected,"The paper focuses on wireless sensor networks (WSNs) rather than IoMT/healthcare environments, failing IC1.",IC2,EC1,,,,,,,Excluded
R0472,ScienceDirect,2026-07-06,False,ULTIMATE: A Multi-Agent Deep Reinforcement Learning Framework for false-positive optimized enterprise intrusion detection,Samia Saidane and Francesco Telch and Kussai Shahin and Panagiotis Gkonis and Fabrizio Granelli,2026,Array,10.1016/j.array.2026.100896,https://www.sciencedirect.com/science/article/pii/S2590005626002195,article,Yes,Unique,Passed,,,Rejected,"The paper addresses enterprise networks with IoT segments but does not specifically focus on IoMT/healthcare domain, and uses purely deep reinforcement learning without the required hybrid architecture combining unsupervised anomaly detection with supervised classification.",IC2,EC1,,,,,,,Excluded
R0473,ScienceDirect,2026-07-06,False,"Toward trustworthy digital healthcare: A system-level convergence of IoMT, large language models, and explainable AI",Maria Bashir and Shaker El-Sappagh and Simon S. Woo and Dong In Kim and Tamer Abuhmed,2026,Information Fusion,10.1016/j.inffus.2026.104507,https://www.sciencedirect.com/science/article/pii/S1566253526003866,article,Yes,Unique,Passed,,,Rejected,The paper focuses on trustworthy healthcare systems through LLMs and XAI but does not propose or evaluate an intrusion detection system.,IC1,EC2,,,,,,,Excluded
R0477,ScienceDirect,2026-07-06,False,"Enhanced IoT security: privacy-preserving federated learning model for accurate, real-time intrusion detection across devices",A. Puviarasu and Sudha {V K},2026,Ain Shams Engineering Journal,10.1016/j.asej.2025.103866,https://www.sciencedirect.com/science/article/pii/S2090447925006070,article,Yes,Unique,Passed,,,Rejected,"The paper presents a federated learning-based intrusion detection system for generic IoT networks using a lightweight neural network, but does not specify IoMT/healthcare domain (EC1) and does not describe a hybrid architecture combining unsupervised anomaly detection with supervised classification (EC3).",IC2,EC1,,,,,,,Excluded
R0478,ScienceDirect,2026-07-06,False,TinyML-based intrusion detection systems for sustainable and energy-constrained IoT devices,Amuthadevi C and Venkatesan R and Mythily M and Aroul Canessane R,2025,Results in Engineering,10.1016/j.rineng.2025.108013,https://www.sciencedirect.com/science/article/pii/S2590123025040642,article,Yes,Unique,Passed,,,Rejected,The paper proposes a purely supervised XGBoost-based IDS without an unsupervised anomaly detection component in a hybrid architecture.,IC2,EC3,,,,,,,Excluded
R0480,ScienceDirect,2026-07-06,False,iPASecIoT: An intelligent pipeline for automatic and adaptive feature extraction for secure IoT device identification and intrusion detection,Ogobuchi Daniel Okey and Sajjad Dadkhah and Heather Molyneaux and Demóstenes Zegarra Rodríguez and João Henrique Kleinschmidt,2025,Internet of Things,10.1016/j.iot.2025.101802,https://www.sciencedirect.com/science/article/pii/S2542660525003166,article,Yes,Unique,Passed,,,Rejected,"The paper proposes a single-model framework combining machine and deep learning for IoT security, but does not describe a hybrid architecture that cascades unsupervised anomaly detection with supervised classification stages.","IC1, IC2",EC3,,,,,,,Excluded
R0481,ScienceDirect,2026-07-06,False,"DistilXIDS: Efficient, lightweight and explainable transformer-based language model for real-time network intrusion detection",Amal Ajayan and G. Kirubavathi and Iqbal H. Sarker,2026,Neurocomputing,10.1016/j.neucom.2025.132398,https://www.sciencedirect.com/science/article/pii/S092523122503070X,article,Yes,Unique,Passed,,,Rejected,"The paper focuses on generic network intrusion detection using benchmark cybersecurity datasets (CIC-IDS2017, CIC-DDoS2019, UNSW-NB15) without any mention of IoMT, medical IoT, or healthcare network environments.",IC2,EC1,,,,,,,Excluded
R0482,ScienceDirect,2026-07-06,False,A lightweight hybrid approach for intrusion detection systems using a chi-square feature selection approach in IoT,Hafsa Benaddi and Mohammed Jouhari and Omar Elharrouss,2025,Internet of Things,10.1016/j.iot.2025.101624,https://www.sciencedirect.com/science/article/pii/S2542660525001386,article,Yes,Unique,Passed,,,Rejected,"The paper proposes a supervised CNN-BiLSTM classifier without any unsupervised anomaly detection component, failing to meet the hybrid architecture requirement.",IC2,EC3,,,,,,,Excluded
R0484,ScienceDirect,2026-07-06,False,A deep learning-based novel hybrid CNN-LSTM architecture for efficient detection of threats in the IoT ecosystem,Ahsan Nazir and Jingsha He and Nafei Zhu and Saima Siraj Qureshi and Siraj Uddin Qureshi and Faheem Ullah and Ahsan Wajahat and Muhammad Salman Pathan,2024,Ain Shams Engineering Journal,10.1016/j.asej.2024.102777,https://www.sciencedirect.com/science/article/pii/S2090447924001527,article,Yes,Unique,Passed,,,Rejected,"The paper addresses generic IoT ecosystems without specific focus on IoMT/healthcare domain, triggering EC1.",IC2,EC1,,,,,,,Excluded
R0486,ScienceDirect,2026-07-06,False,Attention-Based Hybrid Deep Learning Model for Intrusion Detection in IIoT Networks,Safi Ullah and Wadii Boulila and Anis Koubaa and Jawad Ahmad,2024,Procedia Computer Science,10.1016/j.procs.2024.09.307,https://www.sciencedirect.com/science/article/pii/S1877050924023287,article,Yes,Unique,Passed,,,Rejected,"The paper focuses on Industrial IoT (IIoT) networks rather than IoMT/healthcare environments, failing to meet IC1.",IC2,EC1,,,,,,,Excluded
R0487,ScienceDirect,2026-07-06,False,"Intrusion detection systems in IoT: A detailed review of threat categories, detection strategies, and future technologies",Burak Aydin and Hakan Aydin and Sedat Gormus,2025,Journal of Information Security and Applications,10.1016/j.jisa.2025.104291,https://www.sciencedirect.com/science/article/pii/S221421262500328X,article,Yes,Unique,Passed,,,Rejected,Paper is a general survey of IDS in IoT without specific focus on IoMT/healthcare domain (EC1) and does not propose or evaluate a specific hybrid architecture combining unsupervised and supervised methods (EC3).,,EC1,,,,,,,Excluded
R0488,ScienceDirect,2026-07-06,False,Detecting intrusions in Internet of Energy (IoE) systems using an automated machine learning framework,Abdallah Moubayed,2026,Energy and AI,10.1016/j.egyai.2026.100804,https://www.sciencedirect.com/science/article/pii/S2666546826001308,article,Yes,Unique,Passed,,,Rejected,The paper focuses on Internet of Energy (IoE) systems and battery energy storage systems rather than Internet of Medical Things (IoMT) or healthcare networks.,IC2,EC1,,,,,,,Excluded
R0492,ScienceDirect,2026-07-06,False,SDN orchestration to combat evolving cyber threats in Internet of Medical Things (IoMT),Shahzana Liaqat and Adnan Akhunzada and Fatema Sabeen Shaikh and Athanasios Giannetsos and Mian Ahmad Jan,2020,Computer Communications,10.1016/j.comcom.2020.07.006,https://www.sciencedirect.com/science/article/pii/S0140366420312044,article,Yes,Unique,Passed,,,Rejected,"The paper proposes a hybrid deep learning architecture combining CNN and cuDNN-LSTM, but both are supervised classification methods without an unsupervised anomaly detection component required for IC3.","IC1, IC2",EC3,,,,,,,Excluded
R0498,ScienceDirect,2026-07-06,False,HAPMA: A hybrid adaptive protocol morphing attack framework for robust deep learning intrusion detection,Mudita Kohli and Indu Chhabra,2026,Array,10.1016/j.array.2026.100949,https://www.sciencedirect.com/science/article/pii/S2590005626002729,article,Yes,Unique,Passed,,,Rejected,"The paper addresses general network intrusion detection using generic IDS datasets (CIC-IDS2017, UNSW-NB15) without any IoMT or healthcare domain context, and uses purely supervised deep learning models without unsupervised anomaly detection components.",IC2,EC1,,,,,,,Excluded
R0499,ScienceDirect,2026-07-06,False,"Insights into Internet of Medical Things (IoMT): Data fusion, security issues and potential solutions",Shams Forruque Ahmed and Md. Sakib Bin Alam and Shaila Afrin and Sabiha Jannat Rafa and Nazifa Rafa and Amir H. Gandomi,2024,Information Fusion,10.1016/j.inffus.2023.102060,https://www.sciencedirect.com/science/article/pii/S1566253523003767,article,Yes,Unique,Passed,,,Rejected,"This is a survey/review paper discussing IoMT security challenges and potential solutions broadly, but does not propose or evaluate a specific hybrid IDS combining unsupervised and supervised methods.",IC1,EC2,,,,,,,Excluded
R0500,ScienceDirect,2026-07-06,False,An RFE/Ridge-ML/DL based anomaly intrusion detection approach for securing IoMT system,Ghita Lazrek and Kaouthar Chetioui and Younes Balboul and Said Mazer and Moulhime {El bekkali},2024,Results in Engineering,10.1016/j.rineng.2024.102659,https://www.sciencedirect.com/science/article/pii/S2590123024009149,article,Yes,Unique,Passed,,,Rejected,"The paper uses only supervised classification methods (RFE with Decision Tree, Ridge regression with deep learning) without any unsupervised anomaly detection component in a hybrid architecture.","IC1, IC2",EC3,,,,,,,Excluded
R0502,ScienceDirect,2026-07-06,False,AI-enhanced smart grid framework for intrusion detection and mitigation in EV charging stations,Arvind R. Singh and R. Seshu Kumar and Rajkumar Singh Rathore and A. Pandian and Fatma S. Alrayes and Randa Allafi and Nazir Ahmad,2025,Alexandria Engineering Journal,10.1016/j.aej.2024.12.061,https://www.sciencedirect.com/science/article/pii/S1110016824016594,article,Yes,Unique,Passed,,,Rejected,"The paper focuses on EV charging stations and smart grid security, not IoMT/healthcare domain environments.",,EC1,,,,,,,Excluded
R0503,ScienceDirect,2026-07-06,False,OnlineADS: An online active learning approach to intrusion detection for WSNs,Hiba Tabbaa and Mourad Jabrane and Imad Hafidi,2026,Computer Networks,10.1016/j.comnet.2026.112102,https://www.sciencedirect.com/science/article/pii/S1389128626001143,article,Yes,Unique,Passed,,,Rejected,"The paper addresses generic WSNs and IoT environments rather than specifically IoMT/healthcare networks, and uses a purely unsupervised approach (Online DeepSVDD) with active learning rather than a hybrid architecture combining unsupervised and supervised stages.",IC2,EC1,,,,,,,Excluded
R0504,ScienceDirect,2026-07-06,False,Design of an improved graph-based model for real-time anomaly detection in healthcare using hybrid CNN-LSTM and federated learning,G Muni Nagamani and Chanumolu Kiran Kumar,2024,Heliyon,10.1016/j.heliyon.2024.e41071,https://www.sciencedirect.com/science/article/pii/S2405844024171022,article,Yes,Unique,Passed,,,Rejected,The paper proposes a purely supervised hybrid CNN-LSTM model for anomaly detection without incorporating unsupervised anomaly detection methods like autoencoders or one-class learning.,"IC1, IC2",EC3,,,,,,,Excluded
R0505,ScienceDirect,2026-07-06,False,Enigma chaotic map-based computationally efficient cryptosystem for image encryption in IoMT-driven healthcare,Malik Obaid Ul Islam and Shabir A. Parah and Jaroslav Frnda and Mohammed M. Alani,2026,Internet of Things,10.1016/j.iot.2026.101943,https://www.sciencedirect.com/science/article/pii/S2542660526000739,article,Yes,Unique,Passed,,,Rejected,The paper focuses on image encryption/cryptography for IoMT rather than intrusion or anomaly detection systems.,IC1,EC2,,,,,,,Excluded
R0506,ScienceDirect,2026-07-06,False,A novel hybrid approach combining GCN and GAT for effective anomaly detection from firewall logs in campus networks,Ali Yılmaz and Resul Das,2025,Computer Networks,10.1016/j.comnet.2025.111082,https://www.sciencedirect.com/science/article/pii/S1389128625000507,article,Yes,Unique,Passed,,,Rejected,"The paper focuses on campus network firewall logs without any indication of IoMT or healthcare domain application, failing IC1.",IC2,EC1,,,,,,,Excluded
R0508,SpringerLink,2026-07-06,False,Enhancing IoMT security: a novel blockchain-based anomaly detection framework leveraging explainable AI,Aashima SharmaSwastik SharmaSimarjit Kaur,2026,Cluster Computing,10.1007/s10586-025-05836-6,https://link.springer.com/article/10.1007/s10586-025-05836-6,Article,Yes,Unique,Passed,,Manual,Rejected,The paper uses only a supervised XGBoost classifier without any unsupervised anomaly detection component in a hybrid cascade or two-stage architecture.,"IC1, IC2",EC3,,,,,,,Excluded
R0510,SpringerLink,2026-07-06,False,An explainable AI-driven transformer model for spoofing attack detection in Internet of Medical Things (IoMT) networks,Mohammad A. AlsharaiahMohammed Amin AlmaiahRami ShehabMansour ObeidatFuad Ali El-QiremTheyazn Aldhyani,2025,Discover Applied Sciences,10.1007/s42452-025-07071-5,https://link.springer.com/article/10.1007/s42452-025-07071-5,Article,Yes,Unique,Passed,,OpenAlex,Rejected,The paper proposes a purely supervised Transformer-based classification model without any unsupervised anomaly detection component in the architecture.,"IC1, IC2",EC3,,,,,,,Excluded
R0511,SpringerLink,2026-07-06,False,Adaptive Hybrid Information Gain and Autoencoder-Based Feature Selection with Ensemble Recurrent Extreme Learning Machine for Enhanced Network Intrusion Detection Systems,Mustafa Muslih ShwayshAbadal-Salam T. HussainSinan Q. SalihTaha Abdulsalam AlmulaisiAhmed Dheyaa RadhiHasan Shakir MajdiHazry Desa,2025,Journal of Network and Systems Management,10.1007/s10922-025-09976-3,https://link.springer.com/article/10.1007/s10922-025-09976-3,Article,Yes,Unique,Passed,,Manual,Rejected,"The paper addresses general network intrusion detection without any mention of IoMT, medical IoT, or healthcare environments.","IC2, IC3",EC1,,,,,,,Excluded
R0513,SpringerLink,2026-07-06,False,An interpretable dimensional reduction technique with an explainable model for detecting attacks in Internet of Medical Things devices,Swati LipsaRanjan Kumar DashNikola Ivković,2025,Scientific Reports,10.1038/s41598-025-93404-8,https://link.springer.com/article/10.1038/s41598-025-93404-8,Article,Yes,Unique,Passed,,OpenAlex,Rejected,"The paper uses only supervised classification (Random Forest, XGBoost, Decision Tree, SVM) with feature selection but lacks any unsupervised anomaly detection component in a hybrid architecture.","IC1, IC2",EC3,,,,,,,Excluded
R0514,SpringerLink,2026-07-06,False,SmartHive-IDS: an advanced intrusion detection framework for SDN-HoneyNet enabled ICPS using hybrid explainable ensemble feature selection with optimized Bi-LSTM,S. KrishnaveniSherali ZeadallyS. SivamohanS. S. Sridhar,2025,Cluster Computing,10.1007/s10586-025-05648-8,https://link.springer.com/article/10.1007/s10586-025-05648-8,Article,Yes,Unique,Passed,,Manual,Rejected,"The paper targets Industrial Cyber-Physical Systems (ICPS) and smart industries, not IoMT/healthcare environments, failing IC1.",IC2,EC1,,,,,,,Excluded
R0516,SpringerLink,2026-07-06,False,Network Intrusion Detection System Using Convolutional Neural Networks: NIDS-DL-CNN for IoT Security,Kamir KharoubiSarra CherbalDjamila MechtaAmjad Gawanmeh,2025,Cluster Computing,10.1007/s10586-024-04904-7,https://link.springer.com/article/10.1007/s10586-024-04904-7,Article,Yes,Unique,Passed,,Manual,Rejected,The paper proposes a purely supervised CNN-based NIDS without any unsupervised anomaly detection component in a hybrid architecture.,"IC1, IC2",EC3,,,,,,,Excluded
R0517,SpringerLink,2026-07-06,False,SurIoT: Automatic generation of Internet-of-Medical-Things Network Intrusion Detection and Prevention Rules,Lerina AversanoStefano GalantucciAndrea Porcelli,2026,International Journal of Information Security,10.1007/s10207-026-01285-3,https://link.springer.com/article/10.1007/s10207-026-01285-3,Article,Yes,Unique,Passed,,OpenAlex,Rejected,The paper uses only Decision Tree (supervised classification) without any unsupervised anomaly detection component in the architecture.,"IC1, IC2",EC3,,,,,,,Excluded
R0519,SpringerLink,2026-07-06,False,EGOA -DL-IDS: explainable intrusion detection in SDN-based industrial cyber physical system with optimized deep learning techniques,Sivamohan SSasi Rekha SankarKrishnaveni SB. JothiThiyagu T,2026,Cluster Computing,10.1007/s10586-026-06040-w,https://link.springer.com/article/10.1007/s10586-026-06040-w,Article,Yes,Unique,Passed,,Manual,Rejected,"The paper focuses on SDN-based industrial cyber physical systems with DDoS detection using supervised ML classifiers (Extra Tree, Cat Boost) without evidence of hybrid architecture combining unsupervised anomaly detection with supervised classification.",,EC1,,,,,,,Excluded
R0521,SpringerLink,2026-07-06,False,A versatile XAI-based framework for efficient and explainable intrusion detection systems,Beny NugrahaAbhishek Venkatesh JnanashreeThomas Bauschert,2025,Annals of Telecommunications,10.1007/s12243-025-01118-9,https://link.springer.com/article/10.1007/s12243-025-01118-9,Article,Yes,Unique,Passed,,OpenAlex,Rejected,"The paper focuses on XAI-based intrusion detection with feature selection and XGBoost classification but lacks the required unsupervised anomaly detection component (e.g., autoencoder, one-class learning) in a hybrid architecture.",IC2,EC3,,,,,,,Excluded
R0524,SpringerLink,2026-07-06,False,Enhanced intrusion detection in cybersecurity through dimensionality reduction and explainable artificial intelligence,Hayam AlamroSultan AlahmariNadhem NemriMohammed AljebreenAsma A. AlhashmiSulaiman AlamroAli AlqazzazMesfer Al Duhayyim,2025,Scientific Reports,10.1038/s41598-025-06761-9,https://link.springer.com/article/10.1038/s41598-025-06761-9,Article,Yes,Unique,Passed,,OpenAlex,Rejected,The paper addresses generic cybersecurity/network intrusion detection without specific focus on IoMT or healthcare domain environments.,IC2,EC1,,,,,,,Excluded
R0525,SpringerLink,2026-07-06,False,Edgeguardmed: Transformer-Based Intrusion Detection with Packet-Flow Fusion for Resilient IoMT,E. BhuvaneswariG. UthradeviA. Mary Joy KinolP. Shanthi,2025,Biomedical Materials & Devices,10.1007/s44174-025-00573-1,https://link.springer.com/article/10.1007/s44174-025-00573-1,Article,Yes,Unique,Passed,,Manual,Rejected,The system uses Transformer architecture with depth-wise separable convolutions but does not combine unsupervised anomaly detection with supervised classification in a hybrid cascade or two-stage design.,"IC1, IC2",EC3,,,,,,,Excluded
R0526,SpringerLink,2026-07-06,False,FedMedSecure: federated few-shot learning with cross-attention mechanisms and explainable AI for collaborative healthcare cybersecurity,Mohammed TawfikAshraf A. Abu-EinHatem M. NoamanAmr H. AbdelhaliemIslam S. Fathi,2025,Scientific Reports,10.1038/s41598-025-25107-z,https://link.springer.com/article/10.1038/s41598-025-25107-z,Article,Yes,Unique,Passed,,OpenAlex,Rejected,"The paper focuses on federated few-shot learning with supervised classification techniques (CrossTransformer, FEAT, RelationNetwork, MAML) but does not describe an unsupervised anomaly detection component in a hybrid architecture.","IC1, IC2",EC3,,,,,,,Excluded
R0527,SpringerLink,2026-07-06,False,A review of artificial intelligence-based intrusion detection in industrial internet of things,Yousef SanjalaweSalam FraihatSalam Al-E’mariSharif Naser Makhadmeh,2026,Discover Internet of Things,10.1007/s43926-026-00285-y,https://link.springer.com/article/10.1007/s43926-026-00285-y,Article,Yes,Unique,Passed,,OpenAlex,Rejected,Paper focuses on Industrial IoT (IIoT) rather than IoMT/healthcare IoT environments.,,EC1,,,,,,,Excluded
R0528,SpringerLink,2026-07-06,False,Hybrid machine learning for AI-driven cyber threat intelligence and proactive intrusion detection,Venkateshwarlu VeldeBolukonda PrashanthBandi KrishnaP. NagarajuRajkumar Pogaku,2025,The European Physical Journal Plus,10.1140/epjp/s13360-025-07155-6,https://link.springer.com/article/10.1140/epjp/s13360-025-07155-6,Article,Yes,Unique,Passed,,Manual,Rejected,"The paper focuses on general network intrusion detection without any mention of IoMT, healthcare IoT, or medical device networks.",,EC1,,,,,,,Excluded
R0529,SpringerLink,2026-07-06,False,An Ensemble Machine Learning Based Cyber Attack Detection Framework for&#xa0;IoMT Networks,Moni KumariAnugrah Jain,2026,Soft Computing and Its Engineering Applications,10.1007/978-3-032-22062-2_32,https://link.springer.com/chapter/10.1007/978-3-032-22062-2_32,Conference paper,Yes,Unique,Passed,,Manual,Rejected,"The paper proposes an ensemble of supervised classifiers (XGBoost, Random Forest, LightGBM) without any unsupervised anomaly detection component in the architecture.","IC1, IC2",EC3,,,,,,,Excluded
R0530,SpringerLink,2026-07-06,False,Robust IoT security using isolation forest and one class SVM algorithms,Amna ZahoorWaseem AbbasiMuhammad Zeeshan BabarAbeer Aljohani,2025,Scientific Reports,10.1038/s41598-025-20445-4,https://link.springer.com/article/10.1038/s41598-025-20445-4,Article,Yes,Unique,Passed,,OpenAlex,Rejected,"The paper uses only unsupervised learning methods (Isolation Forest and OCSVM) without a supervised classification stage, failing IC3.",IC2,EC4,,,,,,,Excluded
R0532,SpringerLink,2026-07-06,False,GA-optimized deep learning intrusion detection framework with LIME explainability for IoT networks,Elijah M. MasenoYanxia SunZenghui Wang,2026,Evolutionary Intelligence,10.1007/s12065-025-01133-8,https://link.springer.com/article/10.1007/s12065-025-01133-8,Article,Yes,Unique,Passed,,OpenAlex,Rejected,The paper proposes purely supervised deep learning models (GA-GRU and GA-LSTM) without incorporating an unsupervised anomaly detection component in a hybrid architecture.,IC2,EC3,,,,,,,Excluded
R0534,SpringerLink,2026-07-06,False,A hybrid CNN-transformer with explainable AI for robust IoT and IIoT intrusion detection,Radhwan A. A. SalehAyed AlwadainMashaal A. M. Saif,2026,International Journal of Machine Learning and Cybernetics,10.1007/s13042-026-03055-y,https://link.springer.com/article/10.1007/s13042-026-03055-y,Article,Yes,Unique,Passed,,Springer,Rejected,"The paper proposes a purely supervised hybrid CNN-Transformer model without any unsupervised anomaly detection component, and targets generic IoT/IIoT rather than specifically IoMT/healthcare environments.",IC2,EC1,,,,,,,Excluded
R0535,SpringerLink,2026-07-06,False,BayesIDS: a Bayesian-optimized learning-based intrusion detection system,A. Durga BhavaniH. S. AnupamaS. Vishwa KiranK. R. Pradeep,2025,The European Physical Journal Plus,10.1140/epjp/s13360-025-07001-9,https://link.springer.com/article/10.1140/epjp/s13360-025-07001-9,Article,Yes,Unique,Passed,,Springer,Rejected,"The paper addresses generic network intrusion detection without specific focus on IoMT or healthcare environments, failing to meet IC1.","IC2, IC3",EC1,,,,,,,Excluded
R0536,SpringerLink,2026-07-06,False,Interpretable intrusion detection for IoT environments using a self-attention-based explainable AI framework,Kanta Prasad SharmaTapsi NagpalTarak VoraAnupam YadavMuhammad Irsyad AbdullahB. JayaprakashAditya KashyapG. SrideviA. BhowmikBethelehem Burju Bukate,2025,Scientific Reports,10.1038/s41598-025-23750-0,https://link.springer.com/article/10.1038/s41598-025-23750-0,Article,Yes,Unique,Passed,,OpenAlex,Rejected,"The paper proposes a purely supervised deep neural network with self-attention and feature gating for intrusion detection, without any unsupervised anomaly detection component in a hybrid architecture.",IC2,EC3,,,,,,,Excluded
R0537,SpringerLink,2026-07-06,False,Enhanced anomaly network intrusion detection using an improved snow ablation optimizer with dimensionality reduction and hybrid deep learning model,Fatimah AlhayanAsma AlshuhailAhmed Omer Ahmed IsmailOthman AlrusainiSultan AlahmariAbdulsamad Ebrahim YahyaSami Saad AlbouqMutasim Al Sadig,2025,Scientific Reports,10.1038/s41598-025-97398-1,https://link.springer.com/article/10.1038/s41598-025-97398-1,Article,Yes,Unique,Passed,,OpenAlex,Rejected,"The paper addresses generic network intrusion detection without any indication of IoMT, medical IoT, or healthcare domain application.","IC2, IC3",EC1,,,,,,,Excluded
R0538,SpringerLink,2026-07-06,False,ZTXPlainaAI an explainable deep learning framework for encrypted traffic anomaly detection in Zero Trust Networks,Pasam Naga KavithaG. Naga Rama DeviSridevi ChittiGudlanarva SudhakarA. LakshmanaraoG. Mahalakshmi,2026,Discover Computing,10.1007/s10791-026-10097-x,https://link.springer.com/article/10.1007/s10791-026-10097-x,Article,Yes,Unique,Passed,,OpenAlex,Rejected,"The paper focuses on Zero Trust Networks and encrypted traffic detection without specific mention of IoMT, medical IoT, or healthcare environments, and uses a purely supervised deep learning approach (CNN-GRU-Attention) without an unsupervised anomaly detection stage.",IC2,EC1,,,,,,,Excluded
R0539,SpringerLink,2026-07-06,False,A minimalistic yet effective domain adaptation strategy for IoMT network intrusion detection,Mahir MahbubMd. Tanjib RiasatTasnima HamidSujon Chandra SutradharMohammed Shafiul Alam Khan,2026,Discover Internet of Things,10.1007/s43926-026-00288-9,https://link.springer.com/article/10.1007/s43926-026-00288-9,Article,Yes,Unique,Passed,,OpenAlex,Rejected,The paper uses domain adaptation with Logistic Regression (supervised classification only) without incorporating unsupervised anomaly detection components like autoencoders or reconstruction-based methods.,"IC1, IC2",EC3,,,,,,,Excluded
R0540,SpringerLink,2026-07-06,False,A hybrid MaOEA-ML framework for network intrusion detection system in the Internet of Health Things (IoHT),Shashank SawanB Ramachandra Reddy,2026,Cluster Computing,10.1007/s10586-025-05890-0,https://link.springer.com/article/10.1007/s10586-025-05890-0,Article,Yes,Unique,Passed,,Springer,Rejected,"The paper uses purely supervised ML classifiers (KNN, Extra-Trees, MLP, Random Forest) without any unsupervised anomaly detection component in the architecture.","IC1, IC2",EC3,,,,,,,Excluded
R0541,SpringerLink,2026-07-06,False,Optimizing intrusion detection using a hybrid CNN LSTM deep learning framework on the NSL KDD dataset,Vipin JainKirti SinghSuneet JoshiLokesh MalviyaRuchi PatelVaishali GuptaPreeti Narooka,2026,Discover Computing,10.1007/s10791-026-10056-6,https://link.springer.com/article/10.1007/s10791-026-10056-6,Article,Yes,Unique,Passed,,OpenAlex,Rejected,"The paper addresses general network intrusion detection using NSL-KDD and CSE-CIC-IDS2018 datasets without any mention of IoMT, medical IoT, or healthcare network environments.",IC2,EC1,,,,,,,Excluded
R0543,SpringerLink,2026-07-06,False,Designing a neuro-symbolic dual-model architecture for explainable and resilient intrusion detection in IoT networks,Ahmad AlmadhorShtwai AlsubaiAbdullah Al HejailiZeineb KlaiBelgacem BouallegueUrban Kovac,2025,Scientific Reports,10.1038/s41598-025-27076-9,https://link.springer.com/article/10.1038/s41598-025-27076-9,Article,Yes,Unique,Passed,,OpenAlex,Rejected,"Paper focuses on general IoT networks (smart homes, gaming) without specific IoMT/healthcare focus, and uses purely supervised neural network classification (CNN, ANN) without unsupervised anomaly detection component.",IC2,EC1,,,,,,,Excluded
R0544,SpringerLink,2026-07-06,False,"A comprehensive survey on intrusion detection systems with advances in machine learning, deep learning and emerging cybersecurity challenges",Ali HozouriAbbas MirzaeiMehdi Effatparvar,2025,Discover Artificial Intelligence,10.1007/s44163-025-00578-1,https://link.springer.com/article/10.1007/s44163-025-00578-1,Article,Yes,Unique,Passed,,OpenAlex,Rejected,This is a general survey on intrusion detection systems across various domains without specific focus on IoMT or healthcare environments.,,EC1,,,,,,,Excluded
R0545,SpringerLink,2026-07-06,False,Explainable AI-Driven Feature Selection for Improved Intrusion Detection Systems in the Internet of Medical Things,Mohammed YacoubiOmar MoussaouiCyril Drocourt,2026,Artificial Intelligence Applications and Innovations,10.1007/978-3-031-96231-8_26,https://link.springer.com/chapter/10.1007/978-3-031-96231-8_26,Conference paper,Yes,Unique,Passed,,Springer,Rejected,"The paper uses only supervised classifiers (Random Forest, CatBoost, LightGBM, XGBoost) with XAI-based feature selection, lacking the required unsupervised anomaly detection component in a hybrid architecture.","IC1, IC2",EC3,,,,,,,Excluded
R0546,SpringerLink,2026-07-06,False,Enhancing Cybersecurity Through Explainable AI: A Hybrid CNN-Reinforcement Learning Framework for Intelligent Threat Detection,Srijan TripathiNidhika Chauhan,2026,National Academy Science Letters,10.1007/s40009-026-02061-6,https://link.springer.com/article/10.1007/s40009-026-02061-6,Article,Yes,Unique,Passed,,Springer,Rejected,"The paper addresses general cybersecurity networks using benchmark datasets (UNSW-NB15, CSE-CIC-IDS2018) without any mention of IoMT, healthcare IoT, or medical device networks, failing IC1.",IC2,EC1,,,,,,,Excluded
R0547,SpringerLink,2026-07-06,False,Enhancing security in IoT-fog environments with a hybrid deep learning intrusion detection system,Suhua ChenXu Fang,2025,Cluster Computing,10.1007/s10586-025-05714-1,https://link.springer.com/article/10.1007/s10586-025-05714-1,Article,Yes,Unique,Passed,,Springer,Rejected,"While the paper proposes a hybrid deep learning IDS, it addresses generic IoT-fog environments rather than IoMT/healthcare specifically, and uses CNN-LSTM ensemble which is a supervised approach without the required unsupervised anomaly detection stage.",IC2,EC1,,,,,,,Excluded
R0549,SpringerLink,2026-07-06,False,End-to-end deep learning for smart maritime threat detection: an AE–CNN–LSTM-based approach,R. AnujaJ. Annrose,2025,Scientific Reports,10.1038/s41598-025-19450-4,https://link.springer.com/article/10.1038/s41598-025-19450-4,Article,Yes,Unique,Passed,,OpenAlex,Rejected,"The paper addresses maritime cyber-physical networks and smart ports rather than IoMT/healthcare IoT environments, failing IC1.","IC2, IC3",EC1,,,,,,,Excluded
R0550,SpringerLink,2026-07-06,False,Explainable and perturbation-resilient model for cyber-threat detection in industrial control systems Networks,Urslla Uchechi IzuazuCosmas Ifeanyi NwakanmaDong-Seong KimJae Min Lee,2025,Discover Internet of Things,10.1007/s43926-025-00100-0,https://link.springer.com/article/10.1007/s43926-025-00100-0,Article,Yes,Unique,Passed,,OpenAlex,Rejected,"The paper focuses on industrial control systems (ICS) and industrial IoT (IIoT) networks, not IoMT/healthcare environments, failing IC1.",IC2,EC1,,,,,,,Excluded
R0551,SpringerLink,2026-07-06,False,Explainable artificial intelligence-based cyber resilience in internet of things networks using hybrid deep learning with improved chimp optimization algorithm,Sarah A. AlzakariMohammed AljebreenNazir AhmadSultan AlahmariOthman AlrusainiAli AlqazzazHassan AlkhiriYahia Said,2025,Scientific Reports,10.1038/s41598-025-15146-x,https://link.springer.com/article/10.1038/s41598-025-15146-x,Article,Yes,Unique,Passed,,OpenAlex,Rejected,"The paper focuses on general IoT networks (Edge-IIoT and BoT-IoT datasets) without specific addressing of IoMT/healthcare domain, and uses purely supervised deep learning classification (CNN-BiGRU) without an unsupervised anomaly detection component.",IC2,EC1,,,,,,,Excluded
R0552,SpringerLink,2026-07-06,False,A systematic review of anomaly detection in IoT security: towards quantum machine learning approach,Andres J. Aparcana-TasaycoXianjun DengJong Hyuk Park,2025,EPJ Quantum Technology,10.1140/epjqt/s40507-025-00414-6,https://link.springer.com/article/10.1140/epjqt/s40507-025-00414-6,Article,Yes,Unique,Passed,,OpenAlex,Rejected,"The paper is a systematic review of general IoT anomaly detection without specific focus on IoMT/healthcare domain, and does not propose or evaluate a hybrid system combining unsupervised and supervised methods.",IC2,EC1,,,,,,,Excluded
R0553,SpringerLink,2026-07-06,False,FBCA-IoMT: A Federated Binary Contrastive Autoencoder Framework for&#xa0;Anomaly Detection,Archita BhattacharyyaAyan BhaumikMrinal Kanti Deb Barma,2026,ICT Analysis and Applications,10.1007/978-3-032-06688-6_26,https://link.springer.com/chapter/10.1007/978-3-032-06688-6_26,Conference paper,Yes,Unique,Passed,,Springer,Rejected,"The paper proposes a purely unsupervised autoencoder-based anomaly detection system without any supervised classification stage, failing to meet IC3.","IC1, IC2",EC4,,,,,,,Excluded
R0554,SpringerLink,2026-07-06,False,Rabbit and Tortoise Optimization Algorithm with Mutual Information Based Adaptive Strategy for Network Intrusion Detection,T. BhuvaneswariK. Ruba SoundarR. Chandra Guru Sekar,2025,Programming and Computer Software,10.1134/s0361768825700239,https://link.springer.com/article/10.1134/S0361768825700239,Article,Yes,Unique,Passed,,OpenAlex,Rejected,"The paper addresses generic network intrusion detection using the UNSW-NB15 dataset without any mention of IoMT, medical IoT, or healthcare domain contexts.",IC2,EC1,,,,,,,Excluded
R0558,SpringerLink,2026-07-06,False,CyberDetect MLP a big data enabled optimized deep learning framework for scalable cyberattack detection in IoT environments,Talluri UpenderM. NeelakantappaC. Prakasa RaoJaideep GeraVuyyuru Lakshma ReddyNagendar Yamsani,2025,Scientific Reports,10.1038/s41598-025-24459-w,https://link.springer.com/article/10.1038/s41598-025-24459-w,Article,Yes,Unique,Passed,,OpenAlex,Rejected,The paper proposes a purely supervised deep learning framework (MLP) without any unsupervised anomaly detection component in a hybrid architecture.,IC2,EC3,,,,,,,Excluded
R0560,SpringerLink,2026-07-06,False,Phishing detection in IoT: an integrated CNN-LSTM framework with explainable AI and LLM-enhanced analysis,Sara Mohammed AlasmariHouneida SaklyNaoufel KraiemAli Algarni,2025,Discover Internet of Things,10.1007/s43926-025-00202-9,https://link.springer.com/article/10.1007/s43926-025-00202-9,Article,Yes,Unique,Passed,,OpenAlex,Rejected,"The paper focuses on Industrial IoT phishing detection rather than IoMT/healthcare environments, and does not involve unsupervised anomaly detection combined with supervised classification in a hybrid architecture.",,EC1,,,,,,,Excluded
R0561,SpringerLink,2026-07-06,False,MultiNet-IDS: an ensemble of DRL and LSTM for improved intrusion detection in wireless sensor networks,Saqib HussainJingsha HeAla Saleh AlluhaidanNafei ZhuFahad Razaque MughalSadique AhmadZulfiqar Ali Zardari,2025,Scientific Reports,10.1038/s41598-025-18829-7,https://link.springer.com/article/10.1038/s41598-025-18829-7,Article,Yes,Unique,Passed,,OpenAlex,Rejected,"The paper addresses wireless sensor networks (WSNs) in general domains like military surveillance and industrial automation, not IoMT or healthcare-specific environments, failing IC1.",IC2,EC1,,,,,,,Excluded
R0564,SpringerLink,2026-07-06,False,A federated deep learning approach for SDN security with quantum optimized feature selection and hybrid MSDC net architecture,S. RohithG. LogeswariK. TamilarasiG. Sudhakaran,2026,Scientific Reports,10.1038/s41598-026-37289-1,https://link.springer.com/article/10.1038/s41598-026-37289-1,Article,Yes,Unique,Passed,,OpenAlex,Rejected,"The paper focuses on SDN network security without addressing IoMT, medical IoT, or healthcare domain applications.",IC2,EC1,,,,,,,Excluded
R0566,SpringerLink,2026-07-06,False,Resource-aware ML framework for multi-level cross-layer and cross-protocol attack detection in IoMT,Doaa ShwayatQasem Abu Al-HaijaAbdallah Alma’aitah,2026,The Journal of Supercomputing,10.1007/s11227-026-08431-7,https://link.springer.com/article/10.1007/s11227-026-08431-7,Article,Yes,Unique,Passed,,Springer,Rejected,"The paper uses purely supervised classification (Random Forest, MLP) without any unsupervised anomaly detection component in a hybrid architecture.","IC1, IC2",EC3,,,,,,,Excluded
R0568,SpringerLink,2026-07-06,False,Intelligent IoT intrusion detection using DRF-GWO feature extraction and CNN-BiLSTM-XGBoost hybrid classification,Ankit SinghG. LogeswariK. TamilarasiS. Bose,2026,Cluster Computing,10.1007/s10586-026-06194-7,https://link.springer.com/article/10.1007/s10586-026-06194-7,Article,Yes,Unique,Passed,,Springer,Rejected,"The paper addresses generic IoT environments without specific focus on IoMT/healthcare domain, and uses a purely supervised hybrid architecture (CNN-BiLSTM-XGBoost) without any unsupervised anomaly detection component.",IC2,EC1,,,,,,,Excluded
R0569,SpringerLink,2026-07-06,False,Explainable deep learning approach for advanced persistent threats (APTs) detection in cybersecurity: a review,Noor Hazlina Abdul MutalibAznul Qalid Md SabriAinuddin Wahid Abdul WahabErma Rahayu Mohd Faizal AbdullahNouar AlDahoul,2024,Artificial Intelligence Review,10.1007/s10462-024-10890-4,https://link.springer.com/article/10.1007/s10462-024-10890-4,Article,Yes,Unique,Passed,,OpenAlex,Rejected,The paper is a general review of APT detection in cybersecurity without specific focus on IoMT/healthcare domain.,IC2,EC1,,,,,,,Excluded
R0570,SpringerLink,2026-07-06,False,Deep learning-based network intrusion detection in smart healthcare enterprise systems,Vinayakumar Ravi,2023,Multimedia Tools and Applications,10.1007/s11042-023-17300-x,https://link.springer.com/article/10.1007/s11042-023-17300-x,Article,Yes,Unique,Passed,,Springer,Rejected,The paper proposes a purely supervised deep learning classification approach (CNN+LSTM with attention) without any unsupervised anomaly detection component in a cascade or hybrid architecture.,"IC1, IC2",EC3,,,,,,,Excluded
R0573,SpringerLink,2026-07-06,False,An optimized intrusion detection system for resource-constrained IoMT environments: enhancing security through efficient feature selection and classification,Arash SalehpourMohammad Ali BalafarAlireza Souri,2025,The Journal of Supercomputing,10.1007/s11227-025-07253-3,https://link.springer.com/article/10.1007/s11227-025-07253-3,Article,Yes,Unique,Passed,,Springer,Rejected,"The system uses only supervised classification (Random Forest) with feature selection methods, lacking the required unsupervised anomaly detection component for a hybrid architecture.","IC1, IC2",EC3,,,,,,,Excluded
R0574,SpringerLink,2026-07-06,False,An effective classification using enhanced elephant herding optimization with convolution neural network for intrusion detection in IoMT architecture,D. Praveena AnjelinS. Ganesh Kumar,2024,Cluster Computing,10.1007/s10586-024-04512-5,https://link.springer.com/article/10.1007/s10586-024-04512-5,Article,Yes,Unique,Passed,,Springer,Rejected,The paper uses only supervised classification (CNN optimized with Elephant Herding Optimization) without any unsupervised anomaly detection component in a hybrid architecture.,"IC1, IC2",EC3,,,,,,,Excluded
R0575,SpringerLink,2026-07-06,False,Enhancing IoT Network Security: A Feature Selection and Explainable AI Approach for DDoS Attack Detection,Upendra ChaurasiyaRakesh TripathiTirath Prasad Sahu,2025,Iranian Journal of Science,10.1007/s40995-025-01851-9,https://link.springer.com/article/10.1007/s40995-025-01851-9,Article,Yes,Unique,Passed,,Springer,Rejected,The paper proposes a purely supervised ensemble classification approach without any unsupervised anomaly detection component.,IC2,EC3,,,,,,,Excluded
R0576,SpringerLink,2026-07-06,False,"A comprehensive and systematic literature review on intrusion detection systems in the internet of medical things: current status, challenges, and opportunities",Arezou NaghibFarhad Soleimanian GharehchopoghAzadeh Zamanifar,2025,Artificial Intelligence Review,10.1007/s10462-024-11101-w,https://link.springer.com/article/10.1007/s10462-024-11101-w,Article,Yes,Unique,Passed,,OpenAlex,Rejected,Survey/review — moved to surveys_srls for background use; excluded from primary study screening,"IC1, IC2",IC4 — systematic review/mapping study excluded from primary study pool; moved to background,,,,,,,Excluded
R0577,SpringerLink,2026-07-06,False,An effective hybrid deep learning metaheuristic model for robust IoT intrusion detection,Alok Kumar ShuklaShubhra DwivediAishwarya Mishra,2025,Discover Computing,10.1007/s10791-025-09708-w,https://link.springer.com/article/10.1007/s10791-025-09708-w,Article,Yes,Unique,Passed,,OpenAlex,Rejected,"The paper addresses generic IoT networks rather than specifically IoMT/healthcare IoT environments, failing to meet IC1.",IC2,EC1,,,,,,,Excluded
R0578,SpringerLink,2026-07-06,False,Securing IoT Environment Against Intrusions Using Voting Ensemble Learning Classifier,Aishwarya VardhanPrashant KumarLalit Kumar Awasthi,2026,National Academy Science Letters,10.1007/s40009-026-02011-2,https://link.springer.com/article/10.1007/s40009-026-02011-2,Article,Yes,Unique,Passed,,Springer,Rejected,"The paper addresses generic IoT environments using CICIDS2017 and CICIoT2023 datasets without specific focus on IoMT/healthcare domains, triggering EC1.",IC2,EC1,,,,,,,Excluded
R0581,SpringerLink,2026-07-06,False,Enhancing cybersecurity in IoT systems: a hybrid deep learning approach for real-time attack detection,Mohammad ZahidTaran Singh Bharati,2025,Discover Internet of Things,10.1007/s43926-025-00156-y,https://link.springer.com/article/10.1007/s43926-025-00156-y,Article,Yes,Unique,Passed,,OpenAlex,Rejected,"The paper addresses generic IoT systems without specific mention of IoMT, medical IoT, or healthcare environments (EC1).",IC2,EC1,,,,,,,Excluded
R0582,SpringerLink,2026-07-06,False,X-SecureNet: A Security-Driven Intelligent Framework for Intrusion Detection in Smart Industrial Infrastructures,Amreen ShafiqueGuowei WuMuhammad Shahid SaeedDanish Javeed,2026,Cluster Computing,10.1007/s10586-026-05972-7,https://link.springer.com/article/10.1007/s10586-026-05972-7,Article,Yes,Unique,Passed,,Springer,Rejected,"The paper focuses on smart industrial infrastructures (IIoT) rather than IoMT/healthcare IoT environments, and uses purely supervised deep learning (CNN+ALSTM+softmax) without an unsupervised anomaly detection component.",IC2,EC1,,,,,,,Excluded
R0583,SpringerLink,2026-07-06,False,Advances in Explainable Big Data Analytics for Enhanced Cybersecurity,Mahmudul HasanMd. Mahedi HassanSumya AkterPetr HajekMohammad Zoynul Abedin,2026,Information Systems Frontiers,10.1007/s10796-026-10701-x,https://link.springer.com/article/10.1007/s10796-026-10701-x,Article,Yes,Unique,Passed,,Springer,Rejected,"The paper addresses generic cybersecurity IDS using UNSW-NB15 and BETH datasets with no mention of IoMT, healthcare IoT, or medical domain applications (EC1).",,EC1,,,,,,,Excluded
R0584,SpringerLink,2026-07-06,False,CRGT-SA: an interlaced and spatiotemporal deep learning model for network intrusion detection,Jue ChenWanxiao LiuXihe QiuWenjing LvYujie Xiong,2025,Frontiers of Information Technology & Electronic Engineering,10.1631/fitee.2400459,https://link.springer.com/article/10.1631/FITEE.2400459,Article,Yes,Unique,Passed,,OpenAlex,Rejected,"The paper proposes a purely supervised deep learning model (LSTM, TCN, CNN) for network intrusion detection without any unsupervised anomaly detection component, and does not specify IoMT/healthcare domain.",IC2,"EC1,EC3",,,,,,,Excluded
R0586,SpringerLink,2026-07-06,False,MF2S-CID: A dynamic multi-model framework for scalable and interpretable intrusion detection,Saida FarhatAhmed PatelAna Luiza Bessa BarrosAlwi M Bamhdi,2025,International Journal of Information Security,10.1007/s10207-025-01077-1,https://link.springer.com/article/10.1007/s10207-025-01077-1,Article,Yes,Unique,Passed,,Springer,Rejected,"The paper addresses generic cloud and IoT environments without specific focus on IoMT/healthcare domain, failing to meet IC1.",IC2,EC1,,,,,,,Excluded
R0587,SpringerLink,2026-07-06,False,Improving internet of health things security through anomaly detection framework using artificial intelligence driven ensemble approaches,Manal Abdullah AlohaliMohammad AlamgeerAli M. Al-SharafiSomia A. AsklanyJawhara AljabriFaiz Abdullah AlotaibiSamah Hazzaa AlajmaniImène Issaoui,2025,Scientific Reports,10.1038/s41598-025-10016-y,https://link.springer.com/article/10.1038/s41598-025-10016-y,Article,Yes,Unique,Passed,,OpenAlex,Rejected,"The paper proposes an ensemble of supervised deep learning classifiers (RNN, BiLSTM, KELM) for cyberattack detection in IoHT without any unsupervised anomaly detection stage.","IC1, IC2",EC3,,,,,,,Excluded
R0590,SpringerLink,2026-07-06,False,Enhancing Intrusion Detection with Transparent and Explainable AI Solutions,Dhruva RawatVishav Pratap AuthorAnmolpreet KaurBhupinder Singh,2026,Proceedings of Data Analytics and Management,10.1007/978-3-032-03751-0_20,https://link.springer.com/chapter/10.1007/978-3-032-03751-0_20,Conference paper,Yes,Unique,Passed,,Springer,Rejected,"The paper discusses general intrusion detection systems with XAI approaches but does not specify IoMT/healthcare domain application, failing IC1.",IC2,EC1,,,,,,,Excluded
R0593,SpringerLink,2026-07-06,False,Machine learning-based hybrid technique to enhance cyber-attack perspective,Aun AbbasMuqaddas SalahuddinMuhammad Zohaib KhanAbdullah Ayub KhanFahim Uz ZamanSyed Azeem InamGhadah AldehimTehseen MazharMuhammad Amir Khan,2025,Journal of Cloud Computing,10.1186/s13677-025-00782-5,https://link.springer.com/article/10.1186/s13677-025-00782-5,Article,Yes,Unique,Passed,,OpenAlex,Rejected,"The paper addresses generic IoT and cloud environments rather than specifically IoMT/healthcare IoT systems, failing to meet IC1.",IC2,EC1,,,,,,,Excluded
R0594,SpringerLink,2026-07-06,False,ABO optimized hybrid Trans-CNN-Bi-GRU approach for intrusion detection in IoT networks: a privacy-preserving solution,R. Pavithra GuruThomas M. ChenMithileysh Sathiyanarayanan,2025,Cluster Computing,10.1007/s10586-025-05855-3,https://link.springer.com/article/10.1007/s10586-025-05855-3,Article,Yes,Unique,Passed,,Springer,Rejected,The paper proposes a purely supervised deep learning architecture (Trans-CNN-Bi-GRU) without any unsupervised anomaly detection component in the hybrid design.,IC2,EC3,,,,,,,Excluded
R0595,SpringerLink,2026-07-06,False,A Binning-Based Approach for&#xa0;Intrusion Detection and&#xa0;Attack Classification in&#xa0;Internet of&#xa0;Medical Things Networks,Lerina AversanoStefano GalantucciMichele MastroianniAndrea Porcelli,2027,Computational Science and Its Applications – ICCSA 2026 Workshops,10.1007/978-3-032-30530-5_22,https://link.springer.com/chapter/10.1007/978-3-032-30530-5_22,Conference paper,Yes,Unique,Passed,,Springer,Rejected,The paper proposes a hybrid IDS combining decision trees with a neural network but does not include an unsupervised anomaly detection component as required by IC3.,"IC1, IC2",EC3,,,,,,,Excluded
R0596,SpringerLink,2026-07-06,False,Intrusion detection in industrial internet of things network using feature optimization and hybrid deep learning,Salam FraihatQussai YaseenYousef SanjalaweAymen Abu-ErrubSharif Naser MakhadmehMohammed Azmi Al-Betar,2026,Discover Internet of Things,10.1007/s43926-026-00284-z,https://link.springer.com/article/10.1007/s43926-026-00284-z,Article,Yes,Unique,Passed,,OpenAlex,Rejected,"The paper focuses on Industrial Internet of Things (IIoT) environments, not IoMT/healthcare IoT systems, triggering EC1.",IC2,EC1,,,,,,,Excluded
R0597,SpringerLink,2026-07-06,False,Deep learning-based ensemble stacking for enhanced intrusion detection in IoT-edge platforms,P. R. Chithra RaniK. Baalaji,2025,Discover Applied Sciences,10.1007/s42452-025-06871-z,https://link.springer.com/article/10.1007/s42452-025-06871-z,Article,Yes,Unique,Passed,,OpenAlex,Rejected,"The paper addresses generic IoT-edge platforms without specific focus on IoMT/healthcare environments, and uses purely supervised deep learning ensemble methods (CNN, RNN, DNN, LSTM stacking) without incorporating unsupervised anomaly detection components.",IC2,EC1,,,,,,,Excluded
R0598,SpringerLink,2026-07-06,False,Identifying significant features in adversarial attack detection framework using federated learning empowered medical IoT network security,Sanaa A. SharafSameer Nooh,2025,Scientific Reports,10.1038/s41598-025-14913-0,https://link.springer.com/article/10.1038/s41598-025-14913-0,Article,Yes,Unique,Passed,,OpenAlex,Rejected,The paper proposes a purely supervised deep learning model (SA-CNN-BiLSTM) for adversarial attack detection without incorporating unsupervised anomaly detection as a first stage.,"IC1, IC2",EC3,,,,,,,Excluded
R0602,SpringerLink,2026-07-06,False,Velocity Paused Particle Swarm Optimization-based Intelligent Long Short-Term Memory Framework for Intrusion Detection System in Internet of Medical Things,Pandit Byomakesha DashH. S. BeheraManas Ranjan SenapatiJanmenjoy Nayak,2025,Arabian Journal for Science and Engineering,10.1007/s13369-025-10091-3,https://link.springer.com/article/10.1007/s13369-025-10091-3,Article,Yes,Unique,Passed,,Springer,Rejected,The paper uses only a supervised LSTM classifier optimized by VPPSO without any unsupervised anomaly detection stage in the architecture.,"IC1, IC2",EC3,,,,,,,Excluded
R0603,SpringerLink,2026-07-06,False,A novel Grey Wolf optimizer-based IDS framework in IoMT,Yogendra KumarVijay Kumar,2026,Wireless Networks,10.1007/s11276-026-04098-3,https://link.springer.com/article/10.1007/s11276-026-04098-3,Article,Yes,Unique,Passed,,Springer,Rejected,"The paper uses only supervised classification (K-Nearest Neighbour) with feature optimization, lacking an unsupervised anomaly detection component in the architecture.","IC1, IC2",EC3,,,,,,,Excluded
R0605,SpringerLink,2026-07-06,False,Deep learning based anomaly detection for cyber physical systems across industrial and consumer IoT environments,Bazezew BelewMehari Kiros,2026,Discover Internet of Things,10.1007/s43926-026-00347-1,https://link.springer.com/article/10.1007/s43926-026-00347-1,Article,Yes,Unique,Passed,,OpenAlex,Rejected,The paper addresses generic industrial and consumer IoT/CPS environments without specific focus on IoMT/healthcare domain (EC1).,IC2,EC1,,,,,,,Excluded
R0606,SpringerLink,2026-07-06,False,Optimization of distributed network intrusion detection system based on internet of things and federated learning,Yiqiong LiangMingwan Luo,2025,Discover Internet of Things,10.1007/s43926-025-00260-z,https://link.springer.com/article/10.1007/s43926-025-00260-z,Article,Yes,Unique,Passed,,OpenAlex,Rejected,The paper addresses generic IoT intrusion detection without specific focus on IoMT/healthcare domain (EC1) and uses a purely supervised LSTM-based approach without an unsupervised anomaly detection component (EC3).,IC2,EC1,,,,,,,Excluded
R0607,SpringerLink,2026-07-06,False,(IoT) Network intrusion detection system using optimization algorithms,Luo Shan,2025,Scientific Reports,10.1038/s41598-025-04638-5,https://link.springer.com/article/10.1038/s41598-025-04638-5,Article,Yes,Unique,Passed,,OpenAlex,Rejected,"Paper focuses on generic IoT network intrusion detection without evidence of IoMT/healthcare domain application, and uses only supervised classification (LSTM-RNN, SVM) optimized by meta-heuristics without unsupervised anomaly detection component.",IC2,EC1,,,,,,,Excluded
R0608,SpringerLink,2026-07-06,False,A hybrid denoising autoencoder and Query-Key attention-based framework for intrusion detection in software defined industrial networks,Danish JaveedMuhammad AdilShifa ShoukatNaqqash Dilshad,2026,Cluster Computing,10.1007/s10586-026-06065-1,https://link.springer.com/article/10.1007/s10586-026-06065-1,Article,Yes,Unique,Passed,,Springer,Rejected,"The paper targets Industrial IoT (IIoT) and software-defined industrial networks, not IoMT/healthcare environments, thus failing IC1.","IC2, IC3",EC1,,,,,,,Excluded
R0609,SpringerLink,2026-07-06,False,A Stability-Aware Adaptive Deep Learning Framework for Robust Intrusion Detection in Network Security,M. RekhaS. Senthilkumar,2026,"Iranian Journal of Science and Technology, Transactions of Electrical Engineering",10.1007/s40998-026-01120-4,https://link.springer.com/article/10.1007/s40998-026-01120-4,Article,Yes,Unique,Passed,,OpenAlex,Rejected,The paper addresses general network intrusion detection using NSL-KDD dataset without any IoMT or healthcare domain context.,IC2,EC1,,,,,,,Excluded
R0610,SpringerLink,2026-07-06,False,Cybersecurity oriented malware classification using ParaECA-LSTMNet with a hybrid attention guided CNN-LSTM framework,Roise UddinMohammad Mahmudur RahmanHossain AhmedAmir Hossain FahadAktarun NesaMazharul Islam ArmanChala Wata,2026,Discover Analytics,10.1007/s44257-025-00053-2,https://link.springer.com/article/10.1007/s44257-025-00053-2,Article,Yes,Unique,Passed,,OpenAlex,Rejected,"The paper addresses malware classification in cybersecurity contexts without any mention of IoMT, healthcare IoT, or medical device networks.",,EC1,,,,,,,Excluded
R0611,SpringerLink,2026-07-06,False,Advanced IoT intrusion detection using hybrid attention-based deep learning with DenseNet-ViT and AlexNet-BERT,Sirajudeen Ameer JohnSenthilnathan PalaniappanGopichand GGanesan G,2026,Journal of Cloud Computing,10.1186/s13677-025-00825-x,https://link.springer.com/article/10.1186/s13677-025-00825-x,Article,Yes,Unique,Passed,,OpenAlex,Rejected,"The paper addresses generic IoT intrusion detection without specific focus on IoMT/healthcare domain, and the architecture is purely supervised deep learning without an unsupervised anomaly detection stage.",IC2,EC1,,,,,,,Excluded
R0612,SpringerLink,2026-07-06,False,Deep learning-empowered intrusion detection framework for the Internet of Medical Things environment,Prashant Giridhar ShambharkarNikhil Sharma,2024,Knowledge and Information Systems,10.1007/s10115-024-02149-9,https://link.springer.com/article/10.1007/s10115-024-02149-9,Article,Yes,Unique,Passed,,Springer,Rejected,"The paper proposes purely supervised classification models (LinSVM, ConvSVM, CatEmb) without any unsupervised anomaly detection stage in a hybrid architecture.","IC1, IC2",EC3,,,,,,,Excluded
R0613,SpringerLink,2026-07-06,False,Neuro-symbolic machine learning for lightweight and interpretable IoT edge intrusion detection,Pawan Kumar Badhan,2026,Discover Sensors,10.1007/s44397-026-00047-z,https://link.springer.com/article/10.1007/s44397-026-00047-z,Article,Yes,Unique,Passed,,OpenAlex,Rejected,"The paper addresses Industrial IoT (IIoT) in smart-factory environments rather than IoMT/healthcare IoT domains, failing IC1.",IC2,EC1,,,,,,,Excluded
R0615,SpringerLink,2026-07-06,False,DP-DL-ZT: a zero-trust-enhanced differential privacy framework with CNN-LSTM for cyber threat detection in IoT healthcare,Ibrahim M. HezamMahmoud M. IsmailAhmed M. AliKaram SallamMohamed Abdel-Basset,2026,Neural Computing and Applications,10.1007/s00521-026-11890-x,https://link.springer.com/article/10.1007/s00521-026-11890-x,Article,Yes,Unique,Passed,,Springer,Rejected,The paper uses a purely supervised CNN-LSTM architecture for classification without incorporating an unsupervised anomaly detection stage in a hybrid design.,"IC1, IC2",EC3,,,,,,,Excluded
R0616,SpringerLink,2026-07-06,False,Two-Tier heuristic search for ransomware-as-a-service based cyberattack défense analysis using explainable Bayesian deep learning model,Ali Saeed Almuflih,2026,Scientific Reports,10.1038/s41598-025-96083-7,https://link.springer.com/article/10.1038/s41598-025-96083-7,Article,Yes,Unique,Passed,,OpenAlex,Rejected,"The paper addresses ransomware detection in cloud computing environments, not IoMT/healthcare IoT systems, and does not combine unsupervised anomaly detection with supervised classification in a hybrid architecture.",,EC1,,,,,,,Excluded
R0617,SpringerLink,2026-07-06,False,Enhancing IoMT Security: A Stacking Ensemble Model for Multi-Class Attack Classification,Shraddhanjali SahooSucheta PandaSasmita Acharya,2026,Intelligent Systems,10.1007/978-3-032-05120-2_15,https://link.springer.com/chapter/10.1007/978-3-032-05120-2_15,Conference paper,Yes,Unique,Passed,,Springer,Rejected,"The paper proposes a purely supervised stacking ensemble (XGBoost, Random Forest, Decision Tree) without any unsupervised anomaly detection component.","IC1, IC2",EC3,,,,,,,Excluded
R0618,SpringerLink,2026-07-06,False,"A comprehensive survey on techniques, challenges, evaluation metrics and applications of deep learning models for anomaly detection",Mudita KohliIndu Chhabra,2025,Discover Applied Sciences,10.1007/s42452-025-07312-7,https://link.springer.com/article/10.1007/s42452-025-07312-7,Article,Yes,Unique,Passed,,OpenAlex,Rejected,The paper is a general survey on deep learning for anomaly detection across various domains without specific focus on IoMT/healthcare environments.,,EC1,,,,,,,Excluded
R0619,SpringerLink,2026-07-06,False,Ensemble based meta-heuristic optimized approach for network intrusion detection using LightGBM,Sandeep MahatoSubrata Dutta,2025,Cluster Computing,10.1007/s10586-025-05415-9,https://link.springer.com/article/10.1007/s10586-025-05415-9,Article,Yes,Unique,Passed,,Springer,Rejected,"The paper uses only supervised ensemble learning (LightGBM with GWO optimization) without any unsupervised anomaly detection component, and does not address IoMT/healthcare domain.",IC2,EC1,,,,,,,Excluded
R0620,SpringerLink,2026-07-06,False,Enhancing internet of things intrusion detection through high-performance boosting ensemble learning,Vitaliy YakovynaAnton Fadieiev,2026,Scientific Reports,10.1038/s41598-026-50089-x,https://link.springer.com/article/10.1038/s41598-026-50089-x,Article,Yes,Unique,Passed,,OpenAlex,Rejected,"The paper focuses on generic IoT environments using purely supervised ensemble methods (AdaBoost, XGBoost, LightGBM) without any unsupervised anomaly detection component or IoMT/healthcare context.",IC2,EC1,,,,,,,Excluded
R0621,SpringerLink,2026-07-06,False,Few-shot android malware classification with quantum-enhanced prototypical learning and drift detection,Mohammed TawfikHussam TaraziAhmad DalalahBajeszeyadaljunaeidiaWarda M. ShabanIslam S. Fathi,2026,Scientific Reports,10.1038/s41598-026-45738-0,https://link.springer.com/article/10.1038/s41598-026-45738-0,Article,Yes,Unique,Passed,,OpenAlex,Rejected,"The paper focuses on Android malware detection without addressing IoMT, medical IoT, or healthcare network environments.",,EC1,,,,,,,Excluded
R0622,SpringerLink,2026-07-06,False,Permission-level risk profiling and anomaly detection in IoT using machine learning,Pushpa Rajput Narayana SinghNeelambike Siddalingaiah,2025,International Journal of Information Technology,10.1007/s41870-025-02977-0,https://link.springer.com/article/10.1007/s41870-025-02977-0,Article,Yes,Unique,Passed,,Springer,Rejected,"The paper addresses generic IoT security without specific focus on IoMT/healthcare domain, failing IC1.",IC2,EC1,,,,,,,Excluded
R0623,SpringerLink,2026-07-06,False,Enhancing Network Resilience: A Hybrid Meta-Heuristic Intrusion Detection System Leveraging SSA-BOA-CNN,R. C. Jeyavim  SherinK. Parkavi,2025,Journal of Network and Systems Management,10.1007/s10922-025-09987-0,https://link.springer.com/article/10.1007/s10922-025-09987-0,Article,Yes,Unique,Passed,,Springer,Rejected,The paper proposes a hybrid IDS using bio-inspired algorithms with CNN but lacks IoMT/healthcare domain context and does not incorporate unsupervised anomaly detection as required by IC1 and IC3.,IC2,EC1,,,,,,,Excluded
R0625,SpringerLink,2026-07-06,False,Adaptive Anomaly Detection for IoT Networks: Improved Feature Engineering and Classification,Ayesha SabirSongjie WeiMuhammad Usman SabirAbida Naz,2026,Network and Parallel Computing,10.1007/978-3-032-10459-5_30,https://link.springer.com/chapter/10.1007/978-3-032-10459-5_30,Conference paper,Yes,Unique,Passed,,Springer,Rejected,The paper proposes a purely supervised deep learning model (Bi-CNN-GRU with attention) without any unsupervised anomaly detection component in the architecture.,IC2,EC3,,,,,,,Excluded
R0626,SpringerLink,2026-07-06,False,MQTTFlowLyzer: interpretable TabNet-based flow-level MQTT intrusion detection for IoT,Arefeh KouhiRonaghiArash Habibi Lashkri,2026,The Journal of Supercomputing,10.1007/s11227-026-08485-7,https://link.springer.com/article/10.1007/s11227-026-08485-7,Article,Yes,Unique,Passed,,Springer,Rejected,"The paper focuses on MQTT protocol in generic IoT systems without specifically addressing IoMT, medical IoT, or healthcare environments (EC1).",IC2,EC1,,,,,,,Excluded
R0627,SpringerLink,2026-07-06,False,Evaluating large transformer models for anomaly detection of resource-constrained IoT devices for intrusion detection system,Ahmad AlmadhorShtwai AlsubaiNatalia KryvinskaAbdullah Al HejailiMohamed AyariBelgacem BouallegueSidra Abbas,2025,Scientific Reports,10.1038/s41598-025-21826-5,https://link.springer.com/article/10.1038/s41598-025-21826-5,Article,Yes,Unique,Passed,,OpenAlex,Rejected,"The paper focuses on generic resource-constrained IoT devices without specifying IoMT/healthcare domain, and uses purely supervised transformer-based classification without an unsupervised anomaly detection stage.",IC2,EC1,,,,,,,Excluded
R0628,SpringerLink,2026-07-06,False,Fog-empowered anomaly detection in IoT networks using one-class asymmetric stacked autoencoder,Aya G. AyadNehal A. SakrNoha A. Hikal,2025,Cluster Computing,10.1007/s10586-025-05234-y,https://link.springer.com/article/10.1007/s10586-025-05234-y,Article,Yes,Unique,Passed,,OpenAlex,Rejected,"The paper proposes a purely unsupervised one-class autoencoder for anomaly detection without any supervised classification stage, failing to meet the hybrid architecture requirement.","IC1, IC2",EC4,,,,,,,Excluded
R0629,SpringerLink,2026-07-06,False,Data fusion and network intrusion detection systems,Rasheed AhmadIzzat Alsmadi,2024,Cluster Computing,10.1007/s10586-024-04365-y,https://link.springer.com/article/10.1007/s10586-024-04365-y,Article,Yes,Unique,Passed,,Springer,Rejected,No IoMT or healthcare domain mentioned; focuses on generic critical infrastructure and organizational networks.,IC2,EC1,,,,,,,Excluded
R0630,SpringerLink,2026-07-06,False,A hybrid transformer-LSTM deep learning framework for secure intrusion detection in blockchain-enabled IoT networks,Ahmad Sami Al-Shamayleh,2026,Telecommunication Systems,10.1007/s11235-026-01440-0,https://link.springer.com/article/10.1007/s11235-026-01440-0,Article,Yes,Unique,Passed,,Springer,Rejected,"The paper addresses generic blockchain-enabled IoT (BIoT) networks without specific focus on IoMT/healthcare domains, and employs a purely supervised hybrid deep learning approach (Transformer-LSTM) without an unsupervised anomaly detection component.",IC2,EC1,,,,,,,Excluded
R0631,SpringerLink,2026-07-06,False,Residual temporal CNNs for emerging cyber threat detection in healthcare IoT,Mirza AkhiCiarán EisingLubna Luxmi Dhirani,2026,Discover Internet of Things,10.1007/s43926-025-00271-w,https://link.springer.com/article/10.1007/s43926-025-00271-w,Article,Yes,Unique,Passed,,OpenAlex,Rejected,The paper proposes a purely supervised deep learning model (Residual-Temporal CNN) for multiclass attack classification without any unsupervised anomaly detection component.,"IC1, IC2",EC3,,,,,,,Excluded
R0632,SpringerLink,2026-07-06,False,DDoS attack detection and classification for the MQTT-IoT protocol using LSTM models,Deribew Beko NegesseKetema Adere GemedaGabriele Gianini,2026,Discover Applied Sciences,10.1007/s42452-026-08563-8,https://link.springer.com/article/10.1007/s42452-026-08563-8,Article,Yes,Unique,Passed,,OpenAlex,Rejected,"The paper addresses generic MQTT-IoT protocol without specific focus on IoMT/healthcare domain, and uses purely supervised LSTM classification without an unsupervised anomaly detection stage.",IC2,EC1,,,,,,,Excluded
R0635,SpringerLink,2026-07-06,False,Network topology security analysis and attack detection based on graph neural networks,Zhenhua YangMinghong YangQiwen Yang,2026,Discover Internet of Things,10.1007/s43926-025-00277-4,https://link.springer.com/article/10.1007/s43926-025-00277-4,Article,Yes,Unique,Passed,,OpenAlex,Rejected,"The paper addresses generic computer networks using GNN-based IDS without any mention of IoMT, healthcare IoT, or medical IoT environments, failing IC1.",IC2,EC1,,,,,,,Excluded
R0636,SpringerLink,2026-07-06,False,Explainable AI-driven intrusion detection for securing IoT-enabled autonomous transportation systems,J. AkshyaM. SundarrajanR. VijayakumarRajesh Kumar DhanarajAnand Nayyar,2025,Cluster Computing,10.1007/s10586-025-05617-1,https://link.springer.com/article/10.1007/s10586-025-05617-1,Article,Yes,Unique,Passed,,Springer,Rejected,"The paper focuses on autonomous transportation systems and vehicles, not IoMT/healthcare environments, triggering EC1 and EC5.",IC2,EC1,,,,,,,Excluded
R0637,SpringerLink,2026-07-06,False,Adaptive anomaly detection for identifying attacks in cyber-physical systems: A systematic literature review,Pablo MorianoSteven C. HespelerMingyan LiMaria Mahbub,2025,Artificial Intelligence Review,10.1007/s10462-025-11292-w,https://link.springer.com/article/10.1007/s10462-025-11292-w,Article,Yes,Unique,Passed,,OpenAlex,Rejected,"The paper is a systematic literature review on adaptive anomaly detection in general cyber-physical systems (CPS), not specifically focused on IoMT/healthcare environments, and does not propose or evaluate a specific hybrid IDS architecture.",,EC1,,,,,,,Excluded
R0638,SpringerLink,2026-07-06,False,FATE-X: a federated transferable and explainable deep learning framework for APT detection in serverless edge environments,Kusum YadavAbdullah J. Alzahrani,2025,Computing,10.1007/s00607-025-01590-0,https://link.springer.com/article/10.1007/s00607-025-01590-0,Article,Yes,Unique,Passed,,Springer,Rejected,"The paper focuses on APT detection in serverless edge computing environments without any indication of IoMT, medical IoT, or healthcare domain applications.",,EC1,,,,,,,Excluded
R0640,SpringerLink,2026-07-06,False,Optimizing cybercrime detection: A hybrid deep learning approach for enhanced intrusion detection systems,Rima AlshayaSalim E. L. khediri,2025,Peer-to-Peer Networking and Applications,10.1007/s12083-025-01933-w,https://link.springer.com/article/10.1007/s12083-025-01933-w,Article,Yes,Unique,Passed,,Springer,Rejected,"The paper addresses generic cybersecurity for servers, cloud infrastructure, and general IoT devices without specific focus on IoMT or healthcare environments (EC1).",IC2,EC1,,,,,,,Excluded
R0641,SpringerLink,2026-07-06,False,A systematic review of metaheuristic based feature selection strategies for cyber-attack detection in the IIoT,Georg Thamer FrancisAlireza SouriNihat Inanç,2026,Artificial Intelligence Review,10.1007/s10462-025-11473-7,https://link.springer.com/article/10.1007/s10462-025-11473-7,Article,Yes,Unique,Passed,,OpenAlex,Rejected,"The paper focuses on IIoT (Industrial IoT) and industrial environments rather than IoMT/healthcare IoT, failing to meet IC1.",,EC1,,,,,,,Excluded
R0642,SpringerLink,2026-07-06,False,A harris hawks optimized SVM framework for securing IoT networks through attack detection and feature analysis,Dana A. Al-QudahAla’ M. Al-ZoubiBashar Al-ShboulBilal Abu-SalihRaneem QaddouraMohammad Hijjawi,2025,Discover Internet of Things,10.1007/s43926-025-00237-y,https://link.springer.com/article/10.1007/s43926-025-00237-y,Article,Yes,Unique,Passed,,OpenAlex,Rejected,"The paper proposes a purely supervised classification approach using optimized SVM without any unsupervised anomaly detection component, and does not specifically address IoMT/healthcare domain.",IC2,EC1,,,,,,,Excluded
R0643,SpringerLink,2026-07-06,False,Machine Learning in Intrusion Detection: A Ten-Year Retrospective Analysis,Konstantinos Vavousis,2026,Information Systems,10.1007/978-3-032-18484-9_6,https://link.springer.com/chapter/10.1007/978-3-032-18484-9_6,Conference paper,Yes,Unique,Passed,,Springer,Rejected,This is a bibliometric/survey paper analyzing IDS research trends rather than proposing or evaluating a specific intrusion detection system for IoMT.,,EC2,,,,,,,Excluded
R0644,SpringerLink,2026-07-06,False,Enhancing Attack Detection in Internet of Medical Things Using CTGAN for Data Augmentation and Attention-Enhanced Bidirectional GRU Networks,Zhor IsmailiOmar HabibiMohammed ChemmakhaMohamed Lazaar,2026,"Proceedings of the International Conference on Artificial Intelligence, Security, and Networking (CAISN 2024)",10.1007/978-3-032-03695-7_37,https://link.springer.com/chapter/10.1007/978-3-032-03695-7_37,Conference paper,Yes,Unique,Passed,,Springer,Rejected,The paper proposes a purely supervised classification approach (Bi-GRU with attention) without incorporating unsupervised anomaly detection methods in a hybrid architecture.,"IC1, IC2",EC3,,,,,,,Excluded
R0645,SpringerLink,2026-07-06,False,An ensemble of deep representation learning with metaheuristic optimisation algorithm for critical health monitoring using internet of medical things,Mai Alduailij,2025,Scientific Reports,10.1038/s41598-025-15005-9,https://link.springer.com/article/10.1038/s41598-025-15005-9,Article,Yes,Unique,Passed,,OpenAlex,Rejected,The paper focuses on health monitoring classification using ensemble deep learning but does not describe a hybrid IDS architecture combining unsupervised anomaly detection with supervised classification for intrusion/attack detection.,IC1,EC2,,,,,,,Excluded
R0646,SpringerLink,2026-07-06,False,Intrusion Detection System Using Deep Learning Techniques for&#xa0;Internet of&#xa0;Medical Things (IoMT),Naveen SaranNishtha KesswaniRavi Saharan,2024,The Future of Artificial Intelligence and Robotics,10.1007/978-3-031-60935-0_65,https://link.springer.com/chapter/10.1007/978-3-031-60935-0_65,Conference paper,Yes,Unique,Passed,,Springer,Rejected,"The paper uses only supervised deep learning classification techniques (S-RNN, LSTM, GRU) without any unsupervised anomaly detection component in a hybrid architecture.","IC1, IC2",EC3,,,,,,,Excluded
R0648,SpringerLink,2026-07-06,False,Machine Learning Techniques for&#xa0;Intrusion Detection System in&#xa0;IOT Devices: A Review,Navodita SinghAkhtar RasoolPragati AgrawalSaima Hasib,2026,Data Science and Applications,10.1007/978-3-032-15404-0_15,https://link.springer.com/chapter/10.1007/978-3-032-15404-0_15,Conference paper,Yes,Unique,Passed,,Springer,Rejected,The paper is a general review of ML techniques for IoT IDS without specific focus on IoMT/healthcare domain and does not propose or evaluate a specific hybrid architecture combining unsupervised and supervised methods.,IC2,EC1,,,,,,,Excluded
R0649,SpringerLink,2026-07-06,False,Deep learning for intrusion detection in emerging technologies: a comprehensive survey and new perspectives,Euclides Carlos Pinto NetoShahrear IqbalScott BuffettMadeena SultanaAdrian Taylor,2025,Artificial Intelligence Review,10.1007/s10462-025-11346-z,https://link.springer.com/article/10.1007/s10462-025-11346-z,Article,Yes,Unique,Passed,,OpenAlex,Rejected,"This is a survey paper that reviews existing literature on deep learning for IDS across multiple emerging technologies, but does not propose or evaluate a specific hybrid IDS architecture combining unsupervised and supervised methods.",,EC2,,,,,,,Excluded
R0650,SpringerLink,2026-07-06,False,Enhancing network intrusion detection: a dual-ensemble approach with CTGAN-balanced data and weak classifiers,Mohammad Reza Abbaszadeh Bavil SoflaeiArash SalehpourKarim Samadzamini,2024,The Journal of Supercomputing,10.1007/s11227-024-06108-7,https://link.springer.com/article/10.1007/s11227-024-06108-7,Article,Yes,Unique,Passed,,Springer,Rejected,The paper uses a general network intrusion dataset (UNSW-NB15) without addressing IoMT or healthcare-specific environments.,IC2,EC1,,,,,,,Excluded
R0651,SpringerLink,2026-07-06,False,Modelling of hybrid deep learning framework with recursive feature elimination for distributed denial of service attack detection systems,Sultan Alkhliwi,2025,Scientific Reports,10.1038/s41598-025-22936-w,https://link.springer.com/article/10.1038/s41598-025-22936-w,Article,Yes,Unique,Passed,,OpenAlex,Rejected,"The paper focuses on DDoS attack detection in generic network and IIoT environments without addressing IoMT/healthcare domain, and uses purely supervised deep learning (LSTM-BiGRU) without an unsupervised anomaly detection component.",IC2,EC1,,,,,,,Excluded
R0652,SpringerLink,2026-07-06,False,XAI-driven Data Mining for Self-defending IoT Systems: Enhancing Cybersecurity Transparency in the Age of Smart Cities,Fida Muhammad KhanAsim ZebTaj RahmanMahmoud Ahmad Al-KhasawnehYousef Ibrahim DaradkehIsma Farah SiddiquiAli Kashif BashirInam Ullah,2026,Cognitive Computation,10.1007/s12559-026-10559-w,https://link.springer.com/article/10.1007/s12559-026-10559-w,Article,Yes,Unique,Passed,,OpenAlex,Rejected,The paper is a survey on XAI-driven data mining for general IoT cybersecurity in smart cities without specifically addressing IoMT/healthcare environments or proposing a hybrid detection architecture combining unsupervised and supervised methods.,,EC1,,,,,,,Excluded
R0653,SpringerLink,2026-07-06,False,A novel intrusion detection framework using ensemble learning in MQTT IoT applications,Mitesh SolankiShilpi Gupta,2025,Annals of Mathematics and Artificial Intelligence,10.1007/s10472-025-09993-7,https://link.springer.com/article/10.1007/s10472-025-09993-7,Article,Yes,Unique,Passed,,Springer,Rejected,"The paper addresses generic MQTT-enabled IoT networks without specific focus on IoMT/healthcare domain (EC1), and uses purely supervised ensemble learning without unsupervised anomaly detection component (EC3).",IC2,EC1,,,,,,,Excluded
R0656,SpringerLink,2026-07-06,False,XAI-Shield: An Explainable AI-Driven Self-healing Framework for&#xa0;Autonomous IoT-Edge-Cloud Ecosystems,Imane KhoumsRadouane NouaraNabil Belala,2026,"Smart applications in Healthcare, Precision Farming and Transportation",10.1007/978-3-032-19929-4_4,https://link.springer.com/chapter/10.1007/978-3-032-19929-4_4,Conference paper,Yes,Unique,Passed,,Springer,Rejected,"The paper addresses general IoT-edge-cloud ecosystems without specific focus on IoMT/healthcare environments, and uses the UNSW-NB15 dataset which is a generic network intrusion dataset rather than medical IoT data.",,EC1,,,,,,,Excluded
R0657,SpringerLink,2026-07-06,False,Advancements in securing federated learning with IDS: a comprehensive review of neural networks and feature engineering techniques for malicious client detection,Naila LatifWenping MaHafiz Bilal Ahmad,2025,Artificial Intelligence Review,10.1007/s10462-024-11082-w,https://link.springer.com/article/10.1007/s10462-024-11082-w,Article,Yes,Unique,Passed,,OpenAlex,Rejected,The paper focuses on federated learning security and IDS for FL environments rather than IoMT/healthcare domain intrusion detection.,,EC1,,,,,,,Excluded
R0658,SpringerLink,2026-07-06,False,A Combined Supervised and Unsupervised Deep Learning Approach for Intrusion Detection in IoT Traffic in an Edge Computing Environment,Sangeeta SharmaPriyanka VermaNitesh BharotAshish KumarNavdeep Singh RathoreShivanshu Sharma,2025,SN Computer Science,10.1007/s42979-025-04103-0,https://link.springer.com/article/10.1007/s42979-025-04103-0,Article,Yes,Unique,Passed,,Springer,Rejected,The paper addresses generic IoT and IIoT environments (WUSTL-IIOT dataset) without specific focus on IoMT/healthcare domain.,"IC2, IC3",EC1,,,,,,,Excluded
R0660,SpringerLink,2026-07-06,False,HFEL: A hybrid federated ensemble learning framework for intrusion detection in IoT networks,Salah El HajlaEl Mahfoud EnnajiYassine MalehSoufyane Mounir,2025,Cluster Computing,10.1007/s10586-025-05587-4,https://link.springer.com/article/10.1007/s10586-025-05587-4,Article,Yes,Unique,Passed,,Springer,Rejected,"The paper addresses generic IoT networks (not specifically IoMT/healthcare) and uses only supervised ensemble methods (MLP, Random Forest, XGBoost) without any unsupervised anomaly detection component.",IC2,EC1,,,,,,,Excluded
R0662,SpringerLink,2026-07-06,False,Advanced intrusion detection for IoT devices using federated deep learning,Tianhao LiuOmar Dib,2025,International Journal of Information Security,10.1007/s10207-025-01183-0,https://link.springer.com/article/10.1007/s10207-025-01183-0,Article,Yes,Unique,Passed,,Springer,Rejected,"The paper uses purely supervised deep learning architectures (CNN, DNN, Transformer) without any unsupervised anomaly detection component in a hybrid architecture.",IC2,EC3,,,,,,,Excluded
R0663,SpringerLink,2026-07-06,False,Hybrid Multi-model Ensemble System for&#xa0;Effective Intrusion Detection and&#xa0;Prevention in&#xa0;Cloud Environment Using Hypergraph,Gokulraj GBose SDanya SMaheswaran NIllakiya Varshini CPradeep Kumar M,2026,Information Systems for Intelligent Systems,10.1007/978-3-032-12996-3_11,https://link.springer.com/chapter/10.1007/978-3-032-12996-3_11,Conference paper,Yes,Unique,Passed,,Springer,Rejected,The paper focuses on cloud computing environments rather than IoMT/healthcare IoT domain.,"IC2, IC3",EC1,,,,,,,Excluded
R0664,SpringerLink,2026-07-06,False,Machine learning based intrusion detection system for IoMT,Priyesh KulshresthaT. V. Vijay Kumar,2023,International Journal of System Assurance Engineering and Management,10.1007/s13198-023-02119-4,https://link.springer.com/article/10.1007/s13198-023-02119-4,Article,Yes,Unique,Passed,,Springer,Rejected,"The paper uses only supervised classification methods (Naive Bayes, Logistic Regression, SVM, Decision Tree, Random Forest, AdaBoost, etc.) without any unsupervised anomaly detection component in a hybrid architecture.","IC1, IC2",EC3,,,,,,,Excluded
R0665,SpringerLink,2026-07-06,False,Enhancing TabNet Classification with CTGAN Synthesized Data for Intrusion Detection in Medical MQTT-Based IoT Network,Aditi KesarwaniNitya PasrijaGaurav IndraAlongbar Wary,2026,Proceedings of Data Analytics and Management,10.1007/978-3-032-03740-4_32,https://link.springer.com/chapter/10.1007/978-3-032-03740-4_32,Conference paper,Yes,Unique,Passed,,Springer,Rejected,"The paper uses only TabNet (a supervised deep learning classifier) with CTGAN for data augmentation, without any unsupervised anomaly detection component in a hybrid architecture.","IC1, IC2",EC3,,,,,,,Excluded
R0666,SpringerLink,2026-07-06,False,A hybrid ensemble framework with particle swarm optimization for network anomaly detection,Narinder VermaNeerendra KumarGourav KumarKuljeet Singh,2025,Discover Applied Sciences,10.1007/s42452-025-07419-x,https://link.springer.com/article/10.1007/s42452-025-07419-x,Article,Yes,Unique,Passed,,OpenAlex,Rejected,"The paper addresses generic network intrusion detection using NSL-KDD and CICIDS datasets without any mention of IoMT, healthcare IoT, or medical device environments, failing IC1.",IC2,EC1,,,,,,,Excluded
R0667,SpringerLink,2026-07-06,False,Cross-Protocol Attack Detection in IoMT Using Feature-Optimized Learning,Doaa ShwayatQasem Abu Al-HaijaAbdallah Alma’aitah,2026,Green Technologies and Sustainable Intelligence—Volume I: Theoretical Aspects and Computational Approaches,10.1007/978-3-032-19038-3_27,https://link.springer.com/chapter/10.1007/978-3-032-19038-3_27,Conference paper,Yes,Unique,Passed,,Springer,Rejected,The paper uses only supervised classification methods (decision tree and random forest) without any unsupervised anomaly detection component in a hybrid architecture.,"IC1, IC2",EC3,,,,,,,Excluded
R0668,SpringerLink,2026-07-06,False,Adaptive Machine Learning-Based Intrusion Detection Systems for IoT Era,Rahul Vadisetty,2025,Proceedings of 5th International Ethical Hacking Conference,10.1007/978-981-97-8457-8_17,https://link.springer.com/chapter/10.1007/978-981-97-8457-8_17,Conference paper,Yes,Unique,Passed,,Springer,Rejected,"The paper addresses generic IoT networks without specific focus on IoMT/healthcare domain, and presents purely supervised deep learning models (LSTM, CNN+GRU) without an unsupervised anomaly detection component in a hybrid architecture.",IC2,EC1,,,,,,,Excluded
R0669,SpringerLink,2026-07-06,False,EMTD: Explainable Malicious Traffic Detection Model Using Hybrid Deep Learning Techniques for Industrial <i>IoT</i> Networks,Arun Kumar DeyGovind P. GuptaSatya Prakash Sahu,2024,Arabian Journal for Science and Engineering,10.1007/s13369-024-09578-2,https://link.springer.com/article/10.1007/s13369-024-09578-2,Article,Yes,Unique,Passed,,Springer,Rejected,"The paper focuses on Industrial IoT (IIoT) networks rather than IoMT/healthcare IoT environments, triggering EC1.","IC2, IC3",EC1,,,,,,,Excluded
R0670,SpringerLink,2026-07-06,False,Intrusion detection in IoT network using temporal wavelet augmented deep dense and LSTM auto-encoders,Mohammed ZakariahSyed Umar AminFatma S. AlrayesAbeer AlnuaimZafar Iqbal Khan,2025,International Journal of Information Security,10.1007/s10207-025-01128-7,https://link.springer.com/article/10.1007/s10207-025-01128-7,Article,Yes,Unique,Passed,,Springer,Rejected,The paper addresses generic IoT networks (not specifically IoMT/healthcare) and uses a purely unsupervised approach combining multiple autoencoder architectures without a supervised classification stage.,IC2,EC1,,,,,,,Excluded
R0671,SpringerLink,2026-07-06,False,Intelligent Ensemble Learning Approach for Intrusion Detection System in IoMT Environment,Pooja Puspita PriyadarshaniPandit Byomakesha Dash,2025,Computational Intelligence in Pattern Recognition,10.1007/978-981-97-8090-7_33,https://link.springer.com/chapter/10.1007/978-981-97-8090-7_33,Conference paper,Yes,Unique,Passed,,Springer,Rejected,"The paper uses only supervised ensemble learning methods (AdaBoost, Bagging, Random Forest) without any unsupervised anomaly detection component in a hybrid architecture.","IC1, IC2",EC3,,,,,,,Excluded
R0672,SpringerLink,2026-07-06,False,Advancements in cyberthreat intelligence through resource exhaustion attack detection using hybrid deep learning with heuristic search algorithms,S. JayanthiSwathi Sowmya BavirthiP. MuraliK. Vijaya KumarHend Khalid AlkahtaniMohamad Khairi IshakSamih M. Mostafa,2025,Scientific Reports,10.1038/s41598-025-13305-8,https://link.springer.com/article/10.1038/s41598-025-13305-8,Article,Yes,Unique,Passed,,OpenAlex,Rejected,"The paper focuses on generic DDoS attack detection using IIoT datasets without addressing IoMT/healthcare domain environments, and does not employ a hybrid architecture combining unsupervised anomaly detection with supervised classification.",,EC1,,,,,,,Excluded
R0673,SpringerLink,2026-07-06,False,"Optimization of EEG-based wheelchair control: machine learning, feature selection, outlier management, and explainable AI",Amr M. HamedAbdel-Fattah AttiaHeba El-Behery,2025,Journal of Big Data,10.1186/s40537-025-01238-y,https://link.springer.com/article/10.1186/s40537-025-01238-y,Article,Yes,Unique,Passed,,OpenAlex,Rejected,"Paper focuses on EEG-based wheelchair control and brain-computer interfaces, not IoMT intrusion detection or cybersecurity.",,EC5,,,,,,,Excluded
R0674,SpringerLink,2026-07-06,False,Adversarial Machine Learning Framework for Robust Banking Security: The Automated Cyber Threat Detection and Prevention (ACTP) Tool,Harish PadmanabanYogesh Kumar SharmaPurushottam SharmaChaman Verma,2026,Journal of The Institution of Engineers (India): Series B,10.1007/s40031-026-01337-1,https://link.springer.com/article/10.1007/s40031-026-01337-1,Article,Yes,Unique,Passed,,Springer,Rejected,The paper focuses on banking/financial sector cybersecurity rather than IoMT/healthcare domain environments.,,EC1,,,,,,,Excluded
R0675,SpringerLink,2026-07-06,False,Improving security in 5G vehicular networks using ASCON and machine learning based NIDS,A. J. BhuvaneshwariP. KaythryNivetha ElangoRahul RamuS. Sai Eshwar,2025,Discover Internet of Things,10.1007/s43926-025-00226-1,https://link.springer.com/article/10.1007/s43926-025-00226-1,Article,Yes,Unique,Passed,,OpenAlex,Rejected,"Paper focuses on vehicular networks (IoV) and automotive systems rather than IoMT/healthcare environments, triggering EC5 (unrelated domain).",,EC5,,,,,,,Excluded
R0676,SpringerLink,2026-07-06,False,Real-time anomaly detection in IoT streams through spatiotemporal patterns,Yazeed AlZahrani,2025,Discover Internet of Things,10.1007/s43926-025-00256-9,https://link.springer.com/article/10.1007/s43926-025-00256-9,Article,Yes,Unique,Passed,,OpenAlex,Rejected,"The paper addresses generic IoT environments without specific focus on IoMT/healthcare domains, and uses a purely supervised deep learning approach (CNN-RNN) without an unsupervised anomaly detection component in a hybrid architecture.",IC2,EC1,,,,,,,Excluded
R0677,SpringerLink,2026-07-06,False,"Multi-layered security architecture for IoMT systems: integrating dynamic key management, decentralized storage, and dependable intrusion detection framework",Nikhil SharmaPrashant Giridhar Shambharkar,2025,International Journal of Machine Learning and Cybernetics,10.1007/s13042-025-02628-7,https://link.springer.com/article/10.1007/s13042-025-02628-7,Article,Yes,Unique,Passed,,Springer,Rejected,The intrusion detection framework uses Bi-LSTM GRU supervised classification without evidence of unsupervised anomaly detection in a hybrid architecture.,"IC1, IC2",EC3,,,,,,,Excluded
R0678,SpringerLink,2026-07-06,False,Revolutionary hybrid ensembled deep learning model for accurate and robust side-channel attack detection in cloud computing,C. Lakshminatha ReddyK. Malathi,2025,Scientific Reports,10.1038/s41598-025-89794-4,https://link.springer.com/article/10.1038/s41598-025-89794-4,Article,Yes,Unique,Passed,,OpenAlex,Rejected,"The paper addresses side-channel attack detection in cloud computing for cryptographic systems, not IoMT/healthcare intrusion detection.",,EC1,,,,,,,Excluded
R0679,SpringerLink,2026-07-06,False,Advanced Intrusion Detection Techniques and Trends in IoT Networks,Aswin PayyampallySabu M. ThampiPreetam Mukherjee,2025,Securing the Connected World,10.1007/978-3-031-82826-3_3,https://link.springer.com/chapter/10.1007/978-3-031-82826-3_3,Chapter,Yes,Unique,Passed,,Springer,Rejected,This is a survey/review chapter covering general IoT IDS trends without focusing on IoMT/healthcare domain (EC1) and does not propose or evaluate a specific hybrid architecture combining unsupervised anomaly detection with supervised classification.,,EC1,,,,,,,Excluded
R0680,SpringerLink,2026-07-06,False,FAITH: Fault Anomaly Identification Using Machine Learning for&#xa0;Trusted Healthcare IoT,Mahek DesaiApoorva RumaleMarjan Asadinia,2026,SEET—Software Engineering for Emerging Technologies,10.1007/978-3-032-08977-9_12,https://link.springer.com/chapter/10.1007/978-3-032-08977-9_12,Conference paper,Yes,Unique,Passed,,Springer,Rejected,"The paper evaluates supervised (XGBoost, KNN), semi-supervised (GAN), and unsupervised (Isolation Forest) models independently for fault detection but does not describe a hybrid architecture combining unsupervised anomaly detection with supervised classification in a cascade or multi-stage design.","IC1, IC2",EC3,,,,,,,Excluded
R0683,SpringerLink,2026-07-06,False,Comparative Analysis of Machine and Deep Learning Models for Intrusion Detection in Fog-Enabled IoT Networks,Huma GuptaAkshay JadhavAbhay Singh Bisht,2025,International Journal of Networked and Distributed Computing,10.1007/s44227-025-00079-8,https://link.springer.com/article/10.1007/s44227-025-00079-8,Article,Yes,Unique,Passed,,OpenAlex,Rejected,"The paper addresses generic fog-enabled IoT networks without specific focus on IoMT/healthcare domain, and does not describe a hybrid architecture combining unsupervised anomaly detection with supervised classification.",IC2,EC1,,,,,,,Excluded
R0684,SpringerLink,2026-07-06,False,Systematic review and topic classification of soft computing and machine learning in water resources management,Maria DrogkoulaNicholas SamarasOmiros IatrellisEftihia NathanailKonstantinos Kokkinos,2025,Discover Sustainability,10.1007/s43621-025-01832-3,https://link.springer.com/article/10.1007/s43621-025-01832-3,Article,Yes,Unique,Passed,,OpenAlex,Rejected,"The paper focuses on water resources management applications of machine learning, not IoMT or healthcare systems, and does not address intrusion detection.",,EC5,,,,,,,Excluded
R0685,SpringerLink,2026-07-06,False,An explainable federated blockchain framework with privacy-preserving AI optimization for securing healthcare data,Tanisha BhardwajK. Sumangali,2025,Scientific Reports,10.1038/s41598-025-04083-4,https://link.springer.com/article/10.1038/s41598-025-04083-4,Article,Yes,Unique,Passed,,OpenAlex,Rejected,"The paper focuses on federated learning for medical data classification (heart disease, breast cancer) rather than intrusion detection or anomaly detection in IoMT networks.",IC1,EC2,,,,,,,Excluded
R0686,SpringerLink,2026-07-06,False,Enhancing IoT cyber attacks intrusion detection through GAN-based data augmentation and hybrid deep learning models for MQTT network protocol cyber attacks,Hayette ZeghidaMehdi BoulaicheRamdane ChikhAlwi M. BamhdiAna Luiza Bessa BarrosDjamel ZeghidaAhmed Patel,2024,Cluster Computing,10.1007/s10586-024-04752-5,https://link.springer.com/article/10.1007/s10586-024-04752-5,Article,Yes,Unique,Passed,,Springer,Rejected,"The paper focuses on generic IoT networks and MQTT protocol without specific mention of IoMT, medical IoT, or healthcare environments (EC1).","IC2, IC3",EC1,,,,,,,Excluded
R0687,SpringerLink,2026-07-06,False,A detailed review on potential role of internet of medical things (IoMT) in healthcare,Aparna SharmaDivya RastogiMahima Shanker Pandey,2026,International Journal of System Assurance Engineering and Management,10.1007/s13198-026-03383-w,https://link.springer.com/article/10.1007/s13198-026-03383-w,Article,Yes,Unique,Passed,,Springer,Rejected,This is a general review paper on IoMT applications and challenges without proposing or evaluating any specific intrusion detection system.,IC1,EC2,,,,,,,Excluded
R0688,SpringerLink,2026-07-06,False,Optimized Self-adaptive Intrusion Detection System (SPIDS) for Enhanced Network Security,R. KarthikeyanJ. RamkumarS. P. PriyadharshiniB. Narasimhan,2026,Artificial Intelligence Based Smart and Secured Applications,10.1007/978-3-032-17843-5_3,https://link.springer.com/chapter/10.1007/978-3-032-17843-5_3,Conference paper,Yes,Unique,Passed,,Springer,Rejected,"The paper addresses general network security IDS without any mention of IoMT, healthcare IoT, or medical device environments, and does not describe a hybrid architecture combining unsupervised anomaly detection with supervised classification.",IC2,EC1,,,,,,,Excluded
R0689,SpringerLink,2026-07-06,False,A survey of privacy-preserving federated learning for intrusion detection systems,Thomas BunkoMichael N. JohnstoneWencheng YangBen A. Scott,2026,Artificial Intelligence Review,10.1007/s10462-026-11519-4,https://link.springer.com/article/10.1007/s10462-026-11519-4,Article,Yes,Unique,Passed,,OpenAlex,Rejected,"The paper is a survey on federated learning for IDS in general systems without specific focus on IoMT/healthcare domain, and does not propose or evaluate a hybrid unsupervised-supervised detection architecture.",,EC1,,,,,,,Excluded
R0690,SpringerLink,2026-07-06,False,Towards Efficient Information Retrieval in Internet of Things Environments Via Machine Learning Approaches,Qin YuanYuping Lai,2024,Journal of The Institution of Engineers (India): Series B,10.1007/s40031-024-01178-w,https://link.springer.com/article/10.1007/s40031-024-01178-w,Article,Yes,Unique,Passed,,Springer,Rejected,"Paper focuses on general information retrieval in IoT environments using ML approaches, not intrusion/anomaly detection systems.",,EC2,,,,,,,Excluded
R0691,SpringerLink,2026-07-06,False,"Machine Learning for IoT: Algorithms, Architectures, and Real World Applications",Sandeep Gajanan SutarSiddheshwar Vilas PatilTanvi Patil,2026,Social Internet of Things (SIoT) and Machine Learning—Enhancing Interconnectivity and Intelligence,10.1007/978-3-032-10122-8_15,https://link.springer.com/chapter/10.1007/978-3-032-10122-8_15,Chapter,Yes,Unique,Passed,,Springer,Rejected,This is a general survey/book chapter on ML for IoT covering multiple domains without specifically proposing or evaluating an intrusion detection system for IoMT.,,EC2,,,,,,,Excluded
R0692,SpringerLink,2026-07-06,False,An effective classification using enhanced flame seeker optimization with convolution neural network for intrusion detection,A. BinthiyaSelvi Ravindran,2025,Wireless Networks,10.1007/s11276-025-03956-w,https://link.springer.com/article/10.1007/s11276-025-03956-w,Article,Yes,Unique,Passed,,Springer,Rejected,The paper uses only supervised CNN classification without incorporating an unsupervised anomaly detection stage in a hybrid architecture.,"IC1, IC2",EC3,,,,,,,Excluded
R0693,SpringerLink,2026-07-06,False,Integration of metaheuristic based feature selection with ensemble representation learning models for privacy aware cyberattack detection in IoT environments,M. KarthikeyanR. BrindhaMaria Manuel ViannyV. VaitheeshwaranMrinal BachuteSanket MishraBibhuti Bhusan Dash,2025,Scientific Reports,10.1038/s41598-025-05545-5,https://link.springer.com/article/10.1038/s41598-025-05545-5,Article,Yes,Unique,Passed,,OpenAlex,Rejected,"The paper addresses generic IoT environments rather than specifically IoMT/healthcare IoT, and does not clearly indicate a hybrid architecture combining unsupervised anomaly detection with supervised classification in a two-stage design.",IC2,EC1,,,,,,,Excluded
R0695,SpringerLink,2026-07-06,False,Enhancing IoT-based healthcare security with grey filter bayesian CNN and optimization algorithms,A. KalaivaniP. KavithaG. DhivyaD. ArunaT. ThulasiXu YongChoon Kit ChanPushpa Rani,2025,Scientific Reports,10.1038/s41598-025-22453-w,https://link.springer.com/article/10.1038/s41598-025-22453-w,Article,Yes,Unique,Passed,,OpenAlex,Rejected,The paper uses only supervised classification (GFB-CNN) with optimization algorithms but lacks an unsupervised anomaly detection component in a hybrid architecture.,"IC1, IC2",EC3,,,,,,,Excluded
R0697,SpringerLink,2026-07-06,False,A Multi-view Contrastive Graph Neural Network Framework for&#xa0;Malware Detection in&#xa0;IoMT Environments,Bhagyasri BoraSaunav BarmanRahul BardhanDharitri BrahmaAmitava Nag,2026,"Security, Privacy, and Applied Cryptography Engineering",10.1007/978-3-032-16342-4_5,https://link.springer.com/chapter/10.1007/978-3-032-16342-4_5,Conference paper,Yes,Unique,Passed,,Springer,Rejected,"The paper proposes a purely graph neural network-based approach with contrastive learning for malware detection, without evidence of a hybrid architecture combining unsupervised anomaly detection with supervised classification stages.","IC1, IC2",EC3,,,,,,,Excluded
R0698,SpringerLink,2026-07-06,False,An ensemble framework with improved grey wolf optimization algorithm and multi-level feature selection for IoT intrusion detection,Kexin WuYueqin LiJixu SunQiurong QinJinlong Li,2025,Cluster Computing,10.1007/s10586-025-05374-1,https://link.springer.com/article/10.1007/s10586-025-05374-1,Article,Yes,Unique,Passed,,Springer,Rejected,"The paper focuses on generic IoT intrusion detection without specific mention of IoMT, medical IoT, or healthcare environments, failing IC1.",IC2,EC1,,,,,,,Excluded
R0699,SpringerLink,2026-07-06,False,"Quantum deep learning-enhanced ethereum blockchain for cloud security: intrusion detection, fraud prevention, and secure data migration",A. Venkata NagarjunSujatha Rajkumar,2025,Scientific Reports,10.1038/s41598-025-22408-1,https://link.springer.com/article/10.1038/s41598-025-22408-1,Article,Yes,Unique,Passed,,OpenAlex,Rejected,"The paper focuses on cloud computing security with blockchain integration, not specifically on IoMT or healthcare IoT environments.",,EC1,,,,,,,Excluded
R0700,SpringerLink,2026-07-06,False,A blockchain framework for enhancing data security and intrusion detection in the internet of things environment using hybrid deep learning model,Siddharth GautamAmarjit MalhotraSanjay Kumar Dhurandher,2025,Cluster Computing,10.1007/s10586-025-05215-1,https://link.springer.com/article/10.1007/s10586-025-05215-1,Article,Yes,Unique,Passed,,Springer,Rejected,The paper addresses generic IoT environments without specific focus on IoMT/healthcare domain (EC1).,IC2,EC1,,,,,,,Excluded
R0701,SpringerLink,2026-07-06,False,Design of an iterative method for adaptive federated intrusion detection for energy-constrained edge-centric 6G IoT cyber-physical systems,S. Phani PraveenKanhaiya SharmaDeepak ParasharV. S. N. MurthyUddagiri SirishaDeshinta Arrova Dewi,2025,Scientific Reports,10.1038/s41598-025-25293-w,https://link.springer.com/article/10.1038/s41598-025-25293-w,Article,Yes,Unique,Passed,,OpenAlex,Rejected,"The paper addresses generic 6G IoT CPS edge systems rather than specifically IoMT/healthcare environments, failing IC1.",IC2,EC1,,,,,,,Excluded
R0703,SpringerLink,2026-07-06,False,ATS-IDS: an adaptive teacher-student framework for lightweight IDS in IoT using incremental learning,Maryam HabibipourSeyed Reza Kamel TabbakhHossein Monshizadeh NaeenMohammad Hossein Moattar,2026,Cluster Computing,10.1007/s10586-025-05878-w,https://link.springer.com/article/10.1007/s10586-025-05878-w,Article,Yes,Unique,Passed,,Springer,Rejected,"The paper addresses generic IoT networks rather than specifically IoMT/healthcare IoT environments, and uses a teacher-student knowledge distillation architecture rather than a hybrid unsupervised-supervised detection approach.",IC2,EC1,,,,,,,Excluded
R0704,SpringerLink,2026-07-06,False,ThreatFedChainAI: an adaptive edge blockchain architecture for big data-driven threat analytics in IoT networks,N AshwiniSrinivas DavaA Rakesh PhanindraGotte Ranjith kumarK Varada RajkumarNarne Sravanthi,2025,Scientific Reports,10.1038/s41598-025-31164-1,https://link.springer.com/article/10.1038/s41598-025-31164-1,Article,Yes,Unique,Passed,,OpenAlex,Rejected,"The paper addresses generic IoT networks rather than specifically IoMT/healthcare IoT environments, and uses federated learning with blockchain rather than a hybrid unsupervised-supervised cascade architecture.",IC2,EC1,,,,,,,Excluded
R0705,SpringerLink,2026-07-06,False,Machine Learning for Security in Wireless Networks,Rohit M. ThankiKomal R. BorisagarAnjali Diwan,2026,Machine Learning for Wireless Communication,10.1007/978-3-031-94117-7_4,https://link.springer.com/chapter/10.1007/978-3-031-94117-7_4,Chapter,Yes,Unique,Passed,,Springer,Rejected,"The paper addresses generic wireless networks without any mention of IoMT, medical IoT, or healthcare domain.",,EC1,,,,,,,Excluded
R0708,SpringerLink,2026-07-06,False,Optimizing Intrusion Detection with Bayesian Optimization in Reactive Intrusion Detection Systems (BO-RIDS) for Enhanced Security Performance,J. RamkumarrB. NarasimhanS. P. PriyadharshiniR. Karthikeyan,2026,Artificial Intelligence Based Smart and Secured Applications,10.1007/978-3-032-17843-5_4,https://link.springer.com/chapter/10.1007/978-3-032-17843-5_4,Conference paper,Yes,Unique,Passed,,Springer,Rejected,"The paper describes a general network IDS with Bayesian Optimization but does not mention IoMT, healthcare IoT, or medical environments, and does not describe a hybrid architecture combining unsupervised anomaly detection with supervised classification.",,EC1,,,,,,,Excluded
R0709,SpringerLink,2026-07-06,False,A data-driven cognitive cyber-physical systems for cyber threat mitigation in medical internet of things,Jiangang FengTao Pang,2025,Peer-to-Peer Networking and Applications,10.1007/s12083-025-01932-x,https://link.springer.com/article/10.1007/s12083-025-01932-x,Article,Yes,Unique,Passed,,Springer,Rejected,The system uses CNN-LSTM for temporal anomaly detection but appears to be a purely supervised deep learning approach without an unsupervised anomaly detection component in a hybrid cascade/two-stage architecture.,"IC1, IC2",EC3,,,,,,,Excluded
R0710,SpringerLink,2026-07-06,False,Strategies for applying interpretable and explainable AI in real world IoT applications,Anber Abraheem Shlash MohammadSuleiman Ibrahim Shelash MohammadBadrea Al OrainiAsokan VasudevanAyman HindiehAli AltarawnehMuhammad Turki AlshuridehImad Ali,2025,Discover Internet of Things,10.1007/s43926-025-00155-z,https://link.springer.com/article/10.1007/s43926-025-00155-z,Article,Yes,Unique,Passed,,OpenAlex,Rejected,The paper focuses on explainable AI (XAI) methodologies for general IoT applications without specifically addressing intrusion detection systems or proposing a hybrid detection architecture.,,EC2,,,,,,,Excluded
R0711,SpringerLink,2026-07-06,False,Efficient feature ranked hybrid framework for android Iot malware detection,Nahla Hafez SaeedAlyaa A. HamzaMohamed A. SobhAyman M. Bahaa-Eldin,2026,Scientific Reports,10.1038/s41598-026-35238-6,https://link.springer.com/article/10.1038/s41598-026-35238-6,Article,Yes,Unique,Passed,,OpenAlex,Rejected,The paper focuses on Android IoT malware detection using only supervised Random Forest classification without an unsupervised anomaly detection component in a hybrid architecture.,IC2,EC3,,,,,,,Excluded
R0712,SpringerLink,2026-07-06,False,A comprehensive review of machine learning and deep learning applications for intelligent data processing in the Internet of Things and wireless sensor networks,Ojonukpe S. EgwucheJapie GreeffAbsalom E. Ezugwu,2026,Discover Applied Sciences,10.1007/s42452-026-08445-z,https://link.springer.com/article/10.1007/s42452-026-08445-z,Article,Yes,Unique,Passed,,OpenAlex,Rejected,The paper is a general review of ML/DL in IoT/WSN without specific focus on IoMT/healthcare domain or intrusion detection systems.,,EC1,,,,,,,Excluded
R0713,SpringerLink,2026-07-06,False,Advancing IoT security: a comprehensive AI-based trust framework for intrusion detection,Chandra Prabha KaliappanKanmani PalaniappanDevipriya AnanthavadivelUshasukhanya Subramanian,2024,Peer-to-Peer Networking and Applications,10.1007/s12083-024-01684-0,https://link.springer.com/article/10.1007/s12083-024-01684-0,Article,Yes,Unique,Passed,,Springer,Rejected,"The paper addresses generic IoT environments rather than specifically IoMT/healthcare IoT contexts, failing to meet IC1.","IC2, IC3",EC1,,,,,,,Excluded
R0714,SpringerLink,2026-07-06,False,Unveiling intrusions: explainable SVM approaches for addressing encrypted Wi-Fi traffic in UAV networks,Sengul Bayrak,2024,Knowledge and Information Systems,10.1007/s10115-024-02181-9,https://link.springer.com/article/10.1007/s10115-024-02181-9,Article,Yes,Unique,Passed,,OpenAlex,Rejected,"The paper focuses on UAV networks rather than IoMT/healthcare environments, failing to meet IC1.",,EC1,,,,,,,Excluded
R0715,SpringerLink,2026-07-06,False,Digital Twins in&#xa0;Internet of&#xa0;Medical Things,Md Rafiul KabirSandip Ray,2026,Digital Twins for Distributed IoT Applications,10.1007/978-3-032-18938-7_4,https://link.springer.com/chapter/10.1007/978-3-032-18938-7_4,Chapter,Yes,Unique,Passed,,Springer,Rejected,"The paper is a systematic review of digital twin technology in healthcare IoT, focusing on virtual patient replicas and personalized medicine rather than intrusion or anomaly detection systems.",IC1,EC2,,,,,,,Excluded
R0716,SpringerLink,2026-07-06,False,Hybrid quantum enhanced federated learning for cyber attack detection,G. SubramanianM. Chinnadurai,2024,Scientific Reports,10.1038/s41598-024-83682-z,https://link.springer.com/article/10.1038/s41598-024-83682-z,Article,Yes,Unique,Passed,,OpenAlex,Rejected,"The paper addresses general cyber-attack detection using UNSW-NB15 dataset without any mention of IoMT, healthcare IoT, or medical device networks.",IC2,EC1,,,,,,,Excluded
R0718,SpringerLink,2026-07-06,False,Network Traffic Classification Using Hybrid Unsupervised Learning,Akanksha KumariMahendra Kumar Murmu,2026,Proceedings of Sixth International Conference on Advances in Computer Engineering and Communication Systems,10.1007/978-3-032-22118-6_32,https://link.springer.com/chapter/10.1007/978-3-032-22118-6_32,Conference paper,Yes,Unique,Passed,,Springer,Rejected,"Paper addresses generic network traffic classification without any IoMT/healthcare domain context, and does not propose an intrusion detection system combining unsupervised anomaly detection with supervised classification.",,EC1,,,,,,,Excluded
R0719,SpringerLink,2026-07-06,False,An optimized incremental learning strategy for efficient intrusion detection,Arun KAji SMahendra Data,2025,Peer-to-Peer Networking and Applications,10.1007/s12083-025-02153-y,https://link.springer.com/article/10.1007/s12083-025-02153-y,Article,Yes,Unique,Passed,,Springer,Rejected,No evidence of IoMT or healthcare domain focus; appears to be a generic IDS for network intrusion detection without medical IoT context.,IC2,EC1,,,,,,,Excluded
R0720,SpringerLink,2026-07-06,False,Quantum-aware secure blockchain intrusion detection system for industrial IoT networks,Nasir HussainShuaiyong LiAltaf HussainZahid UllahMona Jamjoom,2025,Scientific Reports,10.1038/s41598-025-31985-0,https://link.springer.com/article/10.1038/s41598-025-31985-0,Article,Yes,Unique,Passed,,OpenAlex,Rejected,"The paper focuses on Industrial IoT (IIoT) in manufacturing, energy, oil and gas, and transportation sectors, not IoMT/healthcare environments.","IC2, IC3",EC1,,,,,,,Excluded
R0722,SpringerLink,2026-07-06,False,BERT-spaCy hybrid NLP and blockchain-enhanced adaptive CTI for IOC extraction and threat prediction,Shailendra MishraRuba Ahmed AlfahidahFayez Alharbi,2026,Scientific Reports,10.1038/s41598-025-34505-2,https://link.springer.com/article/10.1038/s41598-025-34505-2,Article,Yes,Unique,Passed,,OpenAlex,Rejected,"The paper focuses on cyber threat intelligence and IOC extraction from unstructured text data using NLP, not intrusion detection in IoMT/healthcare networks.",,EC1,,,,,,,Excluded
R0724,SpringerLink,2026-07-06,False,Optimizing Intrusion Detection Systems: A Machine Learning-Based Feature Selection Approach for Enhanced Cybersecurity,Essarghi Hiba AllahDarouichi Aziz,2026,Reliability in Cyber-Physical Systems: The Human Factor Perspective,10.1007/978-3-032-09917-4_10,https://link.springer.com/chapter/10.1007/978-3-032-09917-4_10,Chapter,Yes,Unique,Passed,,Springer,Rejected,"The paper focuses on general network intrusion detection using the UNSW-NB15 dataset without any mention of IoMT, healthcare IoT, or medical device networks, and uses only supervised classification methods without unsupervised anomaly detection.",IC2,EC1,,,,,,,Excluded
R0725,SpringerLink,2026-07-06,False,Blockchain-Enabled Privacy-Preserving Framework for Secure Electronic Health Records Sharing and Diagnosis in Internet of Medical Things,S. A. MeghaJ. RanjithB. V. AbhinandK. M. VeereshV. Kiran Kumar,2026,SN Computer Science,10.1007/s42979-026-04727-w,https://link.springer.com/article/10.1007/s42979-026-04727-w,Article,Yes,Unique,Passed,,Springer,Rejected,"The paper focuses on blockchain-based secure EHR storage and sharing with disease classification, but does not propose an intrusion detection or anomaly detection system for IoMT networks.",IC1,EC2,,,,,,,Excluded
R0726,SpringerLink,2026-07-06,False,"AI-Driven Intrusion Detection Systems: Algorithms, Key Applications, Efficacy, Opportunities and Ethical Implications",Melusi MoyoBelinda NdlovuMusawenkosi MoyoThembelihle Siwela,2026,"Advances in Micro-Electronics, Embedded Systems and IoT",10.1007/978-3-032-20533-9_4,https://link.springer.com/chapter/10.1007/978-3-032-20533-9_4,Conference paper,Yes,Unique,Passed,,Springer,Rejected,"This is a systematic review paper covering AI-IDS across multiple domains including IoT, but does not propose or evaluate a specific hybrid IDS system for IoMT.",,EC2,,,,,,,Excluded
R0727,SpringerLink,2026-07-06,False,Gated Recurrent Unit-Based Detection Framework for Digital Wallet Attacks in Serverless Computing Environments,Swathi Tejah YallaIsha BatraArun Malik,2026,International Journal of Networked and Distributed Computing,10.1007/s44227-025-00084-x,https://link.springer.com/article/10.1007/s44227-025-00084-x,Article,Yes,Unique,Passed,,OpenAlex,Rejected,"Paper focuses on digital wallet attacks in serverless/cloud computing environments, not IoMT or healthcare systems.",,EC1,,,,,,,Excluded
R0728,SpringerLink,2026-07-06,False,Optimizer Influenced Deep Neural Network for IoT Healthcare Security,Pooja Puspita PriyadarshaniJanmenjoy NayakPandit Byomakesha Dash,2026,SN Computer Science,10.1007/s42979-025-04657-z,https://link.springer.com/article/10.1007/s42979-025-04657-z,Article,Yes,Unique,Passed,,Springer,Rejected,"The paper proposes a purely supervised Deep Neural Network trained with various optimizers, without any unsupervised anomaly detection component in a hybrid architecture.","IC1, IC2",EC3,,,,,,,Excluded
R0729,SpringerLink,2026-07-06,False,Deep learning with leagues championship algorithm based intrusion detection on cybersecurity driven industrial IoT systems,Saud S. AlotaibiTurki Ali Alghamdi,2025,Scientific Reports,10.1038/s41598-025-15464-0,https://link.springer.com/article/10.1038/s41598-025-15464-0,Article,Yes,Unique,Passed,,OpenAlex,Rejected,"The paper focuses on Industrial IoT (IIoT) systems rather than IoMT/healthcare IoT environments, failing to meet IC1.",IC2,EC1,,,,,,,Excluded
R0730,SpringerLink,2026-07-06,False,Balancing the trilemma: a survey of federated anomaly detection for secure cyber-physical systems,Andrea PintoYezid DonosoJairo A. Gutierrez,2026,Cybersecurity,10.1186/s42400-026-00567-6,https://link.springer.com/article/10.1186/s42400-026-00567-6,Article,Yes,Unique,Passed,,OpenAlex,Rejected,The paper surveys federated learning for CPS anomaly detection broadly but does not specifically focus on IoMT/healthcare domains (EC1) and does not address hybrid unsupervised-supervised detection architectures (EC3).,,EC1,,,,,,,Excluded
R0731,SpringerLink,2026-07-06,False,PSO-ACO-based bi-phase lightweight intrusion detection system combined with GA optimized ensemble classifiers,Arpita SrivastavaDitipriya Sinha,2024,Cluster Computing,10.1007/s10586-024-04673-3,https://link.springer.com/article/10.1007/s10586-024-04673-3,Article,Yes,Unique,Passed,,Springer,Rejected,"The paper addresses generic intrusion detection using NSL-KDD, UNSW-NB15, and CSE-CIC-IDS2018 datasets without any IoMT or healthcare domain context, and uses only supervised ensemble classifiers without unsupervised anomaly detection components.",,EC1,,,,,,,Excluded
R0732,SpringerLink,2026-07-06,False,A novel hybrid graph neural network and transformer model for intrusion detection,Rong XieDie Liu,2026,Peer-to-Peer Networking and Applications,10.1007/s12083-025-02171-w,https://link.springer.com/article/10.1007/s12083-025-02171-w,Article,Yes,Unique,Passed,,Springer,Rejected,The paper addresses generic IoT and industrial control networks but does not specifically focus on IoMT/healthcare domain environments.,IC2,EC1,,,,,,,Excluded
R0733,SpringerLink,2026-07-06,False,A blockchain-driven intrusion detection model for secure communication in IoT-WSN mesh architectures,G. ElumalaiJ. Arun KumarP. SivakumarV. V. Teresa,2026,Peer-to-Peer Networking and Applications,10.1007/s12083-026-02195-w,https://link.springer.com/article/10.1007/s12083-026-02195-w,Article,Yes,Unique,Passed,,OpenAlex,Rejected,"The paper addresses IoT-WSN (wireless sensor networks) rather than IoMT/healthcare environments, and uses only unsupervised anomaly detection (Autoencoder-GRU) without a subsequent supervised classification stage.",IC2,EC1,,,,,,,Excluded
R0735,SpringerLink,2026-07-06,False,EdgeGuardIA: an adaptive in-network machine learning framework for real-time IoT gateway security,Katukojwala Praveen KumarT. Senthil MuruganRamojjala Saketh,2025,International Journal of Information Technology,10.1007/s41870-025-02838-w,https://link.springer.com/article/10.1007/s41870-025-02838-w,Article,Yes,Unique,Passed,,Springer,Rejected,"The paper addresses generic IoT gateway security without specific focus on IoMT/healthcare domain, and does not describe a hybrid architecture combining unsupervised anomaly detection with supervised classification.",IC2,EC1,,,,,,,Excluded
R0737,SpringerLink,2026-07-06,False,SRF2T-ID: an implementation of ensemble learning-based IDS with wireless of things secure communication for smart residency environment,Prokash BarmanRatul ChowdhuryTamal ChakrabortyArpan GoswamiSayak GhoshBanani Saha,2025,Neural Computing and Applications,10.1007/s00521-025-11154-0,https://link.springer.com/article/10.1007/s00521-025-11154-0,Article,Yes,Unique,Passed,,Springer,Rejected,"The paper focuses on smart residency/home IoT environments rather than IoMT/healthcare domain, failing IC1.",IC2,EC1,,,,,,,Excluded
R0739,SpringerLink,2026-07-06,False,Toward using cyber threat intelligence with machine and deep learning for IoT security: a comprehensive study,Milton LimaCarlos VianaWellison R. M. SantosFlávio NevesJoão R. CamposFernando Aires,2025,The Journal of Supercomputing,10.1007/s11227-025-07850-2,https://link.springer.com/article/10.1007/s11227-025-07850-2,Article,Yes,Unique,Passed,,Springer,Rejected,The paper is a comprehensive study/survey on CTI and ML for general IoT security without proposing or evaluating a specific hybrid IDS architecture combining unsupervised and supervised methods.,IC2,EC1,,,,,,,Excluded
R0740,SpringerLink,2026-07-06,False,A real-time intelligent intrusion detection framework for robotic system cybersecurity,Narinder VermaNeerendra KumarKhalid K. AlmuzainiAnurag SinhaSyed Abid Hussain,2025,Peer-to-Peer Networking and Applications,10.1007/s12083-025-02175-6,https://link.springer.com/article/10.1007/s12083-025-02175-6,Article,Yes,Unique,Passed,,Springer,Rejected,"The paper focuses on robotic systems and IoT-based robotics rather than IoMT/healthcare IoT environments, and does not describe a hybrid architecture combining unsupervised anomaly detection with supervised classification.",,EC1,,,,,,,Excluded
R0741,SpringerLink,2026-07-06,False,"Deep learning applications in the Internet of Things: a review, tools, and future directions",Parisa RaoufiAtefeh HemmatiAmir Masoud Rahmani,2024,Evolutionary Intelligence,10.1007/s12065-024-00949-0,https://link.springer.com/article/10.1007/s12065-024-00949-0,Article,Yes,Unique,Passed,,Springer,Rejected,This is a general review of deep learning applications in IoT that does not focus on IoMT/healthcare domain or specifically on intrusion detection systems.,,EC1,,,,,,,Excluded
R0742,SpringerLink,2026-07-06,False,A comparative analysis of using ensemble trees for botnet detection and classification in IoT,Mohamed SaiedShawkat GuirguisMagda Madbouly,2023,Scientific Reports,10.1038/s41598-023-48681-6,https://link.springer.com/article/10.1038/s41598-023-48681-6,Article,Yes,Unique,Passed,,OpenAlex,Rejected,"The paper focuses on generic IoT botnet detection without specific mention of medical/healthcare IoT domains, and uses only supervised ensemble tree methods without an unsupervised anomaly detection component.",IC2,EC1,,,,,,,Excluded
R0743,SpringerLink,2026-07-06,False,EPAD: empowering privacy-preserving anomaly detection through homomorphic encryption and machine learning,Fatma HendaouiLamia TrabelsiAhlem FerchichiRahma MeddebRawia Ahmed,2025,Cluster Computing,10.1007/s10586-025-05310-3,https://link.springer.com/article/10.1007/s10586-025-05310-3,Article,Yes,Unique,Passed,,Springer,Rejected,"The paper addresses generic IoT environments but does not specifically focus on IoMT, medical IoT, or healthcare networks (EC1).",,EC1,,,,,,,Excluded
R0744,SpringerLink,2026-07-06,False,Secure edge-based IoMT framework for ICU monitoring with TinyML and post-quantum cryptography,Umar Hayat KhanAffaq QamarRahim KhanFahad AlturiseAbdul Rahman AlshaabaniSalem Alkhalaf,2025,Scientific Reports,10.1038/s41598-025-20017-6,https://link.springer.com/article/10.1038/s41598-025-20017-6,Article,Yes,Unique,Passed,,OpenAlex,Rejected,The system uses only a supervised decision tree classifier for anomaly detection without any unsupervised anomaly detection component in a hybrid architecture.,"IC1, IC2",EC3,,,,,,,Excluded
R0746,SpringerLink,2026-07-06,False,Optimization-based machine learning for authenticated cloud security using anomaly detection and classification,R. UsharaniE. NirmalaN. Arockia  RosyP. Jagadeesan,2026,International Journal of Machine Learning and Cybernetics,10.1007/s13042-025-02956-8,https://link.springer.com/article/10.1007/s13042-025-02956-8,Article,Yes,Unique,Passed,,Springer,Rejected,"The paper focuses on cloud computing security with no mention of IoMT, medical IoT, or healthcare environments.",,EC1,,,,,,,Excluded
R0747,SpringerLink,2026-07-06,False,IoMT landscape: navigating current challenges and pioneering future research trends,Badraddin AlturkiQasem Abu Al-HaijaRayan A. AlsemmeariAbdulaziz A. AlsulamiAli AlqahtaniBandar M. AlghamdiSheikh Tahir BakhshRiaz Ahmed Shaikh,2024,Discover Applied Sciences,10.1007/s42452-024-06351-w,https://link.springer.com/article/10.1007/s42452-024-06351-w,Article,Yes,Unique,Passed,,OpenAlex,Rejected,This is a general survey paper on IoMT technology covering various aspects but does not propose or evaluate any intrusion detection system.,IC1,EC2,,,,,,,Excluded
R0748,SpringerLink,2026-07-06,False,Secure IoTNet: a graph-residual adversarial network integrated with Hawk-Bee optimizer for intrusion detection in IoT wireless networks,D. Ramesh ReddyS. RamaniD. MohanLatha SahukarT. Ramaswamy,2025,International Journal of Data Science and Analytics,10.1007/s41060-025-00789-w,https://link.springer.com/article/10.1007/s41060-025-00789-w,Article,Yes,Unique,Passed,,Springer,Rejected,"The paper addresses generic IoT wireless networks without specific focus on IoMT/healthcare domain (EC1), and employs a purely supervised deep learning approach (GRANet) without an unsupervised anomaly detection stage in a hybrid architecture (EC3).",IC2,EC1,,,,,,,Excluded
R0749,SpringerLink,2026-07-06,False,Anomaly detection framework for IoT-enabled appliances using machine learning,Mohd Ahsan SiddiquiC. Rama KrishnaMala Kalra,2024,Cluster Computing,10.1007/s10586-024-04461-z,https://link.springer.com/article/10.1007/s10586-024-04461-z,Article,Yes,Unique,Passed,,Springer,Rejected,The paper addresses generic IoT appliances in industrial settings without specific focus on IoMT/healthcare domain.,,EC1,,,,,,,Excluded
R0750,SpringerLink,2026-07-06,False,An intelligent hybrid approach combining fuzzy C-means and the sperm whale algorithm for cyber attack detection in IoT networks,E. I. ElsedimySara M. M. AboHashish,2025,Scientific Reports,10.1038/s41598-024-79230-4,https://link.springer.com/article/10.1038/s41598-024-79230-4,Article,Yes,Unique,Passed,,OpenAlex,Rejected,"The paper focuses on general IoT and smart city networks rather than IoMT/healthcare domain, and uses fuzzy C-means clustering without a clear supervised classification component.",IC2,EC1,,,,,,,Excluded
R0751,SpringerLink,2026-07-06,False,Enhancing network security: an intrusion detection system using residual network-based convolutional neural network,Saima FarhanJovaria MubashirYasin Ul HaqTariq MahmoodAmjad Rehman,2025,Cluster Computing,10.1007/s10586-025-05156-9,https://link.springer.com/article/10.1007/s10586-025-05156-9,Article,Yes,Unique,Passed,,Springer,Rejected,The paper proposes a purely supervised deep learning IDS (ResNet-CNN) evaluated on NSL-KDD dataset without IoMT domain focus or hybrid unsupervised-supervised architecture.,IC2,EC1,,,,,,,Excluded
R0752,SpringerLink,2026-07-06,False,Deep reinforcement learning-based intrusion detection scheme for software-defined networking,R. KanimozhiP. S. Ramesh,2025,Scientific Reports,10.1038/s41598-025-24869-w,https://link.springer.com/article/10.1038/s41598-025-24869-w,Article,Yes,Unique,Passed,,OpenAlex,Rejected,"The paper focuses on SDN (Software-Defined Networking) security without any mention of IoMT, healthcare IoT, or medical device networks.",IC2,EC1,,,,,,,Excluded
R0754,SpringerLink,2026-07-06,False,Advances in IoT networks using privacy-preserving techniques with optimized multi-head self-attention model for intelligent threat detection based on plant rhizome growth optimization,Mimouna Abdullah AlkhonainiSara Abdelwahab GhorashiGhalib H. AlshammriSaied AlshahraniShouki A. EbadSami Saad AlbouqFahad AlzahraniMenwa Alshammeri,2025,Scientific Reports,10.1038/s41598-025-16052-y,https://link.springer.com/article/10.1038/s41598-025-16052-y,Article,Yes,Unique,Passed,,OpenAlex,Rejected,"The paper addresses generic IoT environments (Edge-IIoT, ToN-IoT datasets) rather than specifically IoMT/healthcare IoT domains, and does not describe a hybrid unsupervised-supervised cascade architecture.",IC2,EC1,,,,,,,Excluded
R0755,SpringerLink,2026-07-06,False,Enhancing anomaly detection in WBANs using hybrid deep learning and optimization algorithms,T. ThamaraimanalanS. Ramalingam,2025,Neural Computing and Applications,10.1007/s00521-025-11061-4,https://link.springer.com/article/10.1007/s00521-025-11061-4,Article,Yes,Unique,Passed,,Springer,Rejected,The paper uses only supervised deep learning (DCNN-GOA) for anomaly detection without an unsupervised anomaly detection component in a hybrid architecture.,"IC1, IC2",EC3,,,,,,,Excluded
R0756,SpringerLink,2026-07-06,False,CPAC-Net: deep learning approach for cyber-physical attack classification in secure water treatment data,Chelli NithishT. RajeshD. BhagyalaxmiRendla AravindGillala AnshumanP. Rithin Yadav,2025,Journal of Umm Al-Qura University for Engineering and Architecture,10.1007/s43995-025-00171-8,https://link.springer.com/article/10.1007/s43995-025-00171-8,Article,Yes,Unique,Passed,,SemanticScholar,Rejected,"The paper addresses water treatment CPS/IoT security, not IoMT/healthcare domain, violating EC1.",IC2,EC1,,,,,,,Excluded
R0757,SpringerLink,2026-07-06,False,Energy-efficient deep learning-based intrusion detection system for edge computing: a novel DNN-KDQ model,Hafiz Gulfam Ahmad UmarIqra YasmeenMuhammad AounTehseen MazharMuhammad Amir KhanInes Hilali JaghdamHabib Hamam,2025,Journal of Cloud Computing,10.1186/s13677-025-00762-9,https://link.springer.com/article/10.1186/s13677-025-00762-9,Article,Yes,Unique,Passed,,OpenAlex,Rejected,"The paper focuses on generic IoT/edge computing environments using CICIDS2017 dataset without addressing IoMT or healthcare-specific contexts, and employs only supervised deep learning without an unsupervised anomaly detection component.",,EC1,,,,,,,Excluded
R0758,SpringerLink,2026-07-06,False,Energy-efficient clustering and routing for IoT-enabled healthcare using adaptive fuzzy logic and hybrid optimization,Rachit ManchandaSandip PanchalRajendar SandiriGadug SudhamsuAnkush MehtaRupesh GuptaAbhijit BhowmikBethelehem Burju Bukate,2025,Scientific Reports,10.1038/s41598-025-18243-z,https://link.springer.com/article/10.1038/s41598-025-18243-z,Article,Yes,Unique,Passed,,OpenAlex,Rejected,The paper focuses on energy-efficient clustering and routing optimization for IoT healthcare networks but does not address intrusion detection or anomaly detection systems.,IC1,EC2,,,,,,,Excluded
R0759,SpringerLink,2026-07-06,False,SBFL-GAN: secure blockchain empowered federated learning and GAN model for providing preserving of IoMT,Alyaa A. HamzaHesham A. SakrAbdelgwad Elashry,2026,Neural Computing and Applications,10.1007/s00521-025-11758-6,https://link.springer.com/article/10.1007/s00521-025-11758-6,Article,Yes,Unique,Passed,,Springer,Rejected,The paper focuses on privacy-preserving federated learning using blockchain and GANs for IoMT but does not propose an intrusion detection or anomaly detection system.,IC1,EC2,,,,,,,Excluded
R0760,SpringerLink,2026-07-06,False,A novel metaheuristic-enhanced quantum-classical neural network for attack detection in agriculture IoT systems,Muhammed Furkan GülHalit Bakır,2026,The Journal of Supercomputing,10.1007/s11227-025-08118-5,https://link.springer.com/article/10.1007/s11227-025-08118-5,Article,Yes,Unique,Passed,,Springer,Rejected,"The paper focuses on Agricultural IoT (AG-IoT) environments rather than IoMT/healthcare IoT, failing to meet IC1.",IC2,EC1,,,,,,,Excluded
R0761,SpringerLink,2026-07-06,False,Lightweight signcryption scheme for Securing wearable sensor observed health data sharing in internet of medical things paradigm,Taher M. GhazalMohammad Kamrul HasanSallam O. F. KhairyUmi Asma MokhtarShayla IslamRashid A. SaeedNada AhmedMustafa Abdullah,2025,Scientific Reports,10.1038/s41598-025-24687-0,https://link.springer.com/article/10.1038/s41598-025-24687-0,Article,Yes,Unique,Passed,,OpenAlex,Rejected,The paper focuses on cryptographic security (signcryption) for IoMT data transmission rather than intrusion or anomaly detection systems.,IC1,EC2,,,,,,,Excluded
R0762,SpringerLink,2026-07-06,False,A voting-based trustworthy distributed IoT attack detection model,Priya SharmaSanjay Kumar SharmaDiksha Dani,2024,Personal and Ubiquitous Computing,10.1007/s00779-024-01836-2,https://link.springer.com/article/10.1007/s00779-024-01836-2,Article,Yes,Unique,Passed,,Springer,Rejected,"The paper addresses generic IoT environments rather than specifically IoMT/healthcare domains, and uses only supervised ensemble methods (Ada-boost and Gradient-boost) without an unsupervised anomaly detection component.",IC2,EC1,,,,,,,Excluded
R0763,SpringerLink,2026-07-06,False,A Systematic Review of Machine Learning for Situation Awareness,Giuseppe D’AnielloMatteo GaetaZia Ur RehmanMario Vento,2026,Cognitive Computation,10.1007/s12559-026-10611-9,https://link.springer.com/article/10.1007/s12559-026-10611-9,Article,Yes,Unique,Passed,,OpenAlex,Rejected,"This is a systematic review about machine learning for situation awareness across multiple domains (healthcare, cybersecurity, autonomous systems) without specific focus on IoMT intrusion detection systems.",,EC2,,,,,,,Excluded
R0764,SpringerLink,2026-07-06,False,Energy-aware detection of threat information propagation speed in social network of things using XGBoost and sequential pattern mining,Romil RawatHitesh RawatAnjali Rawat,2025,Discover Computing,10.1007/s10791-025-09741-9,https://link.springer.com/article/10.1007/s10791-025-09741-9,Article,Yes,Unique,Passed,,OpenAlex,Rejected,"The paper focuses on Social Network of Things (SNoT) rather than IoMT/healthcare IoT, and uses only supervised XGBoost classification without an unsupervised anomaly detection component in the architecture.",,EC1,,,,,,,Excluded
R0765,SpringerLink,2026-07-06,False,CyberDefender: an integrated intelligent defense framework for digital-twin-based industrial cyber-physical systems,S. KrishnaveniThomas M. ChenMithileysh SathiyanarayananB. Amutha,2024,Cluster Computing,10.1007/s10586-024-04320-x,https://link.springer.com/article/10.1007/s10586-024-04320-x,Article,Yes,Unique,Passed,,Springer,Rejected,"The paper focuses on industrial cyber-physical systems (ICPS) with digital twins, not IoMT/healthcare environments, triggering exclusion criterion EC1.",,EC1,,,,,,,Excluded
R0766,SpringerLink,2026-07-06,False,SHMADF: A Secure and Intelligent Framework for IoT-Enabled Healthcare Monitoring and Attack Detection,Renuka SagarN. V. Sanjay KumarAnitha S. SastryNanditha KrishnaReshma S,2025,Annals of Data Science,10.1007/s40745-025-00660-6,https://link.springer.com/article/10.1007/s40745-025-00660-6,Article,Yes,Unique,Passed,,Springer,Rejected,The paper uses a purely supervised hybrid deep learning model (ConvGRU-Net) without incorporating an unsupervised anomaly detection stage in the architecture.,"IC1, IC2",EC3,,,,,,,Excluded
R0767,SpringerLink,2026-07-06,False,Decentralized Anomaly Detection in Electric Vehicle Supply Equipment via Federated Learning and Blockchain Integration,Malika AbidMohammed Kamel BenkaddourMohamed BenouisAbdelhammid Bouazza,2026,Computing,10.1007/s00607-026-01632-1,https://link.springer.com/article/10.1007/s00607-026-01632-1,Article,Yes,Unique,Passed,,Springer,Rejected,"The paper focuses on electric vehicle supply equipment (EVSE) charging infrastructure security, not IoMT/healthcare IoT environments.",,EC1,,,,,,,Excluded
R0768,SpringerLink,2026-07-06,False,Leveraging stacking machine learning models and optimization for improved cyberattack detection,Neha PramanickJimson MathewShitharth SelvarajanMayank Agarwal,2025,Scientific Reports,10.1038/s41598-025-01052-9,https://link.springer.com/article/10.1038/s41598-025-01052-9,Article,Yes,Unique,Passed,,OpenAlex,Rejected,"The paper addresses generic network intrusion detection using NSL-KDD and UNSW-NB15 datasets without any mention of IoMT, healthcare IoT, or medical network environments.",IC2,EC1,,,,,,,Excluded
R0769,SpringerLink,2026-07-06,False,"A Study of security framework for lot devices: challenges, strategies and applications",Roshani ParmarNagendra Gajjar,2026,Service Oriented Computing and Applications,10.1007/s11761-026-00490-1,https://link.springer.com/article/10.1007/s11761-026-00490-1,Article,Yes,Unique,Passed,,Springer,Rejected,This is a broad survey of IoT security frameworks without proposing or evaluating a specific intrusion detection system combining unsupervised and supervised methods.,,EC2,,,,,,,Excluded
R0770,SpringerLink,2026-07-06,False,Enhanced Grey Wolf Optimization (EGWO) and random forest based mechanism for intrusion detection in IoT networks,Saad Said AlqahtanyAsadullah ShaikhAli Alqazzaz,2025,Scientific Reports,10.1038/s41598-024-81147-x,https://link.springer.com/article/10.1038/s41598-024-81147-x,Article,Yes,Unique,Passed,,OpenAlex,Rejected,"The paper addresses generic IoT networks rather than IoMT/healthcare-specific environments, and uses only supervised Random Forest classification without any unsupervised anomaly detection component.",IC2,EC1,,,,,,,Excluded
R0774,SpringerLink,2026-07-06,False,SmartTrust: a hybrid deep learning framework for real-time threat detection in cloud environments using Zero-Trust Architecture,Umesh Kumar LilhoreSarita SimaiyaRoobaea AlroobaeaAbdullah M. BaqasahMajed AlsafyaniAfnan AlhazmiMd Monish Khan,2025,Journal of Cloud Computing,10.1186/s13677-025-00764-7,https://link.springer.com/article/10.1186/s13677-025-00764-7,Article,Yes,Unique,Passed,,OpenAlex,Rejected,"The paper focuses on cloud computing security without addressing IoMT, medical IoT, or healthcare environments, failing inclusion criterion IC1.",,EC1,,,,,,,Excluded
R0775,SpringerLink,2026-07-06,False,Secure and efficient internet of medical things framework for lung cancer diagnosis using transfer learning,R. UsharaniN. KanimozhiK. Manoz Kumar ReddyAshutosh SinghM. KarpagamS. SarumathiKrishna Kant Pandey,2026,Discover Computing,10.1007/s10791-026-10233-7,https://link.springer.com/article/10.1007/s10791-026-10233-7,Article,Yes,Unique,Passed,,OpenAlex,Rejected,"The paper focuses on lung cancer diagnosis using medical imaging and deep learning within an IoMT framework, but does not propose or evaluate an intrusion detection or anomaly detection system.",IC1,EC2,,,,,,,Excluded
R0777,SpringerLink,2026-07-06,False,Secure Cloud Assisted Fog Computing Framework for IoT Applications Using Ensemble Learning,Mohammad AknanMaheshwari Prasad SinghRajeev Arya,2025,SN Computer Science,10.1007/s42979-025-04257-x,https://link.springer.com/article/10.1007/s42979-025-04257-x,Article,Yes,Unique,Passed,,Springer,Rejected,"The paper addresses generic IoT fog computing environments without specific focus on IoMT or healthcare domains, violating IC1.",IC2,EC1,,,,,,,Excluded
R0778,SpringerLink,2026-07-06,False,SCADA intrusion detection using deep factorization machines,Mohammed ZakariahSyed Umar AminFatma S. AlrayesMaha HelalZafar Iqbal Khan,2025,Scientific Reports,10.1038/s41598-025-20625-2,https://link.springer.com/article/10.1038/s41598-025-20625-2,Article,Yes,Unique,Passed,,OpenAlex,Rejected,"The paper focuses on SCADA/IIoT systems rather than IoMT/healthcare environments, failing to meet IC1.",,EC1,,,,,,,Excluded
R0781,SpringerLink,2026-07-06,False,"Unlocking the black box: an in-depth review on interpretability, explainability, and reliability in deep learning",Emrullah ŞAHiNNaciye Nur ArslanDurmuş Özdemir,2024,Neural Computing and Applications,10.1007/s00521-024-10437-2,https://link.springer.com/article/10.1007/s00521-024-10437-2,Article,Yes,Unique,Passed,,Springer,Rejected,"This is a general review on explainability and interpretability in deep learning without addressing IoMT, healthcare IoT, or intrusion detection systems.",,EC1,,,,,,,Excluded
R0782,SpringerLink,2026-07-06,False,"A comprehensive survey on securing the social internet of things: protocols, threat mitigation, technological integrations, tools, and performance metrics",Deepa Ashok PatilShyamala G.,2025,Scientific Reports,10.1038/s41598-025-23865-4,https://link.springer.com/article/10.1038/s41598-025-23865-4,Article,Yes,Unique,Passed,,OpenAlex,Rejected,"Paper focuses on Social Internet of Things (SIoT) security broadly, not specifically on IoMT/healthcare environments, and does not propose a specific hybrid IDS architecture.",,EC1,,,,,,,Excluded
R0783,SpringerLink,2026-07-06,False,IoT-AI Fusion in Smart Buildings: A Review of Efficient Energy Management Approaches and Open Research Challenges,Simarjit KaurAashima Sharma,2026,SN Computer Science,10.1007/s42979-026-05012-6,https://link.springer.com/article/10.1007/s42979-026-05012-6,Article,Yes,Unique,Passed,,Springer,Rejected,The paper focuses on energy management and prediction in smart buildings rather than intrusion or anomaly detection for IoMT/healthcare environments.,,EC2,,,,,,,Excluded
R0784,SpringerLink,2026-07-06,False,A multi-level intrusion detection system for industrial IoT using bowerbird courtship-inspired feature selection and hybrid data balancing,S Kumar Reddy MallidiRajeswara Rao Ramisetty,2025,Discover Computing,10.1007/s10791-025-09632-z,https://link.springer.com/article/10.1007/s10791-025-09632-z,Article,Yes,Unique,Passed,,OpenAlex,Rejected,"The paper focuses on Industrial IoT (IIoT) environments rather than IoMT/healthcare IoT, triggering the domain exclusion criterion.",IC2,EC1,,,,,,,Excluded
R0785,SpringerLink,2026-07-06,False,Safeguarding federated learning models in intelligent internet of medical things against data poisoning attacks,Sanjoy MondalTaniya GhoshShreya Suman Patra,2025,Discover Internet of Things,10.1007/s43926-025-00244-z,https://link.springer.com/article/10.1007/s43926-025-00244-z,Article,Yes,Unique,Passed,,OpenAlex,Rejected,"The paper focuses on federated learning security against data poisoning attacks, not intrusion/anomaly detection in IoMT networks.",IC1,EC2,,,,,,,Excluded
R0786,SpringerLink,2026-07-06,False,Graph-based federated learning approach for intrusion detection in IoT networks,Fouad Al TfailyZakariya GhalmaneMohamed el Amine BrahmiaHussein HazimehAli JaberMourad Zghal,2025,Scientific Reports,10.1038/s41598-025-25175-1,https://link.springer.com/article/10.1038/s41598-025-25175-1,Article,Yes,Unique,Passed,,OpenAlex,Rejected,"The paper focuses on general IoT networks rather than specifically IoMT/healthcare IoT environments, and employs purely supervised graph neural network architectures without incorporating unsupervised anomaly detection components.",IC2,EC1,,,,,,,Excluded
R0788,SpringerLink,2026-07-06,False,Artificial intelligence and machine learning in cybersecurity: a deep dive into state-of-the-art techniques and future paradigms,Nachaat Mohamed,2025,Knowledge and Information Systems,10.1007/s10115-025-02429-y,https://link.springer.com/article/10.1007/s10115-025-02429-y,Article,Yes,Unique,Passed,,OpenAlex,Rejected,The paper is a broad review of AI/ML in general cybersecurity without specific focus on IoMT/healthcare domain or hybrid detection architectures.,,EC1,,,,,,,Excluded
R0789,SpringerLink,2026-07-06,False,Advancements in training and deployment strategies for AI-based intrusion detection systems in IoT: a systematic literature review,S. Kumar Reddy MallidiRajeswara Rao Ramisetty,2025,Discover Internet of Things,10.1007/s43926-025-00099-4,https://link.springer.com/article/10.1007/s43926-025-00099-4,Article,Yes,Unique,Passed,,OpenAlex,Rejected,"The paper is a systematic literature review of AI-based IDS in general IoT environments without specific focus on IoMT/healthcare domain, and does not propose or evaluate a specific hybrid architecture combining unsupervised anomaly detection with supervised classification.",IC2,EC1,,,,,,,Excluded
R0790,SpringerLink,2026-07-06,False,Adaptive weighted kernel support vector machine-based circle search approach for intrusion detection in IoT environments,C. GeethaShiny Duela JohnsonA. Sheryl OliverD. Lekha,2024,"Signal, Image and Video Processing",10.1007/s11760-024-03088-2,https://link.springer.com/article/10.1007/s11760-024-03088-2,Article,Yes,Unique,Passed,,Springer,Rejected,"The paper addresses generic IoT environments rather than specifically IoMT/healthcare IoT (EC1), and uses a purely supervised kernel SVM classifier without an unsupervised anomaly detection component in a hybrid architecture (EC3).",IC2,EC1,,,,,,,Excluded
R0792,SpringerLink,2026-07-06,False,EnLeM: ensemble learning-based model to detect phishing websites,Most Nilufa YeasminMd Abu Rumman RefatBikash Chandra SinghZulfikar AlomZeyar AungMohammad Azim,2025,EURASIP Journal on Information Security,10.1186/s13635-025-00219-1,https://link.springer.com/article/10.1186/s13635-025-00219-1,Article,Yes,Unique,Passed,,OpenAlex,Rejected,"Paper focuses on phishing website detection in general cybersecurity context without addressing IoMT, medical IoT, or healthcare network environments.",,EC1,,,,,,,Excluded
R0793,SpringerLink,2026-07-06,False,A Novel Hybrid Method Using Grey Wolf Algorithm and Genetic Algorithm for IoT Botnet DDoS Attacks Detection,Mahdieh MaazalahiSoodeh Hosseini,2025,International Journal of Computational Intelligence Systems,10.1007/s44196-025-00774-y,https://link.springer.com/article/10.1007/s44196-025-00774-y,Article,Yes,Unique,Passed,,OpenAlex,Rejected,"The paper addresses generic IoT botnet detection without specific focus on IoMT/healthcare domain (EC1), and uses only supervised classification methods (RF, Bagging) without any unsupervised anomaly detection component (EC3).",IC2,EC1,,,,,,,Excluded
R0794,SpringerLink,2026-07-06,False,"Federated learning in intrusion detection: advancements, applications, and future directions",Busra BuyuktanirŞahsene AltinkayaGozde Karatas BaydogmusKazim Yildiz,2025,Cluster Computing,10.1007/s10586-025-05325-w,https://link.springer.com/article/10.1007/s10586-025-05325-w,Article,Yes,Unique,Passed,,OpenAlex,Rejected,The paper is a survey/review on federated learning for IDS across various domains without proposing a specific hybrid architecture combining unsupervised anomaly detection with supervised classification.,,EC3,,,,,,,Excluded
R0795,SpringerLink,2026-07-06,False,CyberFedEdgeAI framework for real time cyberattack detection in heterogeneous IoT systems using federated edge intelligence,T. SwarnalathaS. L. Aruna RaoRahul SuryodaiDesidi Narsimha ReddyA. VanathiK. Sudheer Kumar,2026,Discover Computing,10.1007/s10791-026-10129-6,https://link.springer.com/article/10.1007/s10791-026-10129-6,Article,Yes,Unique,Passed,,OpenAlex,Rejected,"The paper addresses generic heterogeneous IoT systems without specific focus on IoMT/healthcare domain, and uses a purely supervised deep learning approach (CNN-BiLSTM-Attention) without an unsupervised anomaly detection component in a hybrid architecture.",IC2,EC1,,,,,,,Excluded
R0796,SpringerLink,2026-07-06,False,Quantized autoencoder (QAE) intrusion detection system for anomaly detection in resource-constrained IoT devices using RT-IoT2022 dataset,B S SharmilaRohini Nagapadma,2023,Cybersecurity,10.1186/s42400-023-00178-5,https://link.springer.com/article/10.1186/s42400-023-00178-5,Article,Yes,Unique,Passed,,OpenAlex,Rejected,"The paper focuses on generic IoT edge devices without specifically addressing IoMT/healthcare domain, and uses purely unsupervised autoencoder-based anomaly detection without a supervised classification stage.",IC2,EC1,,,,,,,Excluded
R0797,SpringerLink,2026-07-06,False,Blockchain-Assisted Transformer CNN Framework with Optimal Feature Selection for Real-Time Digital Payment Fraud Detection,Himani FnuMahamood Hussain MirzaMahatma Reddy MarriSangeeta SinghNitin KumarDominic Majak Deng AdolRania M. GhoniemRuby PantSalil Bharany,2026,International Journal of Computational Intelligence Systems,10.1007/s44196-025-01126-6,https://link.springer.com/article/10.1007/s44196-025-01126-6,Article,Yes,Unique,Passed,,OpenAlex,Rejected,"The paper focuses on digital payment fraud detection in financial systems, not IoMT/healthcare domain environments.",,EC1,,,,,,,Excluded
R0798,SpringerLink,2026-07-06,False,Beyond the Black Box: XAI Strategies for Safeguarding Critical Infrastructure,Arjun SinghSarthak KathaitAnshi KothariShantanu JoshiYutika AgarwalSaksham BadoniMohit BhattPreeti Mishra,2024,Data Protection,10.1007/978-3-031-76473-8_7,https://link.springer.com/chapter/10.1007/978-3-031-76473-8_7,Chapter,Yes,Unique,Passed,,Springer,Rejected,The paper focuses on XAI techniques for general critical infrastructure protection without specific focus on IoMT/healthcare domain or hybrid IDS architectures combining unsupervised and supervised methods.,,EC1,,,,,,,Excluded
R0799,SpringerLink,2026-07-06,False,Health monitoring by integrating explainable artificial intelligence and social internet of things,Salka RahmanShabir Ahman SofiZamrooda Jabeen,2026,Cluster Computing,10.1007/s10586-026-06128-3,https://link.springer.com/article/10.1007/s10586-026-06128-3,Article,Yes,Unique,Passed,,Springer,Rejected,The paper focuses on patient monitoring and explainable AI integration but does not address intrusion detection or anomaly detection systems.,IC1,EC2,,,,,,,Excluded
R0800,SpringerLink,2026-07-06,False,Artificial intelligence-based intrusion detection and secure communication model for sustainable 6G-IoT networks,Mohammed Assiri,2026,Scientific Reports,10.1038/s41598-026-42664-z,https://link.springer.com/article/10.1038/s41598-026-42664-z,Article,Yes,Unique,Passed,,OpenAlex,Rejected,"The paper focuses on generic 6G-IoT networks without specific mention of IoMT, medical IoT, or healthcare applications, failing to meet IC1.",IC2,EC1,,,,,,,Excluded
R0801,SpringerLink,2026-07-06,False,An ensemble learning approach for intrusion detection in IoT-based smart cities,G. IndraE. NirmalaG. NirmalaP. Gururama Senthilvel,2024,Peer-to-Peer Networking and Applications,10.1007/s12083-024-01776-x,https://link.springer.com/article/10.1007/s12083-024-01776-x,Article,Yes,Unique,Passed,,Springer,Rejected,"The paper focuses on smart cities IoT rather than IoMT/healthcare environments, failing to meet IC1.",,EC1,,,,,,,Excluded
R0803,SpringerLink,2026-07-06,False,Federated learning-guided intrusion detection and neural key exchange for safeguarding patient data on the internet of medical things,Chongzhou ZhongArindam SarkarSarbajit MannaMohammad Zubair KhanAbdulfattah NoorwaliAshish DasKoyel Chakraborty,2024,International Journal of Machine Learning and Cybernetics,10.1007/s13042-024-02269-2,https://link.springer.com/article/10.1007/s13042-024-02269-2,Article,Yes,Unique,Passed,,Springer,Rejected,The paper uses supervised classification models (XGBoost and ANN) for intrusion detection without any unsupervised anomaly detection component in a hybrid architecture.,"IC1, IC2",EC3,,,,,,,Excluded
R0806,SpringerLink,2026-07-06,False,Fortifying 5G network slices using a trust-based secure federated learning framework for attack detection and classification,Virendra Pratap SinghMahendra Pratap SinghSaumya Hegde,2025,Progress in Artificial Intelligence,10.1007/s13748-025-00415-7,https://link.springer.com/article/10.1007/s13748-025-00415-7,Article,Yes,Unique,Passed,,Springer,Rejected,"The paper focuses on 5G network slices and IIoT rather than IoMT/healthcare environments, and uses purely supervised CNN classification without an unsupervised anomaly detection component.",IC2,EC1,,,,,,,Excluded
R0808,SpringerLink,2026-07-06,False,Adaptive resource aware and privacy preserving federated edge learning framework for real time internet of medical things applications,Khalid MahmoodSonia KhanMaha AbdelhaqMahmood Ul HassanMueen UddinRaed AlsaqourKamran Ahmad AwanMuaadh A. Alsoufi,2025,Scientific Reports,10.1038/s41598-025-23398-w,https://link.springer.com/article/10.1038/s41598-025-23398-w,Article,Yes,Unique,Passed,,OpenAlex,Rejected,The paper focuses on federated edge learning for IoMT with real-time anomaly detection but does not describe a hybrid architecture combining unsupervised anomaly detection with supervised classification.,"IC1, IC2",EC4,,,,,,,Excluded
R0809,SpringerLink,2026-07-06,False,A comprehensive survey on impact of applying various technologies on the internet of medical things,Shorouk E. El-deepAmr A. AbohanyKaram M. SallamAmr A. Abd El-Mageed,2025,Artificial Intelligence Review,10.1007/s10462-024-11063-z,https://link.springer.com/article/10.1007/s10462-024-11063-z,Article,Yes,Unique,Passed,,OpenAlex,Rejected,This is a survey paper that reviews IoMT technologies broadly but does not propose or evaluate a specific intrusion detection system with hybrid architecture.,IC1,EC2,,,,,,,Excluded
R0810,SpringerLink,2026-07-06,False,Evolving security measures for IoT medical data in cloud environments,C. DhayaG. NiranjanaB. Prakash,2025,Evolving Systems,10.1007/s12530-025-09706-9,https://link.springer.com/article/10.1007/s12530-025-09706-9,Article,Yes,Unique,Passed,,Springer,Rejected,The paper proposes a purely supervised classification approach (Fuzzy Adaptive SVM) without any unsupervised anomaly detection component in the architecture.,"IC1, IC2",EC3,,,,,,,Excluded
R0811,SpringerLink,2026-07-06,False,Fog Computing Realization for&#xa0;Healthcare-Based Big Data Analytics with&#xa0;Machine Learning,Dhananjay KumarArun SharmilaNaween Kumar,2026,"Integrating Cloud, Fog, and Edge Computing in Healthcare: Federated Learning and Blockchain Approaches",10.1007/978-3-031-96265-3_10,https://link.springer.com/chapter/10.1007/978-3-031-96265-3_10,Chapter,Yes,Unique,Passed,,Springer,Rejected,"The paper focuses on general healthcare analytics using fog computing and machine learning for diagnosis and prediction, but does not address intrusion detection or anomaly detection systems.",IC1,EC2,,,,,,,Excluded
R0812,SpringerLink,2026-07-06,False,Blockchain-based privacy-preserving 6G-IoT framework using hybrid autoencoder-transformer for smart home behavior,Sumaia Mohammed AL-GhuribiMawal A. MohammedSajid AnwerSajjad Mahmood,2026,Computing,10.1007/s00607-026-01661-w,https://link.springer.com/article/10.1007/s00607-026-01661-w,Article,Yes,Unique,Passed,,Springer,Rejected,"Paper focuses on smart home IoT (6G-IoT) behavior monitoring rather than IoMT/healthcare environments, failing IC1.","IC2, IC3",EC1,,,,,,,Excluded
R0813,SpringerLink,2026-07-06,False,SCA-FLOD: a federated multi-objective learning framework for big data-driven threat detection and adaptive security policy enforcement in cloud infrastructure,Richa VermaRavindara Bhatt,2025,International Journal of Information Technology,10.1007/s41870-025-02814-4,https://link.springer.com/article/10.1007/s41870-025-02814-4,Article,Yes,Unique,Passed,,Springer,Rejected,"The paper focuses on cloud infrastructure and generic IoT rather than specifically IoMT/healthcare environments, triggering EC1.","IC2, IC3",EC1,,,,,,,Excluded
R0814,SpringerLink,2026-07-06,False,An efficient attack detection with mitigation and routing framework in IoT by deep learning and enhanced dung beetle optimizer,Ajay Dilip Kumar MarapatlaE. Ilavarasan,2026,Cluster Computing,10.1007/s10586-026-06023-x,https://link.springer.com/article/10.1007/s10586-026-06023-x,Article,Yes,Unique,Passed,,Springer,Rejected,"The paper addresses generic IoT environments with examples from various domains including healthcare, but does not specifically focus on IoMT or medical IoT networks as the primary application domain.","IC2, IC3",EC1,,,,,,,Excluded
R0815,SpringerLink,2026-07-06,False,Enhancing anomaly detection and prevention in Internet of Things (IoT) using deep neural networks and blockchain based cyber security,Sathyabama A RJeevaa Katiravan,2025,Scientific Reports,10.1038/s41598-025-04164-4,https://link.springer.com/article/10.1038/s41598-025-04164-4,Article,Yes,Unique,Passed,,OpenAlex,Rejected,"The paper addresses generic IoT environments without specific focus on IoMT/healthcare domains, and uses only supervised deep neural networks for classification without an unsupervised anomaly detection component in a hybrid architecture.",IC2,EC1,,,,,,,Excluded
R0817,SpringerLink,2026-07-06,False,Comparative analysis of deep learning and traditional methods for IoT botnet detection using a multi-model framework across diverse datasets,Saeed UllahJunsheng WuZhijun LinMian Muhammad KamalHala MostafaMuhammad SherazTeong Chee Chuah,2025,Scientific Reports,10.1038/s41598-025-16553-w,https://link.springer.com/article/10.1038/s41598-025-16553-w,Article,Yes,Unique,Passed,,OpenAlex,Rejected,"The paper addresses generic IoT botnet detection without specific focus on IoMT/healthcare environments, and uses purely supervised ensemble methods without unsupervised anomaly detection component.",IC2,EC1,,,,,,,Excluded
R0818,SpringerLink,2026-07-06,False,Cyber resilient framework with energy efficient swarm routing and ensemble threat detection in fog assisted wireless sensor networks,Anant UpadhiyayAbhishek Jain,2025,Scientific Reports,10.1038/s41598-025-21368-w,https://link.springer.com/article/10.1038/s41598-025-21368-w,Article,Yes,Unique,Passed,,OpenAlex,Rejected,"The paper addresses WSN/fog computing environments rather than IoMT/healthcare-specific networks, and the ensemble IDS uses only supervised methods (SVM, KNN, LSTM) without an unsupervised anomaly detection component.",IC2,EC1,,,,,,,Excluded
R0820,SpringerLink,2026-07-06,False,Enhancing security in iov: an ensemble learning approach for DDoS detection,Seyed Amin Hosseini SenoZahra JanfadaSomayeh SoltaniAmirhossein Mohajerzadeh,2026,Peer-to-Peer Networking and Applications,10.1007/s12083-026-02208-8,https://link.springer.com/article/10.1007/s12083-026-02208-8,Article,Yes,Unique,Passed,,OpenAlex,Rejected,"The paper focuses on Internet of Vehicles (IoV) rather than Internet of Medical Things (IoMT), failing to meet the healthcare/medical IoT domain requirement.",,EC1,,,,,,,Excluded
R0822,SpringerLink,2026-07-06,False,Distributed denial of service (DDoS) classification based on random forest model with backward elimination algorithm and grid search algorithm,Mohamed S. SawahHela ElmannaiAlaa A. El-BaryKh. LotfyOsama E. Sheta,2025,Scientific Reports,10.1038/s41598-025-03868-x,https://link.springer.com/article/10.1038/s41598-025-03868-x,Article,Yes,Unique,Passed,,OpenAlex,Rejected,"The paper focuses on DDoS detection in SDN networks without any mention of IoMT, healthcare IoT, or medical device environments, and uses only supervised classification methods without unsupervised anomaly detection.",,EC1,,,,,,,Excluded
R0825,SpringerLink,2026-07-06,False,Intrusion detection model for secure fog computing: harnessing with federated continual learning using the HIKARI dataset to combat emerging attacks,Haider Kareem MohammedB. Indrani,2026,Progress in Artificial Intelligence,10.1007/s13748-026-00443-x,https://link.springer.com/article/10.1007/s13748-026-00443-x,Article,Yes,Unique,Passed,,Springer,Rejected,"The paper focuses on fog computing security without explicitly addressing IoMT/healthcare IoT environments, failing IC1.",IC2,EC1,,,,,,,Excluded
R0826,SpringerLink,2026-07-06,False,A weighted voting-based ensemble classifier based on manta ray foraging optimizer for cyberattack detection in IoT environments: a comparative study,Alaa HassanReda MohamedMohamed Abdel-BassetMohamed Abouhawwash,2026,Evolutionary Intelligence,10.1007/s12065-025-01126-7,https://link.springer.com/article/10.1007/s12065-025-01126-7,Article,Yes,Unique,Passed,,Springer,Rejected,"The paper focuses on generic IoT network intrusion detection using purely supervised ensemble classifiers (RF, ET, XGBoost) without any unsupervised anomaly detection component, and does not specifically address IoMT/healthcare environments.",IC2,EC1,,,,,,,Excluded
R0827,SpringerLink,2026-07-06,False,"Big Data Analytics in IoT, social media, NLP, and information security: trends, challenges, and applications",Kamal Taha,2025,Journal of Big Data,10.1186/s40537-025-01192-9,https://link.springer.com/article/10.1186/s40537-025-01192-9,Article,Yes,Unique,Passed,,OpenAlex,Rejected,"The paper is a broad survey across multiple domains (IoT, social media, NLP, information security) without specific focus on IoMT/healthcare, and does not propose a hybrid IDS architecture combining unsupervised anomaly detection with supervised classification.",,EC1,,,,,,,Excluded
R0828,SpringerLink,2026-07-06,False,Quantum-entangled neuro-symbolic swarm federation for privacy-preserving IoMT-driven multimodal healthcare,Soufiane Ben OthmanObaid Ali,2025,Scientific Reports,10.1038/s41598-025-31820-6,https://link.springer.com/article/10.1038/s41598-025-31820-6,Article,Yes,Unique,Passed,,OpenAlex,Rejected,"While the paper addresses IoMT healthcare environments (IC1), it focuses on multimodal data integration, diagnostics, and federated learning rather than intrusion or anomaly detection (EC2).",IC1,EC2,,,,,,,Excluded
R0829,SpringerLink,2026-07-06,False,Biologically inspired neuromorphic-XAI synergy for transparent and low-carbon healthcare intelligence,Akey SungheethaRajesh Sharma R.Balamurugan BalusamyShrikant MapariP. KarthikSumendra Yogarayan,2026,Scientific Reports,10.1038/s41598-026-39515-2,https://link.springer.com/article/10.1038/s41598-026-39515-2,Article,Yes,Unique,Passed,,OpenAlex,Rejected,The paper focuses on neuromorphic computing for healthcare ECG classification but does not describe a hybrid IDS architecture combining unsupervised anomaly detection with supervised classification for IoMT security.,,EC2,,,,,,,Excluded
R0831,SpringerLink,2026-07-06,False,Challenges and Advancements in Cyber-Physical Power Systems: A Deep Learning and Quantum Encryption Perspective,Rakshita OkaliAnil Kannur,2026,Intelligent Computing and Communication,10.1007/978-3-032-18346-0_56,https://link.springer.com/chapter/10.1007/978-3-032-18346-0_56,Conference paper,Yes,Unique,Passed,,Springer,Rejected,Paper focuses on Cyber-Physical Power Systems (smart grid) rather than IoMT/healthcare IoT environments.,,EC1,,,,,,,Excluded
R0832,SpringerLink,2026-07-06,False,VARNet-6G with FIERO model for anomaly detection and enhancing network stability in future-ready communication systems,S. Sankar GaneshMaha AbdelhaqSatheeshKumar PalanisamyS. Janakiraman,2025,Scientific Reports,10.1038/s41598-025-17268-8,https://link.springer.com/article/10.1038/s41598-025-17268-8,Article,Yes,Unique,Passed,,OpenAlex,Rejected,"The paper focuses on 6G communication networks without any specific mention of IoMT, medical IoT, or healthcare applications.",,EC1,,,,,,,Excluded
R0833,SpringerLink,2026-07-06,False,Explainable few-shot learning with modern BERT for detecting emerging phishing attacks using XF PhishBERT,Mohammed TawfikAshraf A. Abu-EinAmr H. AbdelhaliemYasser Mohammad Al-SharoIslam S. Fathi,2025,Scientific Reports,10.1038/s41598-025-27500-0,https://link.springer.com/article/10.1038/s41598-025-27500-0,Article,Yes,Unique,Passed,,OpenAlex,Rejected,"Paper addresses phishing detection in general cybersecurity context without any IoMT, medical IoT, or healthcare network focus, failing IC1.",,EC1,,,,,,,Excluded
R0834,SpringerLink,2026-07-06,False,Swarm-based intelligent models for developing cybersecurity frameworks with IDS,N. Satheesh KumarV. RamakrishnaM. V. KamalK. Sathish KumarV. Shiva Narayana ReddyPerumalla Janaki Ramulu,2026,Scientific Reports,10.1038/s41598-025-30223-x,https://link.springer.com/article/10.1038/s41598-025-30223-x,Article,Yes,Unique,Passed,,OpenAlex,Rejected,"The paper addresses generic cybersecurity and IDS without specific focus on IoMT/healthcare domain, and uses purely supervised swarm-optimized LSTM without unsupervised anomaly detection stage.",IC2,EC1,,,,,,,Excluded
R0836,SpringerLink,2026-07-06,False,Enhancing Cyber-physical Security and Reliability for Energy Management Systems in CAEVs,K. Sarath ChandraK. SrinivasanP. Anand,2026,Power Engineering and Intelligent Systems,10.1007/978-981-96-9720-5_34,https://link.springer.com/chapter/10.1007/978-981-96-9720-5_34,Conference paper,Yes,Unique,Passed,,Springer,Rejected,The paper focuses on Connected and Automated Electric Vehicles (CAEVs) rather than IoMT/healthcare environments.,,EC1,,,,,,,Excluded
R0837,SpringerLink,2026-07-06,False,TA-FRCNet: twin attention-based fine-tuned residual capsule network for attack detection in blockchain network layer,S. B. Kasyapa MeenavoluC. Vanmathi,2026,International Journal of Machine Learning and Cybernetics,10.1007/s13042-026-03152-y,https://link.springer.com/article/10.1007/s13042-026-03152-y,Article,Yes,Unique,Passed,,Springer,Rejected,"The paper focuses on blockchain network layer attack detection without addressing IoMT, medical IoT, or healthcare domains.",,EC1,,,,,,,Excluded
R0838,SpringerLink,2026-07-06,False,AI-driven intrusion detection and lightweight authentication framework for secure and efficient medical sensor networks,Shaha Al-OtaibiSarra AyouniNadeem SarwarAsma IrshadFaizan Ullah,2025,Scientific Reports,10.1038/s41598-025-31981-4,https://link.springer.com/article/10.1038/s41598-025-31981-4,Article,Yes,Unique,Passed,,OpenAlex,Rejected,The paper uses only supervised CNN-based IDS without an unsupervised anomaly detection component in the architecture.,"IC1, IC2",EC3,,,,,,,Excluded
R0839,SpringerLink,2026-07-06,False,XRFLWID: XGBoost and Random Forest-Based Lightweight Intrusion Detection Model for IoT Attack Detection,Shahbaz Ahmad KhandayHoor FatimaNitin Rakesh,2024,Data Science and Communication,10.1007/978-981-99-5435-3_49,https://link.springer.com/chapter/10.1007/978-981-99-5435-3_49,Conference paper,Yes,Unique,Passed,,Springer,Rejected,"The paper addresses generic IoT rather than specifically IoMT/healthcare IoT environments, failing to meet IC1.",IC2,EC1,,,,,,,Excluded
R0840,SpringerLink,2026-07-06,False,MLSTL-WSN: machine learning-based intrusion detection using SMOTETomek in WSNs,Md. Alamin TalukderSelina SharminMd Ashraf UddinMd Manowarul IslamSunil Aryal,2024,International Journal of Information Security,10.1007/s10207-024-00833-z,https://link.springer.com/article/10.1007/s10207-024-00833-z,Article,Yes,Unique,Passed,,OpenAlex,Rejected,"The paper focuses on generic wireless sensor networks (WSNs) without addressing IoMT, medical IoT, or healthcare-specific environments, and uses purely supervised machine learning classification without incorporating unsupervised anomaly detection components.",IC2,EC1,,,,,,,Excluded
R0841,SpringerLink,2026-07-06,False,Artificial Intelligence Techniques for Diagnosis of Gynecological Malignancies: A Systematic Review,Marwa M. EmamDoaa S. IbrahimEssam H. Houssein,2026,Archives of Computational Methods in Engineering,10.1007/s11831-026-10711-7,https://link.springer.com/article/10.1007/s11831-026-10711-7,Article,Yes,Unique,Passed,,OpenAlex,Rejected,"This systematic review focuses on AI techniques for diagnosing gynecological cancers using medical imaging and clinical data, not on intrusion detection systems for IoMT networks.",,EC2,,,,,,,Excluded
R0842,SpringerLink,2026-07-06,False,QoS-Aware cloud security using lightweight EfficientNet with Adaptive Sparse Bayesian Optimization,Vinothini JSrie Vidhya Janani E,2025,Peer-to-Peer Networking and Applications,10.1007/s12083-024-01899-1,https://link.springer.com/article/10.1007/s12083-024-01899-1,Article,Yes,Unique,Passed,,Springer,Rejected,"The paper focuses on cloud security environments rather than IoMT/healthcare IoT domains, and uses a purely supervised deep learning approach (EfficientNet) without an unsupervised anomaly detection component.",IC2,EC1,,,,,,,Excluded
R0843,SpringerLink,2026-07-06,False,Leveraging Hybrid Deep Learning Model for&#xa0;Advanced Attacker Detection in&#xa0;Quantum Key Distribution(QKD)-Based IoT Systems,G. VineelaV. SowmyaJ. Vinoj,2026,Proceedings of Fifth International Conference on Computing and Communication Networks,10.1007/978-3-032-18910-3_37,https://link.springer.com/chapter/10.1007/978-3-032-18910-3_37,Conference paper,Yes,Unique,Passed,,Springer,Rejected,"The paper focuses on generic IoT security rather than IoMT/healthcare IoT environments, failing to meet the domain requirement.",IC2,EC1,,,,,,,Excluded
R0844,SpringerLink,2026-07-06,False,A GAN-DQN enhanced AI-driven framework for real-time smart intrusion detection system in cooperative IoT networks,Gunupudi Rajesh KumarGanesh Naidu UmmadisettiNimmala MangathayaruYalla Jeevan Nagendra KumarRavikiran KKrishna Bhimaavarapu,2026,Cluster Computing,10.1007/s10586-025-05913-w,https://link.springer.com/article/10.1007/s10586-025-05913-w,Article,Yes,Unique,Passed,,Springer,Rejected,"The paper uses GAN for synthetic data generation and DQN for reinforcement learning-based defensive strategies, but does not describe a hybrid architecture combining unsupervised anomaly detection with supervised classification as required by IC3.",IC2,EC1,,,,,,,Excluded
R0845,SpringerLink,2026-07-06,False,Deep learning-based blockchain framework for fraud detection using multilevel supervision in hierarchical generative hashing,Ihab K. A. HamdanWulamu AziguliDezheng ZhangAnurag Tiwari,2026,International Journal of Machine Learning and Cybernetics,10.1007/s13042-025-02916-2,https://link.springer.com/article/10.1007/s13042-025-02916-2,Article,Yes,Unique,Passed,,Springer,Rejected,"The paper focuses on online financial fraud detection in blockchain transactions, not IoMT or healthcare domain environments.",,EC1,,,,,,,Excluded
R0846,SpringerLink,2026-07-06,False,Intrusion Detection Using TabNet with Recursive Feature Elimination and Deep Supervision,Awatef Bshir M. AlzririgAyça Kurnaz Türkben,2026,"Advanced Engineering, Technology and Applications on Power Systems",10.1007/978-3-032-13921-4_18,https://link.springer.com/chapter/10.1007/978-3-032-13921-4_18,Conference paper,Yes,Unique,Passed,,Springer,Rejected,"The paper addresses generic network intrusion detection using CIC-IDS2017 dataset without any mention of IoMT, medical IoT, or healthcare environments.",IC2,EC1,,,,,,,Excluded
R0847,SpringerLink,2026-07-06,False,A hybrid fog-edge computing architecture for real-time health monitoring in IoMT systems with optimized latency and threat resilience,Umar IslamMohammed Naif AlatawiAli AlqazzazSulaiman AlamroBabar ShahFernando Moreira,2025,Scientific Reports,10.1038/s41598-025-09696-3,https://link.springer.com/article/10.1038/s41598-025-09696-3,Article,Yes,Unique,Passed,,OpenAlex,Rejected,The paper focuses on fog-edge architecture for real-time health monitoring with security measures but does not describe a hybrid intrusion detection system combining unsupervised anomaly detection with supervised classification.,IC1,EC2,,,,,,,Excluded
R0848,SpringerLink,2026-07-06,False,Challenges in detecting security threats in WoT: a systematic literature review,Ruhma SardarTayyaba AneesAhmad Sami Al-ShamaylehErum MehmoodWajeeha KhalilAdnan AkhunzadaFatema Sabeen Shaikh,2025,Artificial Intelligence Review,10.1007/s10462-025-11176-z,https://link.springer.com/article/10.1007/s10462-025-11176-z,Article,Yes,Unique,Passed,,OpenAlex,Rejected,"Focuses on generic Web of Things (WoT) and IoT security without specific IoMT/healthcare domain focus, and is a literature review rather than proposing or evaluating a specific hybrid IDS system.",,EC1,,,,,,,Excluded
R0849,SpringerLink,2026-07-06,False,Enhanced chimp optimization algorithm using crossover and mutation techniques with machine learning for IoT intrusion detection system,Ahmad NasayrehNoor Aldeen AlawadAmeera Jaradat,2025,Cluster Computing,10.1007/s10586-025-05119-0,https://link.springer.com/article/10.1007/s10586-025-05119-0,Article,Yes,Unique,Passed,,Springer,Rejected,"The paper addresses generic IoT intrusion detection without specific focus on IoMT/healthcare domain, and uses a purely supervised approach (KNN with feature optimization) without an unsupervised anomaly detection component.",IC2,EC1,,,,,,,Excluded
R0850,SpringerLink,2026-07-06,False,An advanced data analytics approach to a cognitive cyber-physical system for the identification and mitigation of cyber threats in the medical internet of things (MIoT),Yayuan TangSuchi MishraNoha AlduaijiPiyush Kumar ShuklaMohammad YahyaTao Pang,2025,The Journal of Supercomputing,10.1007/s11227-025-07093-1,https://link.springer.com/article/10.1007/s11227-025-07093-1,Article,Yes,Unique,Passed,,Springer,Rejected,The system uses supervised deep learning (GRU-DNN) with optimization (WOA) for anomaly detection but does not describe a hybrid architecture combining unsupervised anomaly detection with supervised classification stages.,"IC1, IC2",EC3,,,,,,,Excluded
R0851,SpringerLink,2026-07-06,False,A novel unified lightweight temporal-spatial transformer approach for intrusion detection in drone networks,Tarun Kumar BiswasAshrafun ZannatWaqas IshtiaqMd. Alamgir Hossain,2026,Scientific Reports,10.1038/s41598-026-45063-6,https://link.springer.com/article/10.1038/s41598-026-45063-6,Article,Yes,Unique,Passed,,OpenAlex,Rejected,"The paper focuses on drone networks rather than IoMT/healthcare environments, failing to meet IC1.",IC2,EC1,,,,,,,Excluded
R0855,SpringerLink,2026-07-06,False,Optimizing XGBoost hyperparameters using the dragonfly algorithm for enhanced cyber attack detection in the internet of healthcare things (IoHT),SurbhiNupa Ram ChauhanNeeraj Dahiya,2025,Cluster Computing,10.1007/s10586-024-04874-w,https://link.springer.com/article/10.1007/s10586-024-04874-w,Article,Yes,Unique,Passed,,Springer,Rejected,The paper uses purely supervised XGBoost classification without any unsupervised anomaly detection component in a hybrid architecture.,"IC1, IC2",EC3,,,,,,,Excluded
R0857,SpringerLink,2026-07-06,False,Research trends in deep learning and machine learning for cloud computing security,Yehia Ibrahim AlzoubiAlok MishraAhmet Ercan Topcu,2024,Artificial Intelligence Review,10.1007/s10462-024-10776-5,https://link.springer.com/article/10.1007/s10462-024-10776-5,Article,Yes,Unique,Passed,,OpenAlex,Rejected,Paper focuses on cloud computing security in general without addressing IoMT/healthcare domain specifically.,,EC1,,,,,,,Excluded
R0859,SpringerLink,2026-07-06,False,Deep learning-based improved transformer model on android malware detection and classification in internet of vehicles,Naif Almakayeel,2024,Scientific Reports,10.1038/s41598-024-74017-z,https://link.springer.com/article/10.1038/s41598-024-74017-z,Article,Yes,Unique,Passed,,OpenAlex,Rejected,"The paper focuses on Android malware detection in Internet of Vehicles (IoV), not Internet of Medical Things (IoMT) or healthcare environments.",,EC1,,,,,,,Excluded
R0860,SpringerLink,2026-07-06,False,Incident-aware smart prioritization framework for penetration testing and prevention of URL-based cybersecurity attacks in industry 4.0 IoT networks,Zhanserik NurlanDauren GabdullayevBigul MukhametzhanovaNurkhat ZhakiyevIrawan SonnyMohammed Alaa Ala’anzyZulfiqar AhmadBeibut Amirgaliyev,2025,Scientific Reports,10.1038/s41598-025-21409-4,https://link.springer.com/article/10.1038/s41598-025-21409-4,Article,Yes,Unique,Passed,,OpenAlex,Rejected,"The paper focuses on Industrial IoT (IIoT) and Industry 4.0 environments rather than IoMT/healthcare IoT, triggering EC1.",,EC1,,,,,,,Excluded
R0861,SpringerLink,2026-07-06,False,Building Cyber Resilience: Artificial Intelligence to Predict Threats and Adapt Responses,Awais RasheedHifsah NasirNazar HussainMaqbool KhanWei LiFaizan Ahmad,2025,Data Processing and Networking,10.1007/978-981-96-5535-9_10,https://link.springer.com/chapter/10.1007/978-981-96-5535-9_10,Conference paper,Yes,Unique,Passed,,Springer,Rejected,"The paper discusses general cybersecurity and threat detection without any mention of IoMT, medical IoT, or healthcare-specific environments.",,EC1,,,,,,,Excluded
R0862,SpringerLink,2026-07-06,False,A secured remote patient monitoring framework for IoMT ecosystems,Pronaya BhattacharyaAnwesha MukherjeeBharat BhushanShashi Kant GuptaThippa Reddy GadekalluZhu Zhu,2025,Scientific Reports,10.1038/s41598-025-04774-y,https://link.springer.com/article/10.1038/s41598-025-04774-y,Article,Yes,Unique,Passed,,OpenAlex,Rejected,The paper focuses on architectural framework for remote patient monitoring with dew-fog-cloud computing but does not address intrusion detection or anomaly detection systems.,IC1,EC2,,,,,,,Excluded
R0863,SpringerLink,2026-07-06,False,A review on advancing biometric authentication through integrating multimodal fusion with synthetic data augmentation for adaptive systems,Laxman SinghAshish KumarRicha Golash,2026,The European Physical Journal Plus,10.1140/epjp/s13360-026-07296-2,https://link.springer.com/article/10.1140/epjp/s13360-026-07296-2,Article,Yes,Unique,Passed,,Springer,Rejected,"The paper focuses on biometric authentication systems in general domains including smart healthcare, but does not address intrusion detection or anomaly detection systems.",,EC2,,,,,,,Excluded
R0864,SpringerLink,2026-07-06,False,X-DeepID: An Explainable Hybrid Deep Learning Method for&#xa0;Enhancing IoT Security with&#xa0;Intrusion Detection,Gautam BhagatKhushboo MishraTanima Dutta,2024,Soft Computing and Its Engineering Applications,10.1007/978-3-031-53731-8_4,https://link.springer.com/chapter/10.1007/978-3-031-53731-8_4,Conference paper,Yes,Unique,Passed,,Springer,Rejected,"The paper addresses generic IoT networks rather than specifically IoMT/healthcare IoT environments, failing to meet IC1.",IC2,EC1,,,,,,,Excluded
R0865,SpringerLink,2026-07-06,False,A novel intrusion detection system for dew computing environments based on an enhanced federated deep learning model,Alireza FadaeiBehrang Barekatain,2026,The Journal of Supercomputing,10.1007/s11227-026-08314-x,https://link.springer.com/article/10.1007/s11227-026-08314-x,Article,Yes,Unique,Passed,,Springer,Rejected,"The paper addresses IIoT (Industrial Internet of Things) and dew computing environments rather than IoMT/healthcare IoT, failing to meet IC1.",IC2,EC1,,,,,,,Excluded
R0869,SpringerLink,2026-07-06,False,Evaluating Machine Learning Models for Attack Detection in GPS Datasets,Md. AfrozEmmanuel NyakwendeBirendra Goswami,2024,Artificial Intelligence and Sustainable Computing,10.1007/978-981-97-0327-2_16,https://link.springer.com/chapter/10.1007/978-981-97-0327-2_16,Conference paper,Yes,Unique,Passed,,Springer,Rejected,"The paper focuses on GPS spoofing attack detection in positioning systems, not IoMT/healthcare environments.",,EC1,,,,,,,Excluded
R0870,SpringerLink,2026-07-06,False,An Intrusion Detection System on The Internet of Things Using Deep Learning and Multi-objective Enhanced Gorilla Troops Optimizer,Hossein AsgharzadehAli GhaffariMohammad MasdariFarhad Soleimanian Gharehchopogh,2024,Journal of Bionic Engineering,10.1007/s42235-024-00575-7,https://link.springer.com/article/10.1007/s42235-024-00575-7,Article,Yes,Unique,Passed,,OpenAlex,Rejected,The paper proposes a purely supervised deep learning classification system (CNN + feature selection + KNN) without an unsupervised anomaly detection component in the hybrid architecture.,"IC1, IC2",EC3,,,,,,,Excluded
R0871,SpringerLink,2026-07-06,False,Feature engineering based performance analysis of ML and DL algorithms for Botnet attack detection in IoMT,Sohail SaifNahal YasminSuparna Biswas,2023,International Journal of System Assurance Engineering and Management,10.1007/s13198-023-01883-7,https://link.springer.com/article/10.1007/s13198-023-01883-7,Article,Yes,Unique,Passed,,Springer,Rejected,"The paper evaluates only supervised ML/DL classifiers (Random Forest, SVM, CNN, etc.) without any unsupervised anomaly detection component in a hybrid architecture.","IC1, IC2",EC3,,,,,,,Excluded
R0872,SpringerLink,2026-07-06,False,Innovative Federated Learning Approach to Secure Internet of Medical Things,Anass MisbahAnass SebbarImad Hafidi,2025,Innovative Technologies on Electrical Power Systems for Smart Cities Infrastructure,10.1007/978-3-031-86705-7_21,https://link.springer.com/chapter/10.1007/978-3-031-86705-7_21,Conference paper,Yes,Unique,Passed,,Springer,Rejected,The paper uses purely supervised Random Forest classification for attack detection without incorporating any unsupervised anomaly detection component in a hybrid architecture.,"IC1, IC2",EC3,,,,,,,Excluded
R0873,SpringerLink,2026-07-06,False,Decentralized federated deep Q-learning for IoMT security: leveraging MK-VQFHE and blockchain with IPFS,OmKumar ChandraUmakanthamKrithiga RaviSuguna MarappanSudhakaran Gajendran,2026,Scientific Reports,10.1038/s41598-025-13519-w,https://link.springer.com/article/10.1038/s41598-025-13519-w,Article,Yes,Unique,Passed,,OpenAlex,Rejected,The paper proposes a Federated Deep Q-learning model for IoMT security but focuses on encryption and blockchain architecture rather than a hybrid IDS combining unsupervised anomaly detection with supervised classification.,"IC1, IC2",EC3,,,,,,,Excluded
R0874,SpringerLink,2026-07-06,False,A lightweight framework to secure IoT devices with limited resources in cloud environments,Vivek Kumar PandeyDinesh SahuShiv PrakashRajkumar Singh RathorePratibha DixitIryna Hunko,2025,Scientific Reports,10.1038/s41598-025-09885-0,https://link.springer.com/article/10.1038/s41598-025-09885-0,Article,Yes,Unique,Passed,,OpenAlex,Rejected,The paper proposes a purely supervised decision tree-based IDS without any unsupervised anomaly detection component in a hybrid architecture.,IC2,EC3,,,,,,,Excluded
R0875,SpringerLink,2026-07-06,False,Exploring the potential of artificial intelligence and machine learning in healthcare: challenges and research directions,S. ManimaranD. Uma PriyaAzees MariaArun Sekar Rajasekaran,2025,Cluster Computing,10.1007/s10586-025-05372-3,https://link.springer.com/article/10.1007/s10586-025-05372-3,Article,Yes,Unique,Passed,,Springer,Rejected,This is a general survey paper on AI/ML applications in healthcare without specific focus on intrusion detection systems or security aspects for IoMT networks.,,EC2,,,,,,,Excluded
R0876,SpringerLink,2026-07-06,False,Review of filtering based feature selection for Botnet detection in the Internet of Things,Mohamed SaiedShawkat GuirguisMagda Madbouly,2025,Artificial Intelligence Review,10.1007/s10462-025-11113-0,https://link.springer.com/article/10.1007/s10462-025-11113-0,Article,Yes,Unique,Passed,,OpenAlex,Rejected,"The paper is a review of feature selection techniques for botnet detection in generic IoT, not a proposal or evaluation of a hybrid IDS system combining unsupervised and supervised methods for IoMT.",,EC1,,,,,,,Excluded
R0877,SpringerLink,2026-07-06,False,Optimal deep neural network based road traffic management system for Internet of Things based smart city environment,Khaled Abdullah Almejalli,2026,Scientific Reports,10.1038/s41598-026-42542-8,https://link.springer.com/article/10.1038/s41598-026-42542-8,Article,Yes,Unique,Passed,,OpenAlex,Rejected,"The paper focuses on road traffic management in smart cities using IoT, not on IoMT/healthcare domain intrusion detection.",,EC1,,,,,,,Excluded
R0878,SpringerLink,2026-07-06,False,Quantum-Adaptive Propagation Graph Network for Smart Cardiac Disease Diagnosis in Wireless Sensor Networks with IoT Integration,Sudheer NidamanuriM. Senthil VadivuKrishna Prakash ArunachalamP. Venkata Hari Prasad,2025,Biomedical Materials & Devices,10.1007/s44174-025-00601-0,https://link.springer.com/article/10.1007/s44174-025-00601-0,Article,Yes,Unique,Passed,,Springer,Rejected,The paper addresses cardiac disease diagnosis in WSN-IoT environments but focuses on supervised deep learning classification without any unsupervised anomaly detection or hybrid two-stage intrusion/anomaly detection architecture.,IC1,EC2,,,,,,,Excluded
R0879,SpringerLink,2026-07-06,False,A password algorithm recognition and classification framework based on BiGRU attention network,Yuan Sun,2026,Journal of Computer Virology and Hacking Techniques,10.1007/s11416-026-00619-y,https://link.springer.com/article/10.1007/s11416-026-00619-y,Article,Yes,Unique,Passed,,Springer,Rejected,"The paper focuses on password algorithm classification for general cybersecurity applications, not IoMT/healthcare environments, and does not address intrusion detection systems.",,EC1,,,,,,,Excluded
R0880,SpringerLink,2026-07-06,False,Intelligent Blockchain security for smart cities: Artificial intelligence-based anomaly detection and data integrity,Elavarasi KumaranPalani Uthirapathy,2026,Peer-to-Peer Networking and Applications,10.1007/s12083-025-02190-7,https://link.springer.com/article/10.1007/s12083-025-02190-7,Article,Yes,Unique,Passed,,OpenAlex,Rejected,"The paper focuses on smart cities IoT security rather than IoMT/healthcare domain, and does not present a hybrid architecture combining unsupervised anomaly detection with supervised classification.",,EC1,,,,,,,Excluded
R0882,SpringerLink,2026-07-06,False,Cutting-Edge Malware Detection in&#xa0;Healthcare: Leveraging Cascaded-AlexNet Model,Sania AkhtarMuhammad HanifMuhammad Waqas ArshadFaryal Farooq,2026,Computational Science and Its Applications – ICCSA 2025 Workshops,10.1007/978-3-031-97663-6_7,https://link.springer.com/chapter/10.1007/978-3-031-97663-6_7,Conference paper,Yes,Unique,Passed,,Springer,Rejected,The paper addresses malware detection in e-health/IoT environments but uses a purely supervised cascaded CNN architecture without any unsupervised anomaly detection component.,"IC1, IC2",EC3,,,,,,,Excluded
R0883,SpringerLink,2026-07-06,False,Enhancing cyberthreat defense mechanisms using ensemble of representation learning with binary Ebola optimization search in internet of things environment,Meshari H. AlanaziJawad Hasan AlkhateebHayam AlamroMashael M. AsiriSultan AlahmariAli AlqazzazAsma AlshuhailHassan Alkhiri,2025,Scientific Reports,10.1038/s41598-025-17437-9,https://link.springer.com/article/10.1038/s41598-025-17437-9,Article,Yes,Unique,Passed,,OpenAlex,Rejected,"The paper addresses generic IoT environment rather than IoMT/healthcare-specific applications, and uses supervised ensemble classification without an explicit unsupervised anomaly detection stage followed by supervised classification.",IC2,EC1,,,,,,,Excluded
R0885,SpringerLink,2026-07-06,False,AI-driven security framework for medical sensor networks: enhancing privacy and trust in smart healthcare systems,Shaha Al-OtaibiSarra AyouniNadeem SarwarAsma IrshadFaizan Ullah,2025,Cluster Computing,10.1007/s10586-024-05049-3,https://link.springer.com/article/10.1007/s10586-024-05049-3,Article,Yes,Unique,Passed,,Springer,Rejected,The system uses only supervised CNN classification without any unsupervised anomaly detection component in a hybrid architecture.,"IC1, IC2",EC3,,,,,,,Excluded
R0886,SpringerLink,2026-07-06,False,A comprehensive health assessment approach using ensemble deep learning model for remote patient monitoring with IoT,Gayathri RMaheswari SSandeep Kumar MathivananBasu Dev ShivahareRadha Raman ChandanMohd Asif Shah,2024,Scientific Reports,10.1038/s41598-024-66427-w,https://link.springer.com/article/10.1038/s41598-024-66427-w,Article,Yes,Unique,Passed,,OpenAlex,Rejected,The paper focuses on health monitoring and anomaly detection in physiological data but does not address intrusion detection or cybersecurity threats in IoMT networks.,IC1,EC2,,,,,,,Excluded
R0887,SpringerLink,2026-07-06,False,Developing an explainable machine learning and fog computing-based visual rating scale for the prediction of dementia progression,Zainab H. AliEsraa HassanShimaa ElgamalNora El-Rashidy,2025,Scientific Reports,10.1038/s41598-025-06310-4,https://link.springer.com/article/10.1038/s41598-025-06310-4,Article,Yes,Unique,Passed,,OpenAlex,Rejected,"The paper focuses on dementia progression prediction using mental test scores and MRI data, not on intrusion detection or anomaly detection in IoMT networks.",,EC2,,,,,,,Excluded
R0888,SpringerLink,2026-07-06,False,DCMHTS: a deep clustering model for healthcare based on trigger service,Soumia BenkouAhmed Asimi,2025,Network Modeling Analysis in Health Informatics and Bioinformatics,10.1007/s13721-025-00613-2,https://link.springer.com/article/10.1007/s13721-025-00613-2,Article,Yes,Unique,Passed,,Springer,Rejected,The paper focuses on patient clustering and disease detection in healthcare systems but does not address intrusion detection or security anomaly detection in IoMT networks.,,EC2,,,,,,,Excluded
R0889,SpringerLink,2026-07-06,False,Fuzzy feature selection using fuzzy C-means clustering and recursive feature elimination (FCM-RFE),Amit Kumar SaxenaDamodar PatelPhichsinee KhongjaPhumin Sumalai,2026,The Journal of Supercomputing,10.1007/s11227-026-08401-z,https://link.springer.com/article/10.1007/s11227-026-08401-z,Article,Yes,Unique,Passed,,Springer,Rejected,The paper focuses on generic feature selection methodology for machine learning without addressing IoMT/healthcare domain or intrusion detection systems.,,EC1,,,,,,,Excluded
R0890,SpringerLink,2026-07-06,False,A finite automata-based framework for IoT embedded device identification via traffic analysis,Keling Bi,2026,Discover Artificial Intelligence,10.1007/s44163-026-01094-6,https://link.springer.com/article/10.1007/s44163-026-01094-6,Article,Yes,Unique,Passed,,OpenAlex,Rejected,The paper focuses on device identification and classification in generic IoT networks without addressing IoMT/healthcare domains or intrusion/anomaly detection functionality.,,EC1,,,,,,,Excluded
R0891,SpringerLink,2026-07-06,False,Machine Learning-Driven Adaptive Blockchain Security for IoT Devices,Ibrahim A. Abd El-MoghithSaad M. Darwish,2026,"The 9th International Conference on Advanced Machine Learning Technologies and Applications (AMLTA’25), Volume 2",10.1007/978-3-032-07326-6_2,https://link.springer.com/chapter/10.1007/978-3-032-07326-6_2,Conference paper,Yes,Unique,Passed,,Springer,Rejected,"The paper focuses on generic IoT environments (smart home and industrial IoT) rather than IoMT/healthcare-specific domains, failing to meet IC1.",,EC1,,,,,,,Excluded
R0892,SpringerLink,2026-07-06,False,Quantum-driven security evolution in IoT: AI-powered cryptography and anomaly detection,Hana Mohammed MujlidReem Alshahrani,2025,The Journal of Supercomputing,10.1007/s11227-025-07582-3,https://link.springer.com/article/10.1007/s11227-025-07582-3,Article,Yes,Unique,Passed,,Springer,Rejected,"The paper addresses generic IoT networks without specific focus on IoMT/healthcare environments, and emphasizes quantum cryptography and federated learning rather than a hybrid unsupervised-supervised IDS architecture.",IC2,EC1,,,,,,,Excluded
R0894,SpringerLink,2026-07-06,False,"A systematic review of artificial intelligence-driven decentralized learning in healthcare: emerging techniques, applications, challenges and future directions",Zehui ZhaoLaith AlzubaidiHaider A. AlwzwazyJinglan ZhangZaenab AlammarYuantong Gu,2026,Artificial Intelligence Review,10.1007/s10462-026-11540-7,https://link.springer.com/article/10.1007/s10462-026-11540-7,Article,Yes,Unique,Passed,,OpenAlex,Rejected,"This is a systematic review about decentralized learning (federated learning, blockchain) in healthcare, not about intrusion detection systems for IoMT networks.",,EC2,,,,,,,Excluded
R0895,SpringerLink,2026-07-06,False,Artificial Intelligence-driven privacy preservation in the internet of vehicles: a comprehensive systematic literature review,Arash HeidariSeyed Hamed RastegarAhmad Khonsari,2026,Journal of Big Data,10.1186/s40537-025-01360-x,https://link.springer.com/article/10.1186/s40537-025-01360-x,Article,Yes,Unique,Passed,,OpenAlex,Rejected,"The paper focuses on Internet of Vehicles (IoV) and Connected Autonomous Vehicles, not IoMT/healthcare IoT environments.",,EC1,,,,,,,Excluded
R0897,SpringerLink,2026-07-06,False,A Novel Distributed Narrow Band-Internet of Things (NB-IoT) Security Solution with Minimal Energy Conservation Using Deep Neural Network-Based Node Behavioral Analysis,Reshma RMohana Sundaram NSanthosh R,2026,"Iranian Journal of Science and Technology, Transactions of Electrical Engineering",10.1007/s40998-026-01130-2,https://link.springer.com/article/10.1007/s40998-026-01130-2,Article,Yes,Unique,Passed,,Springer,Rejected,"While the paper proposes an intrusion detection system using DNN for behavioral analysis, it does not address IoMT/healthcare domain (focuses on general NB-IoT) and does not employ a hybrid architecture combining unsupervised anomaly detection with supervised classification.",IC2,EC1,,,,,,,Excluded
R0898,SpringerLink,2026-07-06,False,Advancing Artificial Immune System-Based Anomaly Detection,Vedic VarmaSrivatsa PalepuUpendra SinghPraneet Saurabh,2026,Innovations in Computational Intelligence and Computer Vision,10.1007/978-3-032-14757-8_26,https://link.springer.com/chapter/10.1007/978-3-032-14757-8_26,Conference paper,Yes,Unique,Passed,,Springer,Rejected,"While the paper addresses anomaly detection and mentions medical records as one dataset, it does not focus on IoMT/healthcare domains specifically, and the NSA approaches are purely unsupervised without a supervised classification stage.",,EC4,,,,,,,Excluded
R0899,SpringerLink,2026-07-06,False,Secure federated learning with metaheuristic optimized dimensionality reduction and multi-head attention for DDoS attack mitigation,Adwan A. AlanaziAshrf AlthbitiSara Abdelwahab GhorashiFathea M. O. BirkeaRoosvel Soto-DiazJosé Escorcia-Gutierrez,2025,Scientific Reports,10.1038/s41598-025-15052-2,https://link.springer.com/article/10.1038/s41598-025-15052-2,Article,Yes,Unique,Passed,,OpenAlex,Rejected,The paper focuses on generic IoT DDoS detection using federated learning and deep learning but does not specifically address IoMT/healthcare environments (EC1) and uses a purely supervised deep learning approach without an unsupervised anomaly detection component in the hybrid architecture (EC3).,IC2,EC1,,,,,,,Excluded
R0900,SpringerLink,2026-07-06,False,A Strategic Approach to DiseaseDiagnosis and Prognosis of Pancreatic Cancer Using Machine Learning,B. SarvesanN. K. Senthil Kumar,2026,Intelligent Vision and Computing,10.1007/978-3-032-10664-3_14,https://link.springer.com/chapter/10.1007/978-3-032-10664-3_14,Conference paper,Yes,Unique,Passed,,Springer,Rejected,Paper focuses on pancreatic cancer diagnosis using medical imaging (CT scan segmentation) rather than IoMT network intrusion detection.,,EC5,,,,,,,Excluded
R0901,SpringerLink,2026-07-06,False,Mitigating cyber risks in IoT environments using ResNet50_CNN1D and Edge-IIoTset insights,Hanaa ZainEldinSamah A. GamelFatma M. Talaat,2026,Cluster Computing,10.1007/s10586-026-06114-9,https://link.springer.com/article/10.1007/s10586-026-06114-9,Article,Yes,Unique,Passed,,OpenAlex,Rejected,"The paper addresses generic IoT environments (Edge-IIoT) rather than IoMT/healthcare domain, and uses purely supervised deep learning (ResNet50_CNN1D) without any unsupervised anomaly detection component.",IC2,EC1,,,,,,,Excluded
R0902,SpringerLink,2026-07-06,False,A comprehensive survey of cybersecurity techniques based on quality of service (QoS) on the Internet of Things (IoT),Seyed Salar SefatiBahman ArastehSimona HalungaOctavian Fratu,2025,Cluster Computing,10.1007/s10586-025-05449-z,https://link.springer.com/article/10.1007/s10586-025-05449-z,Article,Yes,Unique,Passed,,OpenAlex,Rejected,The paper is a general survey of cybersecurity techniques across various IoT domains without proposing or evaluating a specific hybrid IDS architecture that combines unsupervised anomaly detection with supervised classification.,,EC2,,,,,,,Excluded
R0903,SpringerLink,2026-07-06,False,Dual-level contextual graph-informed neural network with starling murmuration optimization for securing cloud-based botnet attack detection in wireless sensor networks,B. S. Deepa PriyaV. RamuKrishna Prakash ArunachalamD. Santhakumar,2025,Iran Journal of Computer Science,10.1007/s42044-025-00334-9,https://link.springer.com/article/10.1007/s42044-025-00334-9,Article,Yes,Unique,Passed,,Springer,Rejected,"The paper addresses generic WSN/IoT cloud environments for botnet detection but does not specifically focus on IoMT or healthcare applications, failing IC1.",IC2,EC1,,,,,,,Excluded
R0904,SpringerLink,2026-07-06,False,Securing Automotive Networks from DoS and Fuzzy Attacks with Optimized LSTM Models,W. Beniel DennysonC. Jothikumar,2025,International Journal of Computational Intelligence Systems,10.1007/s44196-025-00782-y,https://link.springer.com/article/10.1007/s44196-025-00782-y,Article,Yes,Unique,Passed,,OpenAlex,Rejected,The paper focuses on automotive CAN bus security rather than IoMT/healthcare domain environments.,IC2,EC1,,,,,,,Excluded
R0905,SpringerLink,2026-07-06,False,Lightweight Edge Computing Framework Using Federated Learning for Real-Time Anomaly Detection in Resource-Constrained IoT Environments,N. RadhaR. SwathikaJoe Louis Paul Ignatius,2026,SN Computer Science,10.1007/s42979-026-05125-y,https://link.springer.com/article/10.1007/s42979-026-05125-y,Article,Yes,Unique,Passed,,Springer,Rejected,"The paper addresses generic IoT environments without specific focus on IoMT/healthcare domain, and does not describe a hybrid architecture combining unsupervised anomaly detection with supervised classification.",IC2,EC1,,,,,,,Excluded
R0906,SpringerLink,2026-07-06,False,SARP: A Secure and Adaptive Machine Learning-Driven Routing Protocol for Dynamic IoT Networks,Sofiane HamriouiArab Ali CherifPascal Lorenz,2025,Journal of Network and Systems Management,10.1007/s10922-025-10008-3,https://link.springer.com/article/10.1007/s10922-025-10008-3,Article,Yes,Unique,Passed,,Springer,Rejected,"The paper addresses generic IoT networks (smart homes, industrial sensors, vehicular systems) without specific focus on IoMT/healthcare environments, failing IC1.",IC2,EC1,,,,,,,Excluded
R0907,SpringerLink,2026-07-06,False,Adaptive meta-learning for denial-of-service defense,Salmi SalimOughdir Lahcen,2025,Peer-to-Peer Networking and Applications,10.1007/s12083-025-02052-2,https://link.springer.com/article/10.1007/s12083-025-02052-2,Article,Yes,Unique,Passed,,Springer,Rejected,"The paper focuses on wireless sensor networks (WSNs) rather than IoMT/healthcare environments, and uses purely supervised meta-learning (Siamese and Prototypical networks) without an unsupervised anomaly detection component.",IC2,EC1,,,,,,,Excluded
R0908,SpringerLink,2026-07-06,False,Machine Learning for Smart Healthcare Management Using IoT,Yagmur YigitKubra DuranNaghmeh MoradpoorLeandros MaglarasNguyen Van HuynhBerk Canberk,2024,IoT and ML for Information Management: A Smart Healthcare Perspective,10.1007/978-981-97-5624-7_4,https://link.springer.com/chapter/10.1007/978-981-97-5624-7_4,Chapter,Yes,Unique,Passed,,Springer,Rejected,The paper discusses ML and IoT in smart healthcare management but does not address intrusion detection or anomaly detection systems.,IC1,EC2,,,,,,,Excluded
R0909,SpringerLink,2026-07-06,False,A Shark Inspired Ensemble Deep Learning Stacks for Ensuring the Security in Internet of Things (IoT)-Based Smart City Infrastructure,P. Jagadish KumarS. Neduncheliyan,2024,International Journal of Computational Intelligence Systems,10.1007/s44196-024-00649-8,https://link.springer.com/article/10.1007/s44196-024-00649-8,Article,Yes,Unique,Passed,,OpenAlex,Rejected,"The paper addresses IoT-based smart cities rather than IoMT/healthcare environments, and uses a purely supervised ensemble deep learning approach without unsupervised anomaly detection component.",IC2,EC1,,,,,,,Excluded
R0910,SpringerLink,2026-07-06,False,An Intrusion Detection Model Based on Hybridization of S-ROA in Deep Learning Model for MANET,M. Ganesh KarthikU. SivajiM. ManoharD. JayaramM. Venu GopalachariRamesh Vatambeti,2024,"Iranian Journal of Science and Technology, Transactions of Electrical Engineering",10.1007/s40998-024-00700-6,https://link.springer.com/article/10.1007/s40998-024-00700-6,Article,Yes,Unique,Passed,,Springer,Rejected,"The paper addresses MANET/IoT networks but not specifically IoMT/healthcare environments, and does not describe a hybrid architecture combining unsupervised anomaly detection with supervised classification.",IC2,EC1,,,,,,,Excluded
R0911,SpringerLink,2026-07-06,False,Energy-aware cluster head optimization and secure blockchain integration for heterogeneous 6G-enabled IoMT networks,R. YuvaraniR. MahaveerakannanTamilvizhi ThanarajanL. Kartheesan,2025,Scientific Reports,10.1038/s41598-025-15462-2,https://link.springer.com/article/10.1038/s41598-025-15462-2,Article,Yes,Unique,Passed,,OpenAlex,Rejected,The paper focuses on energy-efficient clustering and blockchain security for IoMT networks but does not propose or evaluate an intrusion detection or anomaly detection system.,IC1,EC2,,,,,,,Excluded
R0912,SpringerLink,2026-07-06,False,A privacy preserving intrusion detection framework for IIoT in 6G networks using homomorphic encryption and graph neural networks,Binjie HuaHaiyan Xi,2025,Scientific Reports,10.1038/s41598-025-32087-7,https://link.springer.com/article/10.1038/s41598-025-32087-7,Article,Yes,Unique,Passed,,OpenAlex,Rejected,"The paper focuses on Industrial Internet of Things (IIoT) in 6G networks rather than IoMT/healthcare domain, and uses a purely supervised GNN approach without unsupervised anomaly detection stage.",IC2,EC1,,,,,,,Excluded
R0913,SpringerLink,2026-07-06,False,An Improved Intrusion Detection System for the Internet of Medical Things Based on Deep Convolutional Neural Network,Pandit Byomakesha DashH. S. BeheraManas Ranjan Senapati,2023,Computational Intelligence in Pattern Recognition,10.1007/978-981-99-3734-9_42,https://link.springer.com/chapter/10.1007/978-981-99-3734-9_42,Conference paper,Yes,Unique,Passed,,Springer,Rejected,The paper proposes a purely supervised deep CNN-based intrusion detection system without incorporating an unsupervised anomaly detection component in a hybrid architecture.,"IC1, IC2",EC3,,,,,,,Excluded
R0915,SpringerLink,2026-07-06,False,Enhanced IoT threat detection using Graph-Regularized neural networks optimized by Sea-Lion algorithm,D. Teja SanthoshKoganti Krishna JyothiKoganti SrilakshmiA. SwarupaPraveen Kumar BalachandranShitharth Selvarajan,2025,Scientific Reports,10.1038/s41598-025-10238-0,https://link.springer.com/article/10.1038/s41598-025-10238-0,Article,Yes,Unique,Passed,,OpenAlex,Rejected,"The paper addresses generic IoT threat detection without specific focus on IoMT/healthcare domain (EC1), and uses a single supervised classifier (AGRNN) without evidence of hybrid unsupervised-supervised architecture (EC3).",IC2,EC1,,,,,,,Excluded
R0916,SpringerLink,2026-07-06,False,Enhancement of cryptography algorithms for security of cloud-based IoT with machine learning models,Mohammed Ali QasemBokare Madhav MotiramSuryakant ThoratAymen M. Al-HejriSultan S. AlshamraniKaled M. Alshmrany,2026,Scientific Reports,10.1038/s41598-026-45938-8,https://link.springer.com/article/10.1038/s41598-026-45938-8,Article,Yes,Unique,Passed,,OpenAlex,Rejected,"The paper focuses on generic cloud-based IoT systems without addressing IoMT, medical IoT, or healthcare environments, failing to meet IC1.",IC2,EC1,,,,,,,Excluded
R0917,SpringerLink,2026-07-06,False,Sybil Attack Detection for Secure IoT-Based Smart Healthcare Environments,Jie LiZhanJun Wang,2024,Journal of The Institution of Engineers (India): Series B,10.1007/s40031-024-01060-9,https://link.springer.com/article/10.1007/s40031-024-01060-9,Article,Yes,Unique,Passed,,Springer,Rejected,"The paper proposes a routing-based Sybil attack detection mechanism using anomaly analysis by a central node, but does not describe a hybrid architecture combining unsupervised anomaly detection with supervised classification.","IC1, IC2",EC3,,,,,,,Excluded
R0918,SpringerLink,2026-07-06,False,Privacy-preserving cyberthreat detection in decentralized social media with federated cross-modal graph transformers,DivyaPrabha PremkumarSuresh Kumar Nachimuthu,2026,Scientific Reports,10.1038/s41598-025-33596-1,https://link.springer.com/article/10.1038/s41598-025-33596-1,Article,Yes,Unique,Passed,,OpenAlex,Rejected,"The paper focuses on cyberthreat detection in decentralized social media platforms (cyberbullying, disinformation) rather than IoMT/healthcare environments.",,EC1,,,,,,,Excluded
R0919,SpringerLink,2026-07-06,False,Detection of DDoS attacks in IoT networks using a majority voting mechanism,Suhua ChenXu Fang,2025,Cluster Computing,10.1007/s10586-025-05771-6,https://link.springer.com/article/10.1007/s10586-025-05771-6,Article,Yes,Unique,Passed,,Springer,Rejected,"The paper addresses generic IoT networks without specific focus on IoMT/healthcare domain, and uses only supervised ensemble methods without unsupervised anomaly detection components.",IC2,EC1,,,,,,,Excluded
R0920,SpringerLink,2026-07-06,False,A Theoretical Framework for Decentralized Intrusion Detection in Smart Networks Using Blockchain and Machine Learning,Moinul AlamMostafa HasanArvil Nath AkashMd Junayed HossainAshraful IslamSanzar Adnan Alam,2025,Advanced Information Networking and Applications,10.1007/978-3-031-87784-1_23,https://link.springer.com/chapter/10.1007/978-3-031-87784-1_23,Conference paper,Yes,Unique,Passed,,Springer,Rejected,The paper does not address IoMT/healthcare domain (focuses on generic smart networks) and uses only unsupervised Isolation Forest without a supervised classification stage.,,EC1,,,,,,,Excluded
R0921,SpringerLink,2026-07-06,False,Object detection and classification using computer vision and deep learning on edge devices,S. Mary JoansJ. S. Leena JasmineN. GomathiR. Gayathri,2025,International Journal of System Assurance Engineering and Management,10.1007/s13198-025-03079-7,https://link.springer.com/article/10.1007/s13198-025-03079-7,Article,Yes,Unique,Passed,,Springer,Rejected,"The paper focuses on facial recognition and surveillance systems with no mention of IoMT, healthcare IoT, or intrusion/anomaly detection for medical network environments.",,EC1,,,,,,,Excluded
R0922,SpringerLink,2026-07-06,False,Analyzing consumer IoT traffic from security and privacy perspectives: a comprehensive survey,Yan JiaYuxin SongZihou LiuQingyin TanYang SongYu ZhangZheli Liu,2026,Frontiers of Computer Science,10.1007/s11704-025-41155-0,https://link.springer.com/article/10.1007/s11704-025-41155-0,Article,Yes,Unique,Passed,,SemanticScholar,Rejected,This is a survey paper on consumer IoT traffic analysis that does not propose or evaluate a specific hybrid intrusion detection system combining unsupervised anomaly detection with supervised classification.,,EC2,,,,,,,Excluded
R0923,SpringerLink,2026-07-06,False,A hybrid software-defined networking approach for enhancing IoT cybersecurity with deep learning and blockchain in smart cities,Jamal Alotaibi,2025,Peer-to-Peer Networking and Applications,10.1007/s12083-025-01935-8,https://link.springer.com/article/10.1007/s12083-025-01935-8,Article,Yes,Unique,Passed,,Springer,Rejected,"The paper focuses on general IoT in smart cities without addressing IoMT/healthcare domain (EC1), and uses purely supervised deep learning classification (Bi-LSTM) without an unsupervised anomaly detection component (EC3).",,EC1,,,,,,,Excluded
R0925,SpringerLink,2026-07-06,False,Artificial Intelligence-Enabled Federated Learning Techniques in Healthcare Sector,Shivani SharmaRadhika Gour,2025,"Convergence of AI, Federated Learning, and Blockchain for Sustainable Development",10.1007/978-3-031-80949-1_4,https://link.springer.com/chapter/10.1007/978-3-031-80949-1_4,Chapter,Yes,Unique,Passed,,Springer,Rejected,"The paper focuses on federated learning and AI techniques for healthcare data privacy and communication, but does not address intrusion detection or anomaly detection systems.",IC1,EC2,,,,,,,Excluded
R0926,SpringerLink,2026-07-06,False,Detecting Harmful Network Traffic in IoMT Environment Using the BiLSTM Approach,Yugandhar ManchalaH. S. Behera,2025,Computational Intelligence in Pattern Recognition,10.1007/978-981-97-8093-8_44,https://link.springer.com/chapter/10.1007/978-981-97-8093-8_44,Conference paper,Yes,Unique,Passed,,Springer,Rejected,The paper uses only BiLSTM (a supervised deep learning classifier) without any unsupervised anomaly detection component in a hybrid architecture.,"IC1, IC2",EC3,,,,,,,Excluded
R0928,SpringerLink,2026-07-06,False,"A Smart Healthcare System Using IoT, Quantum Computing, and Blockchain Technology",Sujni PaulC. Beulah Christalin LathaS. V. Evangeline Sonia,2026,"Quantum Computing, Sensing and Communications for IoT",10.1007/978-981-95-6276-3_9,https://link.springer.com/chapter/10.1007/978-981-95-6276-3_9,Chapter,Yes,Unique,Passed,,Springer,Rejected,"The paper describes a smart healthcare framework using IoT, quantum computing, and blockchain but does not propose or evaluate any intrusion detection or anomaly detection system.",IC1,EC2,,,,,,,Excluded
R0929,SpringerLink,2026-07-06,False,A Multi-layer Perceptron Approach for Detecting Network-Layer Attacks in IoT Networks,Sasidhar KadiyalaAli Al-SinayyidRohit BattulaVenkatesh Mannuru,2026,"AI Revolution: Research, Ethics and Society",10.1007/978-3-032-12930-7_15,https://link.springer.com/chapter/10.1007/978-3-032-12930-7_15,Conference paper,Yes,Unique,Passed,,Springer,Rejected,The paper proposes a purely supervised MLP classifier without any unsupervised anomaly detection component in a hybrid architecture.,IC2,EC3,,,,,,,Excluded
R0930,SpringerLink,2026-07-06,False,A protocol-aware federated intrusion detection system for CSA matter networks,Navodit BhardwajAtul KumarMukesh PatidarShekar Babu,2026,The Journal of Supercomputing,10.1007/s11227-026-08269-z,https://link.springer.com/article/10.1007/s11227-026-08269-z,Article,Yes,Unique,Passed,,Springer,Rejected,"The paper focuses on CSA Matter networks for smart appliances and general IoT environments without addressing IoMT or healthcare-specific contexts, and does not clearly describe a hybrid architecture combining unsupervised anomaly detection with supervised classification.",IC2,EC1,,,,,,,Excluded
R0931,SpringerLink,2026-07-06,False,An Optimized B_LSTM Intrusion Detection Framework for Internet of Vehicles,Ch. Ravi KishoreD. Chandrasekhar RaoH. S. Behera,2025,Computational Intelligence in Pattern Recognition,10.1007/978-981-97-8090-7_43,https://link.springer.com/chapter/10.1007/978-981-97-8090-7_43,Conference paper,Yes,Unique,Passed,,Springer,Rejected,"The paper focuses on Internet of Vehicles (IoV) intrusion detection, not IoMT/healthcare IoT environments.",,EC1,,,,,,,Excluded
R0932,SpringerLink,2026-07-06,False,CICIoV-ML: Detecting IoV Cyber Risks with Machine Learning and Boosting Techniques,Talanya NallamothuPraneetha SurapaneniSriramulu Bojjagani,2025,Integrating Advanced Technologies for Enhanced Security and Efficiency,10.1007/978-3-031-91798-1_12,https://link.springer.com/chapter/10.1007/978-3-031-91798-1_12,Chapter,Yes,Unique,Passed,,Springer,Rejected,"The paper focuses on Internet of Vehicles (IoV) rather than Internet of Medical Things (IoMT) or healthcare environments, failing to meet IC1.",IC2,EC1,,,,,,,Excluded
R0933,SpringerLink,2026-07-06,False,"Collaborative advancement of Cloud-Edge-Fog computing in smart healthcare: concepts, recent advances, applications and future opportunities",Anichur RahmanDipanjali KunduShahariar Hossain MahirMd Tanjum An TashrifMd Kowsar AhmedMd Ahsan KarimMD. Zunead Abedin EidmumFahmid Al FaridHezerul Abdul KarimAbu Saleh Musa Miah,2026,Cluster Computing,10.1007/s10586-026-06006-y,https://link.springer.com/article/10.1007/s10586-026-06006-y,Article,Yes,Unique,Passed,,OpenAlex,Rejected,Paper focuses on Cloud-Edge-Fog computing architectures for smart healthcare but does not propose or evaluate an intrusion detection system.,IC1,EC2,,,,,,,Excluded
R0934,SpringerLink,2026-07-06,False,Detecting and Mitigating IoT-Based Cyber Threats Through Machine Learning on Network Traffic Data,Raju BommaKiran L. N. Eranki,2026,Evolution in Signal Processing and Telecommunication Networks,10.1007/978-981-96-7241-7_39,https://link.springer.com/chapter/10.1007/978-981-96-7241-7_39,Conference paper,Yes,Unique,Passed,,Springer,Rejected,The paper uses only supervised classification (XGBoost with parameter tuning) without any unsupervised anomaly detection component in a hybrid architecture.,IC2,EC3,,,,,,,Excluded
R0936,SpringerLink,2026-07-06,False,"Multi-source perception early disease monitoring system based on IoT and large language models: research status, layered architecture and future trends",Boyuan WangXuan Hua,2026,Cluster Computing,10.1007/s10586-026-06141-6,https://link.springer.com/article/10.1007/s10586-026-06141-6,Article,Yes,Unique,Passed,,Springer,Rejected,"The paper focuses on disease early warning and health management using federated learning and large language models, but does not address intrusion detection or anomaly detection in IoMT networks.",IC1,EC2,,,,,,,Excluded
R0937,SpringerLink,2026-07-06,False,Machine learning pipelines for IoT botnet detection and behavior characterization in heavily imbalanced settings,Djordje D. JovanovićPavle V. Vuletić,2025,"Signal, Image and Video Processing",10.1007/s11760-025-03813-5,https://link.springer.com/article/10.1007/s11760-025-03813-5,Article,Yes,Unique,Passed,,Springer,Rejected,"The paper addresses generic IoT botnet detection without specific focus on IoMT/healthcare environments, and uses purely supervised machine learning classification without an unsupervised anomaly detection component.",IC2,EC1,,,,,,,Excluded
R0938,SpringerLink,2026-07-06,False,Smart Farming Revolution: A Cutting-Edge Review of Deep Learning and IoT Innovations in Agriculture,J. Siva PrashanthG. Bala KrishnaA. V. Krishna PrasadP. Ravinder Rao,2025,Operations Research Forum,10.1007/s43069-025-00434-z,https://link.springer.com/article/10.1007/s43069-025-00434-z,Article,Yes,Unique,Passed,,Springer,Rejected,"Paper focuses on smart farming and agriculture IoT, not IoMT or healthcare IoT environments.",,EC1,,,,,,,Excluded
R0939,SpringerLink,2026-07-06,False,"Blockchain, artificial intelligence, and healthcare: the tripod of future—a narrative review",Archana BathulaSuneet K. GuptaSuresh MeruguLuca SabaNarendra N. KhannaJohn R. LairdSkandha S. SanagalaRajesh SinghDeepak GargMostafa M. FoudaJasjit S. Suri,2024,Artificial Intelligence Review,10.1007/s10462-024-10873-5,https://link.springer.com/article/10.1007/s10462-024-10873-5,Article,Yes,Unique,Passed,,OpenAlex,Rejected,"The paper is a narrative review on blockchain and AI in healthcare focusing on EHR security and data privacy, but does not address intrusion detection systems or anomaly detection in IoMT networks.",,EC2,,,,,,,Excluded
R0940,SpringerLink,2026-07-06,False,Defense-Aware Temporal Graph Neural Network for fault-tolerant intrusion detection in IIoT–5G environments,Junjie YaoBikrant Koirala,2026,Cluster Computing,10.1007/s10586-026-06037-5,https://link.springer.com/article/10.1007/s10586-026-06037-5,Article,Yes,Unique,Passed,,OpenAlex,Rejected,"The paper focuses on Industrial IoT (IIoT) and 5G networks rather than IoMT/healthcare environments, failing to meet IC1.",IC2,EC1,,,,,,,Excluded
R0941,SpringerLink,2026-07-06,False,Detection and Mitigation of IoT Based DDoS Attack Using Extended MUD Enabled Device Profiling Techniques,K. ThiruppathiC. D. Jaidhar,2025,Advanced Network Technologies and Intelligent Computing,10.1007/978-3-031-83783-8_6,https://link.springer.com/chapter/10.1007/978-3-031-83783-8_6,Conference paper,Yes,Unique,Passed,,Springer,Rejected,"While the paper addresses IoT DDoS detection with CNN, it does not specifically focus on IoMT/healthcare environments (EC1) and does not demonstrate a hybrid architecture combining unsupervised anomaly detection with supervised classification (EC3).",,EC1,,,,,,,Excluded
R0942,SpringerLink,2026-07-06,False,An intelligent ransomware based cyberthreat detection model using multi head attention-based recurrent neural networks with optimization algorithm in IoT environment,Sarah A. AlzakariMohammed AljebreenNazir AhmadAsma A. AlhashmiSultan AlahmariOthman AlrusainiAli M. Al-SharafiWafa Sulaiman Almukadi,2025,Scientific Reports,10.1038/s41598-025-92711-4,https://link.springer.com/article/10.1038/s41598-025-92711-4,Article,Yes,Unique,Passed,,OpenAlex,Rejected,The paper addresses generic IoT environments for ransomware detection but lacks evidence of a hybrid architecture combining unsupervised anomaly detection with supervised classification.,IC2,EC1,,,,,,,Excluded
R0945,SpringerLink,2026-07-06,False,Resilient Edge Computing Infrastructures with Secure Data Offloading for IoT Workloads,Vikas ShuklaRekha AgarwalRajesh Kumar Tyagi,2026,SN Computer Science,10.1007/s42979-026-04996-5,https://link.springer.com/article/10.1007/s42979-026-04996-5,Article,Yes,Unique,Passed,,Springer,Rejected,"The paper focuses on generic edge-IoT infrastructure security without specific IoMT/healthcare domain focus (EC1), and employs federated learning for intrusion detection without evidence of hybrid unsupervised-supervised architecture (EC3).",,EC1,,,,,,,Excluded
R0946,SpringerLink,2026-07-06,False,Collaborative intrusion detection in 6G-enabled IoT networks using Newton Raphson Optimized Dynamic Slimmable Global Attention Network with Blockchain Approach,G. B. S. R. NaiduElangovan MuniyandyKrishna Prakash ArunachalamV. S. Narayana Tinnaluri,2025,International Journal of Information Technology,10.1007/s41870-025-02980-5,https://link.springer.com/article/10.1007/s41870-025-02980-5,Article,Yes,Unique,Passed,,Springer,Rejected,"The paper addresses generic 6G-IoT networks without specific focus on IoMT/healthcare domain, and describes a purely supervised deep learning approach without unsupervised anomaly detection component.",IC2,EC1,,,,,,,Excluded
R0947,SpringerLink,2026-07-06,False,A Review of Patient Health Care Monitoring System Based on Internet of Things,Padmavati Shivling PiseRavindra Nemgonda Patil,2025,Journal of The Institution of Engineers (India): Series B,10.1007/s40031-025-01281-6,https://link.springer.com/article/10.1007/s40031-025-01281-6,Article,Yes,Unique,Passed,,Springer,Rejected,This is a general review of IoT-based patient monitoring systems that does not propose or evaluate any intrusion detection system.,IC1,EC2,,,,,,,Excluded
R0949,SpringerLink,2026-07-06,False,A Comprehensive Survey on Machine Learning using in Software Defined Networks (SDN),Sahar FaeziAlireza Shirmarz,2023,Human-Centric Intelligent Systems,10.1007/s44230-023-00025-3,https://link.springer.com/article/10.1007/s44230-023-00025-3,Article,Yes,Unique,Passed,,OpenAlex,Rejected,"This is a survey on machine learning in Software Defined Networks (SDN) in general, not specifically focused on IoMT/healthcare environments.",,EC1,,,,,,,Excluded
R0950,SpringerLink,2026-07-06,False,A novel hybrid approach to detect clients in federated learning for industrial internet of things,Attia QammarHongmei WangJianguo DingAbdenacer NaouriAmar KhelloufiHuansheng Ning,2025,International Journal of Machine Learning and Cybernetics,10.1007/s13042-025-02753-3,https://link.springer.com/article/10.1007/s13042-025-02753-3,Article,Yes,Unique,Passed,,Springer,Rejected,Paper addresses Industrial IoT (IIoT) rather than Internet of Medical Things (IoMT) and focuses on federated learning defense mechanisms rather than intrusion/anomaly detection systems.,,EC1,,,,,,,Excluded
R0952,SpringerLink,2026-07-06,False,A Unified Deep Learning Framework for Real-Time Threat Detection and Data Integrity in IoT-Cloud Ecosystems,Budesh KanwerSandeep GuptaRekha JainArpana Sinhal,2026,Expert Applications and Security,10.1007/978-3-032-20114-0_11,https://link.springer.com/chapter/10.1007/978-3-032-20114-0_11,Conference paper,Yes,Unique,Passed,,Springer,Rejected,"The paper addresses generic IoT-cloud ecosystems without specific focus on medical/healthcare IoT environments, failing IC1.",IC2,EC1,,,,,,,Excluded
R0953,SpringerLink,2026-07-06,False,A Review of Secure Gradient Compression Techniques for Federated Learning in the Internet of Medical Things,Timoteo KellyAhmad AlhonainyPraveen Rao,2025,Federated Learning Systems,10.1007/978-3-031-78841-3_4,https://link.springer.com/chapter/10.1007/978-3-031-78841-3_4,Chapter,Yes,Unique,Passed,,Springer,Rejected,"The paper is a review of federated learning gradient compression techniques for IoMT communication efficiency, not an intrusion detection or anomaly detection system.",IC1,EC2,,,,,,,Excluded
R0955,SpringerLink,2026-07-06,False,Anomaly Detection of Distributed Denial of Service (DDoS) in IoT Network Using Machine Learning,Baydaa Hashim MohammedHasimi SallehudinNurhizam Safie Mohd SatarHamed Dhary MurhgShaymaa Abdelghany MohamedFadele Ayotunde AlabaAlvaro RochaIsaias Bianchi,2025,"Digital Technologies and Transformation in Business, Industry and Organizations",10.1007/978-3-031-78412-5_3,https://link.springer.com/chapter/10.1007/978-3-031-78412-5_3,Chapter,Yes,Unique,Passed,,Springer,Rejected,"The paper addresses generic IoT networks rather than specifically IoMT/healthcare IoT environments, and does not describe a hybrid architecture combining unsupervised anomaly detection with supervised classification.",IC2,EC1,,,,,,,Excluded
R0956,SpringerLink,2026-07-06,False,Performance analysis of blockchain-based secured distributed deep federated learning for wearable internet of things,Surjit SinghAman AroraGirik GargAnushka GoyalNipun Gandhi,2025,Cluster Computing,10.1007/s10586-024-04965-8,https://link.springer.com/article/10.1007/s10586-024-04965-8,Article,Yes,Unique,Passed,,Springer,Rejected,"The paper focuses on federated learning for wearable IoT data security and privacy, but does not propose or evaluate an intrusion detection or anomaly detection system.",IC1,EC2,,,,,,,Excluded
R0958,SpringerLink,2026-07-06,False,Explainable Articial Intelligence for Cybersecurity in Smart Manufacturing,Ta Phuong BacDo Thu HaKim Duc TranKim Phuc Tran,2023,Artificial Intelligence for Smart Manufacturing,10.1007/978-3-031-30510-8_10,https://link.springer.com/chapter/10.1007/978-3-031-30510-8_10,Chapter,Yes,Unique,Passed,,Springer,Rejected,"The paper focuses on smart manufacturing and Industrial Control Systems (IIoT), not IoMT or healthcare environments.",,EC1,,,,,,,Excluded
R0959,SpringerLink,2026-07-06,False,Data Exploration in IoT and Edge Environments: A Lightweight Deep Learning Model for Botnet Attack Detection,S. VaishnaviK. RadhaT. SenthilJeevitha SakkaraiA. VidhyaAlagarsamy Manjunathan,2026,Data Science and Exploration in Artificial Intelligence,10.1007/978-3-032-19318-6_19,https://link.springer.com/chapter/10.1007/978-3-032-19318-6_19,Conference paper,Yes,Unique,Passed,,OpenAlex,Rejected,"Paper focuses on general IoT environments (smart grids, smart homes) rather than IoMT/healthcare domains, and proposes a single Deep Belief Network with optimization rather than a hybrid unsupervised-supervised architecture.",IC2,EC1,,,,,,,Excluded
R0960,SpringerLink,2026-07-06,False,Secure blockchain integrated deep learning framework for federated risk-adaptive and privacy-preserving IoT edge intelligence sets,K. SwathiPutta DurgaK. Venkata PrasadAtmakuri Krishna ChaitanyaKuraganti SanthiP. VidyullathaS. Venkata Achuta Rao,2025,Scientific Reports,10.1038/s41598-025-24895-8,https://link.springer.com/article/10.1038/s41598-025-24895-8,Article,Yes,Unique,Passed,,OpenAlex,Rejected,"The paper focuses on secure federated learning and blockchain integration for general IoT edge computing without addressing intrusion detection, anomaly detection, or the IoMT/healthcare domain specifically.",,EC2,,,,,,,Excluded
R0961,SpringerLink,2026-07-06,False,Elevating security and disease forecasting in smart healthcare through artificial neural synchronized federated learning,Tao HaiArindam SarkarMuammer AksoyRahul KarmakarSarbajit MannaAmrita Prasad,2024,Cluster Computing,10.1007/s10586-024-04356-z,https://link.springer.com/article/10.1007/s10586-024-04356-z,Article,Yes,Unique,Passed,,Springer,Rejected,"The paper focuses on federated learning for disease prediction with blockchain security, but does not describe a hybrid intrusion detection architecture combining unsupervised anomaly detection with supervised classification.","IC1, IC2",EC3,,,,,,,Excluded
R0962,SpringerLink,2026-07-06,False,Blockchain enabled collective and combined deep learning framework for COVID19 diagnosis,Sudhakar PeriyasamyPrabu KaliyaperumalManikandan ThirumalaisamyBalamurugan BalusamyThenmozhi ElumalaiVeerpratap MeenaVinay Kumar Jadoun,2025,Scientific Reports,10.1038/s41598-025-00252-7,https://link.springer.com/article/10.1038/s41598-025-00252-7,Article,Yes,Unique,Passed,,OpenAlex,Rejected,"The paper focuses on COVID-19 diagnosis using medical imaging with blockchain and deep learning, but does not address intrusion detection or anomaly detection in IoMT networks.",,EC2,,,,,,,Excluded
R0963,SpringerLink,2026-07-06,False,"Cyber threats in mobile healthcare applications: systematic review of enabling technologies, threat models, detection approaches, and future directions",Anayo Chukwu IkegwuUzoma Rita AloHenry Friday Nweke,2025,Discover Computing,10.1007/s10791-025-09686-z,https://link.springer.com/article/10.1007/s10791-025-09686-z,Article,Yes,Unique,Passed,,OpenAlex,Rejected,This is a systematic literature review on cyber threats in mHealth without proposing or evaluating a specific intrusion detection system architecture.,IC1,EC2,,,,,,,Excluded
R0964,SpringerLink,2026-07-06,False,An IoT-based healthcare system using blockchain technology and multiscale stacked Residual-GRU for secure data transmission,Anguraju KrishnanRajesh ArunachalamS N V J Devi KosuruSwapna TSumanth VenugopalYogapriya J,2025,Scientific Reports,10.1038/s41598-025-28856-z,https://link.springer.com/article/10.1038/s41598-025-28856-z,Article,Yes,Unique,Passed,,OpenAlex,Rejected,The paper uses only supervised classification (MSRes-GRU) for attack detection without an unsupervised anomaly detection component in a hybrid architecture.,"IC1, IC2",EC3,,,,,,,Excluded
R0966,SpringerLink,2026-07-06,False,Explainable artificial intelligence for cybersecurity: a literature survey,Fabien CharmetHarry Chandra TanuwidjajaSolayman AyoubiPierre-François GimenezYufei HanHouda JmilaGregory BlancTakeshi TakahashiZonghua Zhang,2022,Annals of Telecommunications,10.1007/s12243-022-00926-7,https://link.springer.com/article/10.1007/s12243-022-00926-7,Article,Yes,Unique,Passed,,OpenAlex,Rejected,The paper is a general literature survey on explainable AI in cybersecurity without focusing on IoMT/healthcare domain or proposing a specific hybrid IDS architecture.,,EC1,,,,,,,Excluded
R0969,SpringerLink,2026-07-06,False,TinyML strategies for privacy-preserving and cyber threat multi-classification in edge-IoT networks,Samia El HaddoutiWissal Lazraq,2025,Computing,10.1007/s00607-025-01522-y,https://link.springer.com/article/10.1007/s00607-025-01522-y,Article,Yes,Unique,Passed,,Springer,Rejected,"The paper focuses on generic edge-IoT networks across multiple sectors without specifically addressing IoMT or healthcare environments, failing to meet IC1.",IC2,EC1,,,,,,,Excluded
R0970,SpringerLink,2026-07-06,False,HybridTrust: on-device federated learning with crypto-agile security for legacy and quantum-safe medical devices,Umar Hayat KhanRahim KhanSamia Allaoua ChellougFahad AlturiseShahbaz KhanSalem Alkhalaf,2026,Scientific Reports,10.1038/s41598-026-52891-z,https://link.springer.com/article/10.1038/s41598-026-52891-z,Article,Yes,Unique,Passed,,OpenAlex,Rejected,The paper focuses on crypto-agile federated learning infrastructure for quantum-safe migration rather than proposing or evaluating a hybrid intrusion/anomaly detection system combining unsupervised and supervised learning stages.,"IC1, IC2",EC3,,,,,,,Excluded
R0971,SpringerLink,2026-07-06,False,HybridRobustNet: enhancing detection of hybrid attacks in IoT networks through advanced learning approach,D. Adhimuga SivasakthiA. SathiyarajRamkumar Devendiran,2024,Cluster Computing,10.1007/s10586-023-04248-8,https://link.springer.com/article/10.1007/s10586-023-04248-8,Article,Yes,Unique,Passed,,Springer,Rejected,"The paper addresses general IoT networks without specific mention of IoMT or healthcare domain, failing to meet IC1.",IC2,EC1,,,,,,,Excluded
R0972,SpringerLink,2026-07-06,False,Kervolutional Neural Network with Feature Fusion for Detecting IoT Security Threats,D.  R.  JanardhanaK.  ShivannaMohamed Ghouse ShukurC.  P.  VijayH.  R.  MahalingegowdaH.  V.  Nithin,2025,SN Computer Science,10.1007/s42979-025-04513-0,https://link.springer.com/article/10.1007/s42979-025-04513-0,Article,Yes,Unique,Passed,,Springer,Rejected,"The paper addresses generic IoT security using the UNSW-NB15 dataset without focus on IoMT/healthcare domain, and employs only supervised kervolutional neural network classification without unsupervised anomaly detection component.",IC2,EC1,,,,,,,Excluded
R0973,SpringerLink,2026-07-06,False,Federated RNN for Intrusion Detection System in IoT Environment Under Adversarial Attack,Hadiseh RezaeiRahim TaheriIvan JordanovMohammad Shojafar,2025,Journal of Network and Systems Management,10.1007/s10922-025-09963-8,https://link.springer.com/article/10.1007/s10922-025-09963-8,Article,Yes,Unique,Passed,,Springer,Rejected,"The paper addresses generic IoT environments rather than specifically IoMT/healthcare IoT, and does not describe a hybrid architecture combining unsupervised anomaly detection with supervised classification.",IC2,EC1,,,,,,,Excluded
R0974,SpringerLink,2026-07-06,False,Advanced artificial intelligence with federated learning framework for privacy-preserving cyberthreat detection in IoT-assisted sustainable smart cities,Mahmoud RagabEhab Bahaudien AsharyBandar M. AlghamdiRania AboalelaNaif AlsaadiLouai A. MaghrabiKhalid H. Allehaibi,2025,Scientific Reports,10.1038/s41598-025-88843-2,https://link.springer.com/article/10.1038/s41598-025-88843-2,Article,Yes,Unique,Passed,,OpenAlex,Rejected,"The paper focuses on general IoT-assisted smart cities rather than specifically IoMT/healthcare environments, failing to meet IC1.",,EC1,,,,,,,Excluded
R0975,SpringerLink,2026-07-06,False,"Phishing in the age of distributed intelligence: taxonomies, detection strategies, and the emerging role of federated learning",Esraa DaoudJavier Garcia-BlasSadi AlawadiJesus Carretero,2026,Progress in Artificial Intelligence,10.1007/s13748-026-00448-6,https://link.springer.com/article/10.1007/s13748-026-00448-6,Article,Yes,Unique,Passed,,OpenAlex,Rejected,"The paper focuses on phishing detection in general cybersecurity contexts using federated learning, with no mention of IoMT, healthcare IoT, or medical device networks.",,EC1,,,,,,,Excluded
R0976,SpringerLink,2026-07-06,False,An AI-blockchain-assisted smart agriculture framework for enabling secure and efficient data transaction: a hybrid approach,Ila KaushikNupur PrakashAnurag Jain,2025,Knowledge and Information Systems,10.1007/s10115-025-02526-y,https://link.springer.com/article/10.1007/s10115-025-02526-y,Article,Yes,Unique,Passed,,Springer,Rejected,"The paper focuses on smart agriculture IoT with blockchain integration, not IoMT/healthcare domain, and does not combine unsupervised anomaly detection with supervised classification in a hybrid IDS architecture.",,EC1,,,,,,,Excluded
R0977,SpringerLink,2026-07-06,False,"A comprehensive review on key technologies toward smart healthcare systems based IoT: technical aspects, challenges and future directions",Muntadher AlsabahMarwah Abdulrazzaq NaserA. S. AlbahriO. S. AlbahriA. H. AlamoodiSadiq H. AbdulhussainLaith Alzubaidi,2025,Artificial Intelligence Review,10.1007/s10462-025-11342-3,https://link.springer.com/article/10.1007/s10462-025-11342-3,Article,Yes,Unique,Passed,,OpenAlex,Rejected,"This is a general review of IoT-based smart healthcare systems and enabling technologies, with no specific focus on intrusion detection or anomaly detection systems.",IC1,EC2,,,,,,,Excluded
R0978,SpringerLink,2026-07-06,False,Enhancing IoMT Security by&#xa0;Using Benford’s Law and&#xa0;Distance Functions,Pedro FernandesSéamus Ó. CiardhuáinMário Antunes,2026,Pattern Recognition and Image Analysis,10.1007/978-3-031-99565-1_5,https://link.springer.com/chapter/10.1007/978-3-031-99565-1_5,Conference paper,Yes,Unique,Passed,,Springer,Rejected,The paper uses purely unsupervised anomaly detection based on Benford's law and statistical distance functions without any supervised classification stage.,"IC1, IC2",EC4,,,,,,,Excluded
R0980,SpringerLink,2026-07-06,False,An MQTT IoT Intrusion Detection System Using Deep-Learning,Greeshma AndrewM. P. DeepikaSoumia Chandran,2024,Proceedings of Third International Conference on Computing and Communication Networks,10.1007/978-981-97-0892-5_12,https://link.springer.com/chapter/10.1007/978-981-97-0892-5_12,Conference paper,Yes,Unique,Passed,,Springer,Rejected,The paper proposes a purely supervised CNN-based IDS for generic IoT/MQTT traffic without mentioning IoMT/healthcare context or any unsupervised anomaly detection component.,IC2,EC1,,,,,,,Excluded
R0982,SpringerLink,2026-07-06,False,A novel intrusion detection system: integrating greedy sand cat swarm optimization and dual attention graph convolutional networks,M. PrabuL. SasikalaS. SureshR. Ramya,2025,International Journal of System Assurance Engineering and Management,10.1007/s13198-025-02874-6,https://link.springer.com/article/10.1007/s13198-025-02874-6,Article,Yes,Unique,Passed,,Springer,Rejected,"The paper uses BoT-IoT and NSL-KDD datasets which are generic IoT/network datasets, not IoMT/healthcare specific, failing IC1.",IC2,EC1,,,,,,,Excluded
R0983,SpringerLink,2026-07-06,False,A Comparison of Ensemble Learning for Intrusion Detection in Telemetry Data,Naila NazMuazzam A. KhanMuhammad Asad KhanMuhammad Almas KhanSana Ullah JanSyed Aziz ShahArshadQammer H. AbbasiJawad Ahmad,2023,Advances on Intelligent Computing and Data Science,10.1007/978-3-031-36258-3_40,https://link.springer.com/chapter/10.1007/978-3-031-36258-3_40,Conference paper,Yes,Unique,Passed,,Springer,Rejected,"The paper focuses on generic IoT telemetry data without specific mention of IoMT, medical IoT, or healthcare environments, and uses purely supervised ensemble learning methods without unsupervised anomaly detection components.",IC2,EC1,,,,,,,Excluded
R0984,SpringerLink,2026-07-06,False,Adaptive Federated Edge Intelligence for Real-Time Cyberthreat Detection in Resource-Constrained IoT Environments: A Lightweight Deep Learning Approach,Milad RahmatiNima Rahmati,2025,Journal of Computer Virology and Hacking Techniques,10.1007/s11416-025-00582-0,https://link.springer.com/article/10.1007/s11416-025-00582-0,Article,Yes,Unique,Passed,,Springer,Rejected,"The paper addresses generic IoT environments and critical infrastructure rather than specifically IoMT/healthcare domains, and does not describe a hybrid architecture combining unsupervised anomaly detection with supervised classification.",IC2,EC1,,,,,,,Excluded
R0985,SpringerLink,2026-07-06,False,Federated Learning in the Healthcare Industry,Ramkrishna Mondal,2025,Federated Learning Applications in the Industrial Internet of Everything (IoE),10.1007/978-3-031-99270-4_2,https://link.springer.com/chapter/10.1007/978-3-031-99270-4_2,Chapter,Yes,Unique,Passed,,Springer,Rejected,The paper discusses federated learning applications in healthcare but does not address intrusion detection or anomaly detection systems.,IC1,EC2,,,,,,,Excluded
R0987,SpringerLink,2026-07-06,False,ECG Signal Processing for&#xa0;Disease Prediction: A Case Study of&#xa0;Myocardial Infarction Prediction,Abhishek ShrivastavaSantosh KumarNenavath Srinivas Naik,2026,Sensor Signal Processing for Intelligent Systems,10.1007/978-3-032-19543-2_6,https://link.springer.com/chapter/10.1007/978-3-032-19543-2_6,Chapter,Yes,Unique,Passed,,Springer,Rejected,The paper focuses on ECG signal processing for myocardial infarction prediction without addressing intrusion detection or security aspects in IoMT networks.,,EC2,,,,,,,Excluded
R0988,SpringerLink,2026-07-06,False,RETRACTED ARTICLE: IoT-based intrusion detection system for healthcare using RNNBiLSTM deep learning strategy with custom features,D. V. JeyanthiB. Indrani,2023,Soft Computing,10.1007/s00500-023-08536-8,https://link.springer.com/article/10.1007/s00500-023-08536-8,Article,Yes,Unique,Passed,,Springer,Rejected,The paper uses only supervised deep learning (RNN-BiLSTM) for intrusion detection without any unsupervised anomaly detection component in a hybrid architecture.,"IC1, IC2",EC3,,,,,,,Excluded
R0990,SpringerLink,2026-07-06,False,An Evolutionary Method Combining with Isolation Forest for Anomaly Detection on High Dimensional Data,Yi LiuYangsen ZhouGengsong LiKun LiuGuoli YangQibin Zheng,2025,Bio-Inspired Computing: Theories and Applications,10.1007/978-981-96-9582-9_16,https://link.springer.com/chapter/10.1007/978-981-96-9582-9_16,Conference paper,Yes,Unique,Passed,,Springer,Rejected,"Paper focuses on generic high-dimensional anomaly detection without addressing IoMT, healthcare, or medical IoT domain.",,EC1,,,,,,,Excluded
R0991,SpringerLink,2026-07-06,False,TransEdge: a lightweight transformer-based anomaly detection framework for edge devices,Qinxuan ShiZhanglong YangSicong Shao,2026,Journal of Intelligent Information Systems,10.1007/s10844-026-01043-w,https://link.springer.com/article/10.1007/s10844-026-01043-w,Article,Yes,Unique,Passed,,OpenAlex,Rejected,"The paper focuses on generic IoT and industrial systems without specific mention of IoMT, medical IoT, or healthcare environments.",IC2,EC1,,,,,,,Excluded
R0992,SpringerLink,2026-07-06,False,Intelligent Healthcare: Progress in Machine Learning and IoT Solutions,Philip EappenFiggi PhilipNarasimha Rao VajjhalaVirginia Gunn,2025,Digital Transformation in Interdisciplinary Sciences,10.1007/978-3-031-91643-4_2,https://link.springer.com/chapter/10.1007/978-3-031-91643-4_2,Conference paper,Yes,Unique,Passed,,Springer,Rejected,The paper is a general survey of ML and IoT in healthcare without proposing or evaluating any intrusion detection or anomaly detection system.,IC1,EC2,,,,,,,Excluded
R0993,SpringerLink,2026-07-06,False,Healthcare fraud detection using adaptive learning and deep learning techniques,Irum MatloobShoab KhanRukaiya RukaiyaHessa AlfraihiJaved Ali Khan,2025,Evolving Systems,10.1007/s12530-025-09698-6,https://link.springer.com/article/10.1007/s12530-025-09698-6,Article,Yes,Unique,Passed,,OpenAlex,Rejected,"The paper addresses healthcare fraud detection in insurance transactions, not intrusion detection or anomaly detection in IoMT/medical IoT network environments.",,EC1,,,,,,,Excluded
R0994,SpringerLink,2026-07-06,False,Logistic Regression-Driven Framework for Securing IoT Networks Against Protocol-Based Threats,Sasidhar KadiyalaAli Al-SinayyidVenkatesh MannuruRohit Reddy Battula,2026,"Leadership, Business and Management in STEM",10.1007/978-3-032-10539-4_2,https://link.springer.com/chapter/10.1007/978-3-032-10539-4_2,Chapter,Yes,Unique,Passed,,Springer,Rejected,Paper uses purely supervised classification methods (Logistic Regression and SVM) without any unsupervised anomaly detection component in a hybrid architecture.,IC2,EC3,,,,,,,Excluded
R0995,SpringerLink,2026-07-06,False,"AI-integrated adaptive MANET framework for IoT-driven healthcare systems: enhancing scalability, security, and real-time communication",M. Venkata Krishna ReddySivaneasan Bala KrishnanAmjan ShaikPrasun Chakrabarti,2025,The European Physical Journal Plus,10.1140/epjp/s13360-025-06863-3,https://link.springer.com/article/10.1140/epjp/s13360-025-06863-3,Article,Yes,Unique,Passed,,Springer,Rejected,"The paper focuses on routing protocol optimization and malicious node detection in healthcare MANETs, but does not describe a hybrid intrusion detection system combining unsupervised anomaly detection with supervised classification stages.",IC1,EC3,,,,,,,Excluded
R0996,SpringerLink,2026-07-06,False,Bio-inspired AI for adaptive and resilient software-defined networks: a self-healing approach for autonomous optimization and security,Soha RawasAgariadne Dwinggo Samala,2025,Iran Journal of Computer Science,10.1007/s42044-025-00358-1,https://link.springer.com/article/10.1007/s42044-025-00358-1,Article,Yes,Unique,Passed,,Springer,Rejected,"The paper focuses on software-defined networks in cloud data centers and generic IoT without specifically addressing IoMT, medical IoT, or healthcare environments.",IC2,EC1,,,,,,,Excluded
R0997,SpringerLink,2026-07-06,False,Towards enhancing security for upcoming <i>6G</i>-ready smart grids through federated learning and cloud solutions,J. JithishNagarajan MahalingamBo WangKiat Seng Yeo,2025,Cybersecurity,10.1186/s42400-024-00350-5,https://link.springer.com/article/10.1186/s42400-024-00350-5,Article,Yes,Unique,Passed,,OpenAlex,Rejected,The paper focuses on smart grid security rather than IoMT/healthcare IoT environments.,,EC1,,,,,,,Excluded
R0998,SpringerLink,2026-07-06,False,Blockchain security enhancement: an approach towards hybrid consensus algorithms and machine learning techniques,K. VenkatesanSyarifah Bahiyah Rahayu,2024,Scientific Reports,10.1038/s41598-024-51578-7,https://link.springer.com/article/10.1038/s41598-024-51578-7,Article,Yes,Unique,Passed,,OpenAlex,Rejected,Paper focuses on blockchain consensus algorithms and security rather than IoMT intrusion detection systems.,,EC1,,,,,,,Excluded
R1001,SpringerLink,2026-07-06,False,RETRACTED ARTICLE: Quantum communication based cyber security analysis using artificial intelligence with IoMT,Huimin HanJun YaoYujun WuYingyan DouJingjuan Fu,2024,Optical and Quantum Electronics,10.1007/s11082-023-06185-7,https://link.springer.com/article/10.1007/s11082-023-06185-7,Article,Yes,Unique,Passed,,Springer,Rejected,"The paper focuses on predictive maintenance and anomaly notification using swarm robotics and extreme learning, but does not describe a hybrid IDS architecture combining unsupervised anomaly detection with supervised classification stages.","IC1, IC2",EC3,,,,,,,Excluded
R1002,SpringerLink,2026-07-06,False,ADeepCRF: real-time threat detection in IoT network using blockchain-based advanced proof of authority and adaptive deep conditional random fields,Gowthami MohanThanga Ramya Shanmugavel,2026,Scientific Reports,10.1038/s41598-026-45701-z,https://link.springer.com/article/10.1038/s41598-026-45701-z,Article,Yes,Unique,Passed,,OpenAlex,Rejected,"The paper addresses generic IoT threat detection without specific focus on IoMT/healthcare environments, failing IC1.",IC2,EC1,,,,,,,Excluded
R1003,SpringerLink,2026-07-06,False,Mitigating cyber threats through integration of feature selection and stacking ensemble learning: the LGBM and random forest intrusion detection perspective,Amit Kumar MishraShweta Paliwal,2022,Cluster Computing,10.1007/s10586-022-03735-8,https://link.springer.com/article/10.1007/s10586-022-03735-8,Article,Yes,Unique,Passed,,Springer,Rejected,"The paper uses the BoT-IoT dataset which includes IoT scenarios, but does not specifically address IoMT/healthcare domains (EC1), and employs purely supervised ensemble learning without an unsupervised anomaly detection component (EC3).",IC2,EC1,,,,,,,Excluded
R1004,SpringerLink,2026-07-06,False,Bi-GRU framework with entropy-augmented Mac for IoT security in SDN,Amani K. SamhaHanan Abdullah MengashMohammed A. AlAqilHamed AlqahtaniSomia A. AsklanyRana Alabdan,2025,International Journal of Information Security,10.1007/s10207-025-01162-5,https://link.springer.com/article/10.1007/s10207-025-01162-5,Article,Yes,Unique,Passed,,Springer,Rejected,The paper proposes a purely supervised Bi-GRU classification model without any unsupervised anomaly detection component in a hybrid architecture.,IC2,EC3,,,,,,,Excluded
R1005,SpringerLink,2026-07-06,False,Anomaly Detection in Metaverse Healthcare&#xa0;and Fitness: Bigdata Analytics Using 6G-Enabled Internets of Things,Kai-Tuo ZhuYue WuRen YangQiong Yuan,2024,Wireless Personal Communications,10.1007/s11277-024-11220-1,https://link.springer.com/article/10.1007/s11277-024-11220-1,Article,Yes,Unique,Passed,,Springer,Rejected,The paper uses purely unsupervised anomaly detection (Improved Isolation Forest with PSO) without any supervised classification component in a cascade or hybrid architecture.,"IC1, IC2",EC4,,,,,,,Excluded
R1006,SpringerLink,2026-07-06,False,Intelligent Biometric Authentication-Based Intrusion Detection in Medical Cyber Physical System Using Deep Learning,Pandit Byomakesha DashPooja Puspita PriyadarshaniMeltem Kurt Pehlivanoğlu,2024,Machine Learning for Cyber Physical System: Advances and Challenges,10.1007/978-3-031-54038-7_13,https://link.springer.com/chapter/10.1007/978-3-031-54038-7_13,Chapter,Yes,Unique,Passed,,Springer,Rejected,The paper proposes only a CNN-based intrusion detection system without any unsupervised anomaly detection component in a hybrid architecture.,"IC1, IC2",EC3,,,,,,,Excluded
R1008,SpringerLink,2026-07-06,False,Blockchain-based cryptographic framework for secure data transmission in IoT edge environments using ECaps-Net,Islabudeen Mohamed MeerashaJafar Ali Ibrahim Syed MasoodThanapal PArumuga Arun R,2025,Scientific Reports,10.1038/s41598-025-30906-5,https://link.springer.com/article/10.1038/s41598-025-30906-5,Article,Yes,Unique,Passed,,OpenAlex,Rejected,"Paper focuses on generic IoT edge environments without specific IoMT/healthcare context, and uses only supervised deep learning (ECaps-Net) without an unsupervised anomaly detection component.",IC2,EC1,,,,,,,Excluded
R1009,SpringerLink,2026-07-06,False,"Systematic Study of Detection Mechanism for Network Intrusion in Cloud, Fog, and Internet of Things Using Deep Learning",Sanjukta BhattacharyaSantanu GhoraiAjoy Kumar Khan,2023,Human-Centric Smart Computing,10.1007/978-981-19-5403-0_3,https://link.springer.com/chapter/10.1007/978-981-19-5403-0_3,Conference paper,Yes,Unique,Passed,,Springer,Rejected,"The paper is a survey/review of deep learning-based NIDS across IoT, cloud, fog, and edge networks, but does not propose or evaluate a specific hybrid system combining unsupervised anomaly detection with supervised classification.",,EC2,,,,,,,Excluded
R1010,SpringerLink,2026-07-06,False,Secure authentication protocol for internet of vehicles using blockchain based authorized user detection,Vijay Kumar TiwariPrashant Kumar,2026,Peer-to-Peer Networking and Applications,10.1007/s12083-026-02235-5,https://link.springer.com/article/10.1007/s12083-026-02235-5,Article,Yes,Unique,Passed,,OpenAlex,Rejected,The paper focuses on Internet of Vehicles (IoV) security rather than IoMT/healthcare IoT environments.,,EC1,,,,,,,Excluded
R1011,SpringerLink,2026-07-06,False,"Advances in Greylag Goose Optimizer: Principles, Improvements, and Performance Evaluation in Image Clustering Domain",Totan BharasaArunita DasKrishna Gopal DhalKalyani Maity DasJorge Gálvez,2026,Archives of Computational Methods in Engineering,10.1007/s11831-026-10649-w,https://link.springer.com/article/10.1007/s11831-026-10649-w,Article,Yes,Unique,Passed,,Springer,Rejected,"Paper focuses on optimization algorithms for image clustering/segmentation, with no mention of IoMT, intrusion detection, or network security.",,EC5,,,,,,,Excluded
R1013,SpringerLink,2026-07-06,False,Defending Against Multifaceted Network Attacks: A Multi-Label Meta-Learning and Lorenz Chaos MTD based Security Paradigm,N. A. BharathiRanjani ParthasarathiV. Vetriselvi,2025,Journal of Network and Systems Management,10.1007/s10922-025-09919-y,https://link.springer.com/article/10.1007/s10922-025-09919-y,Article,Yes,Unique,Passed,,Springer,Rejected,"The paper focuses on generic network security using SDN and does not address IoMT, medical IoT, or healthcare network environments.",,EC1,,,,,,,Excluded
R1014,SpringerLink,2026-07-06,False,Malware Detection in a Healthcare System via Artificial Intelligence Technology: A Review,Mustafa JumaahAli A. YassinZaid Ameen AbduljabbarMuwafaq JawadVincent Omollo Nyangaresi,2025,Software Engineering: Emerging Trends and Practices in System Development,10.1007/978-3-032-00712-4_6,https://link.springer.com/chapter/10.1007/978-3-032-00712-4_6,Conference paper,Yes,Unique,Passed,,Springer,Rejected,Survey/review — moved to surveys_srls for background use; excluded from primary study screening,"IC1, IC2",IC4/EC5 — survey/scoping review; not a primary research study,,,,,,,Excluded
R1015,SpringerLink,2026-07-06,False,"Deep learning based computer aided diagnosis of Alzheimer’s disease: a snapshot of last 5 years, gaps, and future directions",Anish BhandarkarPratham NaikKavita VakkundSrasthi JunjappanavarSavita BakareSantosh Pattar,2024,Artificial Intelligence Review,10.1007/s10462-023-10644-8,https://link.springer.com/article/10.1007/s10462-023-10644-8,Article,Yes,Unique,Passed,,OpenAlex,Rejected,"Paper focuses on Alzheimer's disease diagnosis using deep learning, which is a medical imaging/clinical domain unrelated to IoMT intrusion detection systems.",,EC5,,,,,,,Excluded
R1016,SpringerLink,2026-07-06,False,Fortifying IoT Networks Against Cyber Threats with Machine Learning,T. KannanVivek Justus,2026,Proceedings of Fifth International Conference on Computing and Communication Networks,10.1007/978-3-032-18910-3_22,https://link.springer.com/chapter/10.1007/978-3-032-18910-3_22,Conference paper,Yes,Unique,Passed,,Springer,Rejected,"The paper discusses general IoT security with machine learning but does not specify IoMT/healthcare domain, nor does it describe a hybrid architecture combining unsupervised anomaly detection with supervised classification.",,EC1,,,,,,,Excluded
R1018,SpringerLink,2026-07-06,False,A hybrid federated learning framework with generative AI for privacy-preserving and sustainable security in IOT-enabled smart environments,Venkadeshan RamalingamBasant KumarShashi Kant GuptaDeema Mohammed AlsekaitDiaa Salama AbdElminaam,2026,Scientific Reports,10.1038/s41598-025-31769-6,https://link.springer.com/article/10.1038/s41598-025-31769-6,Article,Yes,Unique,Passed,,OpenAlex,Rejected,"While the paper addresses IoT security and anomaly detection, it does not focus on IoMT/healthcare domain specifically and does not describe a hybrid architecture combining unsupervised anomaly detection with supervised classification as required.",IC2,EC1,,,,,,,Excluded
R1019,SpringerLink,2026-07-06,False,Blockchain-powered secure encryption for smart healthcare in industrial IoT with multi-aspect graph attention spherical convolutional neural network,Dipalee D. Rane ChaudhariD. Khalandar BashaKingshuk SrivastavaMohd NavedProlay GhoshC. Rama Mohan,2026,Iran Journal of Computer Science,10.1007/s42044-025-00366-1,https://link.springer.com/article/10.1007/s42044-025-00366-1,Article,Yes,Unique,Passed,,Springer,Rejected,The paper focuses on medical image classification and blockchain-based secure storage rather than intrusion detection or anomaly detection in IoMT networks.,IC1,EC2,,,,,,,Excluded
R1020,SpringerLink,2026-07-06,False,Scalable architecture for autonomous malware detection and defense in software-defined networks using federated learning approaches,Ripal RanparaShobhit K. PatelOm Prakash KumarFahad Ahmed Al-Zahrani,2025,Scientific Reports,10.1038/s41598-025-14512-z,https://link.springer.com/article/10.1038/s41598-025-14512-z,Article,Yes,Unique,Passed,,OpenAlex,Rejected,"The paper focuses on software-defined networks (SDN) without addressing IoMT, medical IoT, healthcare IoT, or smart healthcare network environments.",IC2,EC1,,,,,,,Excluded
R1021,SpringerLink,2026-07-06,False,AFL-SecNet: An adaptive federated learning framework for secure and privacy-preserving network traffic analysis,Abida NazIrshad UllahMuhammad UzairMuhammad Fayyaz KhokharAyesha SabirRiaz Ullah Khan,2025,Peer-to-Peer Networking and Applications,10.1007/s12083-025-02155-w,https://link.springer.com/article/10.1007/s12083-025-02155-w,Article,Yes,Unique,Passed,,Springer,Rejected,"The paper focuses on federated learning for general network traffic analysis using standard datasets (UNSW-NB15, CICDDoS2019) without addressing IoMT or healthcare domain, and does not employ a hybrid architecture combining unsupervised anomaly detection with supervised classification.",IC2,EC1,,,,,,,Excluded
R1022,SpringerLink,2026-07-06,False,Machine Learning Based Solutions for Securing Robotics and IoT Systems,Naman OliBharat BhushanHari Mohan RaiOmar S. Saleh,2025,Data Analytics for Smart Robotics and Its Applications,10.1007/978-3-031-87697-4_9,https://link.springer.com/chapter/10.1007/978-3-031-87697-4_9,Chapter,Yes,Unique,Passed,,Springer,Rejected,"The paper broadly discusses machine learning for IoT and robotics security without specifically addressing IoMT/healthcare IoT environments (EC1), and provides only a general review without proposing or evaluating a specific hybrid intrusion detection architecture combining unsupervised anomaly detection with supervised classification.",,EC1,,,,,,,Excluded
R1023,SpringerLink,2026-07-06,False,Ensuring the privacy and security of IoT-medical data: a hybrid deep learning-based encryption and blockchain-enabled transmission,Aditya Kaushal RanjanPrabhat Kumar,2024,Multimedia Tools and Applications,10.1007/s11042-023-18043-5,https://link.springer.com/article/10.1007/s11042-023-18043-5,Article,Yes,Unique,Passed,,Springer,Rejected,The paper focuses on encryption and secure transmission of medical data rather than intrusion or anomaly detection in IoMT networks.,IC1,EC2,,,,,,,Excluded
R1025,SpringerLink,2026-07-06,False,A hybrid rule-based NLP and machine learning approach for PII detection and anonymization in financial documents,Kushagra MishraHarsh PagareKanhaiya Sharma,2025,Scientific Reports,10.1038/s41598-025-04971-9,https://link.springer.com/article/10.1038/s41598-025-04971-9,Article,Yes,Unique,Passed,,OpenAlex,Rejected,"The paper focuses on PII detection in financial documents using NLP, not on intrusion detection in IoMT/healthcare networks.",,EC5,,,,,,,Excluded
R1027,SpringerLink,2026-07-06,False,Applications of Deep Learning Models in Diverse Streams of IoT,Atul SrivastavaHaider Daniel Ali RizviSurbhi Bhatia KhanAditya SrivastavaB. Sundaravadivazhagan,2024,Learning Techniques for the Internet of Things,10.1007/978-3-031-50514-0_10,https://link.springer.com/chapter/10.1007/978-3-031-50514-0_10,Chapter,Yes,Unique,Passed,,Springer,Rejected,This is a broad survey chapter on deep learning applications across diverse IoT domains without focusing specifically on IoMT/healthcare intrusion detection or proposing a hybrid detection system.,,EC1,,,,,,,Excluded
R1028,SpringerLink,2026-07-06,False,Neural Pathways of SIoT: Enabling Smarter Choices,Ankush Joshi,2026,Social Internet of Things (SIoT) and Machine Learning—Enhancing Interconnectivity and Intelligence,10.1007/978-3-032-10122-8_11,https://link.springer.com/chapter/10.1007/978-3-032-10122-8_11,Chapter,Yes,Unique,Passed,,Springer,Rejected,"The paper focuses on Social Internet of Things (SIoT) with general applications including smart cities, manufacturing, and energy, without specific focus on IoMT/healthcare intrusion detection systems.",,EC1,,,,,,,Excluded
R1029,SpringerLink,2026-07-06,False,Blockchain with improved deep residual shrinking network for ensuring cybersecurity in IoT-driven healthcare systems,Mohammed Alshehri,2026,Journal of Big Data,10.1186/s40537-026-01391-y,https://link.springer.com/article/10.1186/s40537-026-01391-y,Article,Yes,Unique,Passed,,OpenAlex,Rejected,The paper uses purely supervised deep learning (IDRSN) for attack classification without any unsupervised anomaly detection stage in the architecture.,"IC1, IC2",EC3,,,,,,,Excluded
R1031,SpringerLink,2026-07-06,False,Breast cancer detection using optimized hyperbolic graph attention with bidirectional convolutional neural network,Sangeeta ParshionikarVijaya Babu BurraDebnath BhattacharyyaTai-Hoon Kim,2025,Discover Oncology,10.1007/s12672-025-03638-1,https://link.springer.com/article/10.1007/s12672-025-03638-1,Article,Yes,Unique,Passed,,OpenAlex,Rejected,"The paper focuses on breast cancer detection from thermal images using deep learning methods, which is medical imaging rather than IoMT intrusion detection or cybersecurity.",,EC5,,,,,,,Excluded
R1032,SpringerLink,2026-07-06,False,Elevating IoT healthcare security using ProSRN and ICOM methodologies for effective threat management,Yemineni SowjanyaS. GopalakrishnanR. Dinesh Kumar,2025,International Journal of Information Technology,10.1007/s41870-024-02395-8,https://link.springer.com/article/10.1007/s41870-024-02395-8,Article,Yes,Unique,Passed,,Springer,Rejected,The paper proposes ProSRN (supervised stacked residual network) with ICOM optimization but does not describe any unsupervised anomaly detection component in the hybrid architecture.,"IC1, IC2",EC3,,,,,,,Excluded
R1033,SpringerLink,2026-07-06,False,Communication and Traffic Patterns-Aware Evolutionary Optimized Light Gradient Boosting Model for Anomaly Prediction in Industrial IoT,Geetanjali BhoiBighnaraj NaikRajat Kumar SahuEtuari Oram,2026,Journal of The Institution of Engineers (India): Series B,10.1007/s40031-026-01287-8,https://link.springer.com/article/10.1007/s40031-026-01287-8,Article,Yes,Unique,Passed,,Springer,Rejected,"The paper focuses on Industrial IoT (IIoT) rather than IoMT/healthcare environments, failing to meet IC1.",IC2,EC1,,,,,,,Excluded
R1035,SpringerLink,2026-07-06,False,Integrating deep learning and metaheuristics algorithms for blockchain-based reassurance data management in the detection of malicious IoT nodes,Faeiz M. Alserhani,2024,Peer-to-Peer Networking and Applications,10.1007/s12083-024-01786-9,https://link.springer.com/article/10.1007/s12083-024-01786-9,Article,Yes,Unique,Passed,,OpenAlex,Rejected,"The paper addresses generic IoT networks with routing attacks but does not specify IoMT/healthcare domain applications, and the IDS architecture appears to be purely supervised deep learning without an unsupervised anomaly detection component.",IC2,EC1,,,,,,,Excluded
R1037,SpringerLink,2026-07-06,False,Smart Health Revolution: Exploring Artificial Intelligence of Internet of Medical Things,Wasswa Shafik,2024,"Healthcare Industry Assessment: Analyzing Risks, Security, and Reliability",10.1007/978-3-031-65434-3_9,https://link.springer.com/chapter/10.1007/978-3-031-65434-3_9,Chapter,Yes,Unique,Passed,,Springer,Rejected,The paper discusses AIoMT security architecture and proposes a general security model but does not specifically address intrusion detection or anomaly detection systems.,IC1,EC2,,,,,,,Excluded
R1038,SpringerLink,2026-07-06,False,A DAG-enabled cryptographic framework for secure drug traceability with identity-bound authentication and anomaly detection,Rajkumar S. C.Yuvasini D.Musiri Kailasanathan NallakaruppanDeepa NatesanMd Shohel SayeedParag Ravikant KaveriMalathy Sathyamoorthy,2025,Scientific Reports,10.1038/s41598-025-30413-7,https://link.springer.com/article/10.1038/s41598-025-30413-7,Article,Yes,Unique,Passed,,OpenAlex,Rejected,"The paper addresses pharmaceutical supply chain traceability with anomaly detection but does not involve IoMT/healthcare network intrusion detection, nor does it combine unsupervised anomaly detection with supervised classification in a hybrid IDS architecture.",,EC1,,,,,,,Excluded
R1039,SpringerLink,2026-07-06,False,Hybrid key management WSN protocol to enhance network performance using ML techniques for IoT application in cloud environment,Raghini MSelvam DurairajSasikala SAppavu alias Balamurugan S,2025,Peer-to-Peer Networking and Applications,10.1007/s12083-025-01967-0,https://link.springer.com/article/10.1007/s12083-025-01967-0,Article,Yes,Unique,Passed,,Springer,Rejected,The paper focuses on key management and network security for generic WSN/IoT applications in cloud environments without addressing IoMT/healthcare domain or intrusion detection systems.,,EC1,,,,,,,Excluded
R1041,SpringerLink,2026-07-06,False,Beyond imbalance: advancing breast cancer diagnosis with synthetic data and ML modeling,Mohammad Reza Abbaszadeh Bavil SoflaeiKarim SamadzaminiArash Salehpour,2025,Network Modeling Analysis in Health Informatics and Bioinformatics,10.1007/s13721-025-00512-6,https://link.springer.com/article/10.1007/s13721-025-00512-6,Article,Yes,Unique,Passed,,Springer,Rejected,"The paper focuses on breast cancer diagnosis using medical imaging/diagnostic data, not on intrusion detection systems for IoMT networks.",,EC5,,,,,,,Excluded
R1043,SpringerLink,2026-07-06,False,Deep Learning Model and&#xa0;Fuzzy C-Means for&#xa0;Cardiac Disease Detection on&#xa0;Electrocardiogram Signal,Quoc-Thinh TranHoang-Ha NguyenAnh-Cang Phan,2026,Future Data and Security Engineering,10.1007/978-981-95-4724-1_17,https://link.springer.com/chapter/10.1007/978-981-95-4724-1_17,Conference paper,Yes,Unique,Passed,,Springer,Rejected,"The paper focuses on cardiac disease classification from ECG signals using supervised deep learning models (CNN+Transformer, LSTM+Attention, CoAtNet) with FCM for post-processing visualization, but does not address intrusion detection or cybersecurity in IoMT networks.",,EC2,,,,,,,Excluded
R1045,SpringerLink,2026-07-06,False,An intelligent distributed data mining framework for energy-efficient WSN using a hybrid heuristic-aided cascaded residual LSTM,Banoth SamyaBanoth AnantharamL. SwathiDr. K. SreeramamurthyM Varaprasad Rao,2025,Peer-to-Peer Networking and Applications,10.1007/s12083-025-02075-9,https://link.springer.com/article/10.1007/s12083-025-02075-9,Article,Yes,Unique,Passed,,Springer,Rejected,"The paper focuses on generic Wireless Sensor Networks (WSN) for distributed data mining and energy efficiency, without addressing IoMT, healthcare IoT, or any intrusion/anomaly detection functionality.",,EC1,,,,,,,Excluded
R1047,SpringerLink,2026-07-06,False,A novel cluster of improved frilled lizard optimization and multi-ladder gated networks for the detection of cyber-attacks in computer networks,Vandana DharmapuriSushama Rani Dutta,2025,Discover Computing,10.1007/s10791-025-09647-6,https://link.springer.com/article/10.1007/s10791-025-09647-6,Article,Yes,Unique,Passed,,OpenAlex,Rejected,"The paper addresses generic computer networks and cyber-attacks without specific focus on IoMT or healthcare environments, failing IC1.",IC2,EC1,,,,,,,Excluded
R1048,SpringerLink,2026-07-06,False,AI-Driven Secure IoT Application Development,Muthu Ramachandran,2026,Guide to AI for Cybersecurity,10.1007/978-3-032-25874-8_1,https://link.springer.com/chapter/10.1007/978-3-032-25874-8_1,Chapter,Yes,Unique,Passed,,Springer,Rejected,"The paper addresses general IoT security across industrial, healthcare, and critical infrastructure without focusing specifically on IoMT/healthcare IoT environments (EC1), and does not clearly describe a hybrid architecture combining unsupervised anomaly detection with supervised classification (EC3).",IC2,EC1,,,,,,,Excluded
R1049,SpringerLink,2026-07-06,False,Efficient Hierarchical ML-Based IoT Intrusion Detection System Leveraging PSO and&#xa0;Sequential Forward Feature Selection,Van Thinh PhamKhac-Tuan NguyenChien Trinh NguyenHai-Chau Le,2024,Intelligence of Things: Technologies and Applications,10.1007/978-3-031-75596-5_29,https://link.springer.com/chapter/10.1007/978-3-031-75596-5_29,Conference paper,Yes,Unique,Passed,,Springer,Rejected,"The paper addresses generic IoT environments rather than specifically IoMT/healthcare IoT contexts, and uses ensemble ML methods without the required hybrid architecture of unsupervised anomaly detection followed by supervised classification.",IC2,EC1,,,,,,,Excluded
R1050,SpringerLink,2026-07-06,False,Evolutionary Mastery Forges the Blades of Cyber Attack and Defense,Mitchell EakinMahdi KhosravyAlyssa M. AdamsOlaf Witkowski,2025,Optimizing Solutions for Real-Life Problems,10.1007/978-981-96-3216-9_2,https://link.springer.com/chapter/10.1007/978-981-96-3216-9_2,Chapter,Yes,Unique,Passed,,Springer,Rejected,The paper is a general review of evolutionary algorithms in cybersecurity without specific focus on IoMT/healthcare domain or hybrid IDS architecture combining unsupervised and supervised methods.,,EC1,,,,,,,Excluded
R1051,SpringerLink,2026-07-06,False,Synergizing blockchain and AI to fortify IoT security: a comprehensive review,Deepak KaushikPreeti GuliaNasib Singh GillMohammad YahyaPiyush Kumar ShuklaJ. Shreyas,2026,Artificial Intelligence Review,10.1007/s10462-025-11434-0,https://link.springer.com/article/10.1007/s10462-025-11434-0,Article,Yes,Unique,Passed,,OpenAlex,Rejected,"The paper is a general review of blockchain and AI for IoT security across multiple domains (supply chains, healthcare, smart grids) without specifically focusing on IoMT/healthcare environments or proposing a hybrid IDS architecture.",,EC1,,,,,,,Excluded
R1052,SpringerLink,2026-07-06,False,Enhancing reliability and security in cloud-based telesurgery systems leveraging swarm-evoked distributed federated learning framework to mitigate multiple attacks,S. PunithaK. S. Preetha,2025,Scientific Reports,10.1038/s41598-025-12027-1,https://link.springer.com/article/10.1038/s41598-025-12027-1,Article,Yes,Unique,Passed,,OpenAlex,Rejected,"While the paper addresses healthcare IoT (telesurgery systems) and includes intrusion detection capabilities, it employs a purely supervised federated learning approach with Optimized Gated Transformer Networks without any unsupervised anomaly detection component.","IC1, IC2",EC3,,,,,,,Excluded
R1053,SpringerLink,2026-07-06,False,A systematic review of lightweight cryptographic schemes for security and privacy in IoT,Shaharyar Alam AnsariSalman Ali,2025,Discover Computing,10.1007/s10791-025-09755-3,https://link.springer.com/article/10.1007/s10791-025-09755-3,Article,Yes,Unique,Passed,,OpenAlex,Rejected,This paper focuses on lightweight cryptographic schemes for IoT security rather than intrusion detection or anomaly detection systems.,,EC2,,,,,,,Excluded
R1056,SpringerLink,2026-07-06,False,Designing a Decentralized Ecosystem for 6G Smart Cities,Osama Akram Amin Metwally HussienAnil KayaSalma TajbelHamid Jahankhani,2025,Cybersecurity and Human Capabilities Through Symbiotic Artificial Intelligence,10.1007/978-3-031-82031-1_8,https://link.springer.com/chapter/10.1007/978-3-031-82031-1_8,Conference paper,Yes,Unique,Passed,,Springer,Rejected,The paper focuses on blockchain-based security ecosystem for IoMT in 6G smart cities but does not propose or evaluate any intrusion detection or anomaly detection system.,IC1,EC2,,,,,,,Excluded
R1057,SpringerLink,2026-07-06,False,Intrusion detection and prevention systems in industrial IoT network,Sangeeta SharmaAshish KumarNavdeep Singh RathoreShivanshu Sharma,2024,Sādhanā,10.1007/s12046-024-02567-z,https://link.springer.com/article/10.1007/s12046-024-02567-z,Article,Yes,Unique,Passed,,Springer,Rejected,"The paper focuses on Industrial IoT (IIoT) rather than IoMT/healthcare domain, and uses a purely supervised transformer-based classification approach without incorporating unsupervised anomaly detection.",IC2,EC1,,,,,,,Excluded
R1058,SpringerLink,2026-07-06,False,ESHA-256_GBGO: a high-performance and optimized security framework for internet of medical thing,G. MuruganM. Chinnadurai,2025,Scientific Reports,10.1038/s41598-025-94345-y,https://link.springer.com/article/10.1038/s41598-025-94345-y,Article,Yes,Unique,Passed,,OpenAlex,Rejected,The paper focuses on encryption and data integrity for IoMT rather than intrusion detection or anomaly detection systems.,IC1,EC2,,,,,,,Excluded
R1060,SpringerLink,2026-07-06,False,Artificial intelligence for system security assurance: A systematic literature review,Shao-Fang WenAnkur ShuklaBasel Katt,2024,International Journal of Information Security,10.1007/s10207-024-00959-0,https://link.springer.com/article/10.1007/s10207-024-00959-0,Article,Yes,Unique,Passed,,OpenAlex,Rejected,"The paper is a systematic literature review on AI for general system security assurance across organizations, not specifically addressing IoMT/healthcare domains or proposing/evaluating a specific intrusion detection system.",,EC1,,,,,,,Excluded
R1061,SpringerLink,2026-07-06,False,Design of a multi-layered privacy-preserving architecture for secure medical data exchange in cloud environments,S. MuthuvelS. PriyaK. Sampath Kumar,2026,Scientific Reports,10.1038/s41598-026-40122-4,https://link.springer.com/article/10.1038/s41598-026-40122-4,Article,Yes,Unique,Passed,,OpenAlex,Rejected,"The paper focuses on cloud-based e-health data exchange security with encryption and access control, but does not propose an intrusion detection system that combines unsupervised anomaly detection with supervised classification for IoMT networks.",,EC2,,,,,,,Excluded
R1062,SpringerLink,2026-07-06,False,Performance prediction for IoT and WSN-based smart city applications using cell attention-based self-guided deep clustering network and an improved emperor penguin optimizer,Sudheer NidamanuriP. RajuBalasubbareddy MallalaJ Rajasekhar,2026,International Journal of Information Technology,10.1007/s41870-025-03006-w,https://link.springer.com/article/10.1007/s41870-025-03006-w,Article,Yes,Unique,Passed,,Springer,Rejected,The paper focuses on performance prediction for WSN/IoT in smart cities rather than intrusion or anomaly detection systems.,,EC2,,,,,,,Excluded
R1063,SpringerLink,2026-07-06,False,A Multi-objective Optimized Fog-Coordinated Federated Edge AI Framework for IoT Analytics,T. AnuradhaM. IndumathiV. RameshMithila AyyavooS. SritharN. Suba Rani,2026,SN Computer Science,10.1007/s42979-026-05078-2,https://link.springer.com/article/10.1007/s42979-026-05078-2,Article,Yes,Unique,Passed,,Springer,Rejected,The paper proposes a federated learning framework for IoT analytics optimization but does not address intrusion detection or anomaly detection systems.,,EC2,,,,,,,Excluded
R1065,SpringerLink,2026-07-06,False,RETRACTED ARTICLE: Quantum optics and channel coding in imaging: advancements through deep learning,Liang ChenYue XuHong WenZhiwei ChenWenjing Hou,2024,Optical and Quantum Electronics,10.1007/s11082-024-06338-2,https://link.springer.com/article/10.1007/s11082-024-06338-2,Article,Yes,Unique,Passed,,Springer,Rejected,"While the paper mentions healthcare and optical IoT, it focuses on quantum optics and channel coding for imaging cybersecurity rather than intrusion/anomaly detection in IoMT networks, and does not describe a hybrid unsupervised-supervised detection architecture.",,EC2,,,,,,,Excluded
R1066,SpringerLink,2026-07-06,False,A Federated Learning and GAN-Based Stealthy Malware Detection Scheme for IIoT Security,Mikail Mohammed SalimByung Hyun JoSushil Kumar SinghJong Hyuk Park,2025,Information Systems Frontiers,10.1007/s10796-025-10659-2,https://link.springer.com/article/10.1007/s10796-025-10659-2,Article,Yes,Unique,Passed,,Springer,Rejected,"The paper focuses on Industrial IoT (IIoT) rather than IoMT/healthcare IoT, and uses GAN for data augmentation rather than as an unsupervised anomaly detector in a hybrid cascade architecture.",IC2,EC1,,,,,,,Excluded
R1067,SpringerLink,2026-07-06,False,A new design of intrusion detection in IoT sector using optimal feature selection and high ranking-based ensemble learning model,B. GopalakrishnanP. Purusothaman,2022,Peer-to-Peer Networking and Applications,10.1007/s12083-022-01336-1,https://link.springer.com/article/10.1007/s12083-022-01336-1,Article,Yes,Unique,Passed,,Springer,Rejected,"The paper addresses generic IoT sector without specific focus on IoMT/healthcare domain, failing to meet IC1.",IC2,EC1,,,,,,,Excluded
R1068,SpringerLink,2026-07-06,False,An Intrusion Detection System Using Machine Learning to Secure the Internet of Drones,Md. AfrozEmmanuel NyakwendeBirendra Goswami,2024,Proceedings of International Conference on Computational Intelligence,10.1007/978-981-97-3526-6_6,https://link.springer.com/chapter/10.1007/978-981-97-3526-6_6,Conference paper,Yes,Unique,Passed,,Springer,Rejected,"The paper focuses on Internet of Drones (IoD) rather than Internet of Medical Things (IoMT), failing to meet the healthcare domain requirement.",,EC1,,,,,,,Excluded
R1069,SpringerLink,2026-07-06,False,A Privacy-Preserving Blockchain Learning Model for Reliable Industrial Internet of Things Data Transmission,Abdulrahman Mathkar Alotaibi,2025,SN Computer Science,10.1007/s42979-025-04082-2,https://link.springer.com/article/10.1007/s42979-025-04082-2,Article,Yes,Unique,Passed,,Springer,Rejected,"The paper focuses on Industrial IoT (IIoT) rather than IoMT/healthcare IoT environments, failing to meet the medical domain requirement.",,EC1,,,,,,,Excluded
R1071,SpringerLink,2026-07-06,False,AI-enabled cybersecurity framework for future 5G wireless infrastructures,Asad AlamAsif UmerInsaf UllahAhmed Alsayat,2026,Scientific Reports,10.1038/s41598-026-37444-8,https://link.springer.com/article/10.1038/s41598-026-37444-8,Article,Yes,Unique,Passed,,OpenAlex,Rejected,The paper focuses on 5G wireless infrastructure security with general IoT integration but does not specifically address IoMT/healthcare environments (EC1) and does not describe a hybrid architecture combining unsupervised anomaly detection with supervised classification (EC3).,,EC1,,,,,,,Excluded
R1072,SpringerLink,2026-07-06,False,Lightweight deep learning-driven secure communication architecture for Internet of Things enabled government applications,Shahnwaz AfzalMohammad Ubaidullah BokhariShadab AlamIrfanullah KhanMohammed ShuaibMehran Ullah,2026,Discover Computing,10.1007/s10791-026-10002-6,https://link.springer.com/article/10.1007/s10791-026-10002-6,Article,Yes,Unique,Passed,,OpenAlex,Rejected,"The paper focuses on secure communication and encryption for government IoT applications, but does not address intrusion detection or anomaly detection systems.",,EC2,,,,,,,Excluded
R1074,SpringerLink,2026-07-06,False,"Cybersecurity for 5G-Enabled IoT Ecosystems: Introduction, Challenges, and Solutions",M. J. C. S. ReisNishu GuptaPrakash PareekJukka Mäkelä,2026,"Transformative Cloud Computing, IoT and Extended Reality",10.1007/978-3-032-03554-7_1,https://link.springer.com/chapter/10.1007/978-3-032-03554-7_1,Chapter,Yes,Unique,Passed,,Springer,Rejected,The paper is a general survey/chapter on 5G-enabled IoT cybersecurity without specific focus on IoMT/healthcare domain or proposing a concrete hybrid IDS architecture.,,EC1,,,,,,,Excluded
R1075,SpringerLink,2026-07-06,False,A systematic mapping review of privacy and security mechanisms in IoT enabled telehealth systems,Marzieh NezamdoustMousa AlizadehAzam SeilsepourAbbas Asosheh,2026,Discover Internet of Things,10.1007/s43926-026-00290-1,https://link.springer.com/article/10.1007/s43926-026-00290-1,Article,Yes,Unique,Passed,,OpenAlex,Rejected,"This is a systematic literature review/mapping study about security and privacy mechanisms in IoT telehealth, not a proposal or evaluation of an intrusion detection system.",IC1,EC2,,,,,,,Excluded
R1076,SpringerLink,2026-07-06,False,Intrusion Detection using Federated Attention Neural Network for Edge Enabled Internet of Things,Xiedong SongQinmin Ma,2024,Journal of Grid Computing,10.1007/s10723-023-09725-3,https://link.springer.com/article/10.1007/s10723-023-09725-3,Article,Yes,Unique,Passed,,Springer,Rejected,"Paper focuses on generic IoT edge detection without addressing IoMT/healthcare domain specifically, and uses purely supervised FedACNN approach without unsupervised anomaly detection component.",IC2,EC1,,,,,,,Excluded
R1077,SpringerLink,2026-07-06,False,Enhancing IoMT security: an advanced FAHP-based security scoring system for medical devices evaluation,Faouzi JaidiSondes Ksibi,2025,The Journal of Supercomputing,10.1007/s11227-025-07876-6,https://link.springer.com/article/10.1007/s11227-025-07876-6,Article,Yes,Unique,Passed,,Springer,Rejected,"The paper focuses on security risk scoring and vulnerability assessment using FAHP for IoMT devices, but does not propose or evaluate an intrusion detection system.",IC1,EC2,,,,,,,Excluded
R1078,SpringerLink,2026-07-06,False,A holistic framework for strengthening security of healthcare data through encryption utilizing blockchain technology,Pokuri VenkataradhakrishnamurtyK. Malathi,2025,Scientific Reports,10.1038/s41598-025-31698-4,https://link.springer.com/article/10.1038/s41598-025-31698-4,Article,Yes,Unique,Passed,,OpenAlex,Rejected,The paper focuses on data encryption and blockchain security for healthcare data management without addressing intrusion detection or anomaly detection systems.,IC1,EC2,,,,,,,Excluded
R1079,SpringerLink,2026-07-06,False,Network Anomaly Detection Using Graph Embedding,Sarvesh ShindeTarun KurakulaVenugopal MuruganTanmay PatilAparna Bannore,2026,ICT Analysis and Applications,10.1007/978-3-032-06703-6_41,https://link.springer.com/chapter/10.1007/978-3-032-06703-6_41,Conference paper,Yes,Unique,Passed,,Springer,Rejected,"The paper addresses generic network anomaly detection using graph embedding techniques without any mention of IoMT, healthcare IoT, or medical device networks (EC1).",IC2,EC1,,,,,,,Excluded
R1080,SpringerLink,2026-07-06,False,A lightweight IoT device identification using enhanced behavioral-based features,Mahdi RabbaniJinkun GuiZeming ZhouFatemeh NejatiMansur MiraniGunjan PiyaIgor OpushnyevRongxing LuAli Ghorbani,2024,Peer-to-Peer Networking and Applications,10.1007/s12083-024-01891-9,https://link.springer.com/article/10.1007/s12083-024-01891-9,Article,Yes,Unique,Passed,,Springer,Rejected,The paper focuses on device identification and access control rather than intrusion or anomaly detection.,,EC2,,,,,,,Excluded
R1081,SpringerLink,2026-07-06,False,"Advanced AI and Digital Twin Solutions: WOA, BERT, ST-GCN, and PSO-Enhanced IoT Cybersecurity and Transformation",Poovendran AlagarsundaramSurendar Rama SitaramanKalyan GattupalliVenkata Surya Bhavana Harish GollavilliHarikumar NagarajanHaris M. Khalid,2025,Computational Tools for Sustainable Industrial Transformation,10.1007/978-981-95-0500-5_1,https://link.springer.com/chapter/10.1007/978-981-95-0500-5_1,Chapter,Yes,Unique,Passed,,Springer,Rejected,"The paper addresses generic IoT cybersecurity without specific focus on IoMT/healthcare domain, failing IC1.",IC2,EC1,,,,,,,Excluded
R1082,SpringerLink,2026-07-06,False,Securing IoMT-based healthcare systems with meta-heuristic quantum cryptography and honeybee optimization,Mohamed A. G. HazberAbdulrahman AlbarrakMohammed AltamimiAnandhavalli MuniasamyAsharul IslamMohammed Altaf AhmedKhaled M. AlalayahShahid HussainReyazur Rashid Irshad,2025,The Journal of Supercomputing,10.1007/s11227-025-08010-2,https://link.springer.com/article/10.1007/s11227-025-08010-2,Article,Yes,Unique,Passed,,Springer,Rejected,The paper focuses on encryption and authentication for IoMT security but does not propose an intrusion detection or anomaly detection system.,IC1,EC2,,,,,,,Excluded
R1083,SpringerLink,2026-07-06,False,Review of generative AI for synthetic data generation: a healthcare perspective,Hafiz Muhammad WaseemSaif Ul IslamNikolaos MatragkasGregory EpiphaniouTheodoros N. ArvanitisCarsten Maple,2025,Artificial Intelligence Review,10.1007/s10462-025-11440-2,https://link.springer.com/article/10.1007/s10462-025-11440-2,Article,Yes,Unique,Passed,,OpenAlex,Rejected,The paper focuses on generative AI for synthetic data generation in healthcare rather than intrusion detection or anomaly detection systems.,,EC2,,,,,,,Excluded
R1085,SpringerLink,2026-07-06,False,Artificial Intelligence-Enabled 6G Mobile Systems,Ahrar Bin AslamFaiza IqbalUnzela TalpurZafi Sherhan SyedFaisal Karim Shaikh,2024,Intelligent Technologies for Healthcare Business Applications,10.1007/978-3-031-58527-2_3,https://link.springer.com/chapter/10.1007/978-3-031-58527-2_3,Chapter,Yes,Unique,Passed,,Springer,Rejected,"The paper discusses AI-enabled 6G mobile systems and mentions security and healthcare broadly, but does not propose or evaluate a specific intrusion detection system with hybrid architecture combining unsupervised and supervised methods.",,EC2,,,,,,,Excluded
R1086,SpringerLink,2026-07-06,False,Human activity recognition in cyber-physical systems using optimized machine learning techniques,Ishaani PriyadarshiniRohit SharmaDhowmya BhattM. Al-Numay,2022,Cluster Computing,10.1007/s10586-022-03662-8,https://link.springer.com/article/10.1007/s10586-022-03662-8,Article,Yes,Unique,Passed,,Springer,Rejected,"Paper focuses on human activity recognition for biometric identification using wearable IoMT devices, but does not address intrusion detection or anomaly detection systems.",IC1,EC2,,,,,,,Excluded
R1088,SpringerLink,2026-07-06,False,Transforming Decision-Making: How AI and Big Data Are Revolutionizing Data-Driven Strategies,Vijaya R. Varma PothuriRama C. KoppulaSake MadhuSatish Kumar Pothuri,2026,"Security, Privacy and Data Analytics",10.1007/978-981-96-8283-6_23,https://link.springer.com/chapter/10.1007/978-981-96-8283-6_23,Conference paper,Yes,Unique,Passed,,Springer,Rejected,The paper is a general survey on AI and Big Data for decision-making across multiple domains without focusing on IoMT or intrusion detection systems.,,EC1,,,,,,,Excluded
R1089,SpringerLink,2026-07-06,False,Blockchain-empowered generalized simplicial quantum equivariant convolutional attention network for secure 6G wireless network management,B. RameshKrishna Prakash ArunachalamLeela Santosh Varma KRakesh K. Kadu,2025,International Journal of Information Technology,10.1007/s41870-025-02947-6,https://link.springer.com/article/10.1007/s41870-025-02947-6,Article,Yes,Unique,Passed,,Springer,Rejected,Paper focuses on generic 6G wireless network management without addressing IoMT or healthcare-specific environments.,IC2,EC1,,,,,,,Excluded
R1090,SpringerLink,2026-07-06,False,"Security and privacy-preserving for machine learning models: attacks, countermeasures, and future directions",Fatema EL-HusseiniHassan N. NouraFlavien Vernier,2025,Annals of Telecommunications,10.1007/s12243-025-01107-y,https://link.springer.com/article/10.1007/s12243-025-01107-y,Article,Yes,Unique,Passed,,Springer,Rejected,"The paper is a general survey on ML security and privacy across various domains including IoT and edge computing, but does not specifically address IoMT/healthcare contexts nor propose a hybrid IDS architecture combining unsupervised and supervised methods.",,EC1,,,,,,,Excluded
R1092,SpringerLink,2026-07-06,False,A federated edge intelligence framework with trust based access control for secure and privacy preserving IoT systems,V. PadmavathiR. Saminathan,2025,Scientific Reports,10.1038/s41598-025-19712-1,https://link.springer.com/article/10.1038/s41598-025-19712-1,Article,Yes,Unique,Passed,,OpenAlex,Rejected,"The paper addresses generic IoT systems without specific focus on IoMT/healthcare domain (EC1), and while it includes intrusion detection, the abstract does not describe a hybrid architecture combining unsupervised anomaly detection with supervised classification.",IC2,EC1,,,,,,,Excluded
R1093,SpringerLink,2026-07-06,False,FICAD: federated learning-based clustering for IoT data aggregation,Darya AzharShokoufehNahideh DerakhshanFardAli Ghaffari,2025,Cluster Computing,10.1007/s10586-025-05579-4,https://link.springer.com/article/10.1007/s10586-025-05579-4,Article,Yes,Unique,Passed,,Springer,Rejected,The paper focuses on federated learning for IoT data aggregation and clustering but does not address intrusion detection or anomaly detection systems.,,EC2,,,,,,,Excluded
R1094,SpringerLink,2026-07-06,False,An efficient edge/cloud medical system for rapid detection of level of consciousness in emergency medicine based on explainable machine learning models,Nora El-RashidyAhmed SedikAli I. SiamZainab H. Ali,2023,Neural Computing and Applications,10.1007/s00521-023-08258-w,https://link.springer.com/article/10.1007/s00521-023-08258-w,Article,Yes,Unique,Passed,,OpenAlex,Rejected,The paper focuses on predicting Glasgow coma scale scores using machine learning in emergency medicine but does not address intrusion detection or anomaly detection in IoMT networks.,,EC2,,,,,,,Excluded
R1095,SpringerLink,2026-07-06,False,Comparative Analysis of Technologies for Optimizing Telemedicine Networks: A Graph Theory-Based Approach,Ibtissam El BaroukiSoumia ZitiNora El Amrani,2026,HealthTech “Global Summit of Digital Health”,10.1007/978-3-032-01970-7_7,https://link.springer.com/chapter/10.1007/978-3-032-01970-7_7,Conference paper,Yes,Unique,Passed,,Springer,Rejected,The paper is a survey comparing networking technologies for telemedicine but does not propose or evaluate an intrusion detection or anomaly detection system.,IC1,EC2,,,,,,,Excluded
R1096,SpringerLink,2026-07-06,False,Enhancing Security in CPS Industry 5.0 using Lightweight MobileNetV3 with Adaptive Optimization Technique,Mohammed A. Aleisa,2025,Scientific Reports,10.1038/s41598-025-00496-3,https://link.springer.com/article/10.1038/s41598-025-00496-3,Article,Yes,Unique,Passed,,OpenAlex,Rejected,"The paper focuses on Industrial IoT (IIoT) and Cyber-Physical Systems for Industry 5.0, not IoMT/healthcare environments, triggering EC1.",IC2,EC1,,,,,,,Excluded
R1097,SpringerLink,2026-07-06,False,Edge computing and federated learning for privacy-preserving IoT analytics,Mohammed Naif Alatawi,2025,Journal on Wireless Communications and Networking,10.1186/s13638-025-02545-x,https://link.springer.com/article/10.1186/s13638-025-02545-x,Article,Yes,Unique,Passed,,OpenAlex,Rejected,"The paper focuses on federated learning and edge computing for general IoT analytics across smart cities, industrial automation, and healthcare, but does not propose or evaluate an intrusion detection or anomaly detection system.",,EC2,,,,,,,Excluded
R1098,SpringerLink,2026-07-06,False,Dynamic distributed generative adversarial network for intrusion detection system over internet of things,S. BalajiS. Sankara Narayanan,2022,Wireless Networks,10.1007/s11276-022-03182-8,https://link.springer.com/article/10.1007/s11276-022-03182-8,Article,Yes,Unique,Passed,,Springer,Rejected,"The paper addresses generic IoT environments without specific focus on IoMT/healthcare domain, failing IC1.",IC2,EC1,,,,,,,Excluded
R1099,SpringerLink,2026-07-06,False,Zero-Trust Blockchain-Based Digital Twin 6G AI-Native Conceptual Framework Against Cyber Attacks for e-Healthcare,Banirupa ChowdhuryHamid JahankhaniSangar Subramaniam,2025,Cybersecurity and Human Capabilities Through Symbiotic Artificial Intelligence,10.1007/978-3-031-82031-1_23,https://link.springer.com/chapter/10.1007/978-3-031-82031-1_23,Conference paper,Yes,Unique,Passed,,Springer,Rejected,The paper proposes a security framework combining multiple technologies but does not describe an intrusion/anomaly detection system with the required hybrid architecture of unsupervised anomaly detection cascaded with supervised classification.,IC1,EC2,,,,,,,Excluded
R1100,SpringerLink,2026-07-06,False,Defensive Generative AI,Leslie F. Sikos,2025,Generative AI in Cybersecurity,10.1007/978-3-032-05250-6_1,https://link.springer.com/chapter/10.1007/978-3-032-05250-6_1,Chapter,Yes,Unique,Passed,,Springer,Rejected,Paper is a general overview of generative AI in cybersecurity without specific focus on IoMT domain or hybrid unsupervised-supervised IDS architecture.,,EC1,,,,,,,Excluded
R1101,SpringerLink,2026-07-06,False,Cross: a cloud-native approach to automated remediation and self-healing in cyber-physical systems,Obinna JohnphillAli Safaa SadiqOmprakash KaiwartyaMohammed Adam Taheir,2026,Cybersecurity,10.1186/s42400-026-00549-8,https://link.springer.com/article/10.1186/s42400-026-00549-8,Article,Yes,Unique,Passed,,OpenAlex,Rejected,"The paper addresses generic cyber-physical systems (CPS) rather than IoMT/healthcare-specific environments, and focuses on self-healing/remediation rather than intrusion detection with hybrid unsupervised-supervised architecture.",,EC1,,,,,,,Excluded
R1102,SpringerLink,2026-07-06,False,Research on privacy protection and performance optimization of 6G communication network based on the fusion of federated learning and edge computing,Haifeng Zhao,2025,Discover Artificial Intelligence,10.1007/s44163-025-00687-x,https://link.springer.com/article/10.1007/s44163-025-00687-x,Article,Yes,Unique,Passed,,OpenAlex,Rejected,"The paper focuses on 6G communication networks with Human Activity Recognition and does not address IoMT, medical IoT, or healthcare IoT environments specifically, nor does it propose an intrusion or anomaly detection system.",,EC1,,,,,,,Excluded
R1103,SpringerLink,2026-07-06,False,Differential privacy-enabled federated learning for secure neural synchronization in protecting industrial data streams,Feifei NiuArindam SarkarSarbajit MannaSoumya ChatterjeeAbdulfattah NoorwaliKamal M. Othman,2025,Cluster Computing,10.1007/s10586-025-05609-1,https://link.springer.com/article/10.1007/s10586-025-05609-1,Article,Yes,Unique,Passed,,Springer,Rejected,"The paper focuses on Industrial IoT (IIoT) environments including manufacturing and automation, not specifically on IoMT/healthcare IoT systems, thus failing IC1.",,EC1,,,,,,,Excluded
R1104,SpringerLink,2026-07-06,False,"BC and&#xa0;Federated Learning for&#xa0;the&#xa0;Management and&#xa0;Orchestration of&#xa0;Network Slices in&#xa0;5G, Fog, Edge, and&#xa0;Clouds",Richa GolashShahnawaz AhmadBhawanaNaween Kumar,2026,"Integrating Cloud, Fog, and Edge Computing in Healthcare: Federated Learning and Blockchain Approaches",10.1007/978-3-031-96265-3_4,https://link.springer.com/chapter/10.1007/978-3-031-96265-3_4,Chapter,Yes,Unique,Passed,,Springer,Rejected,The paper focuses on blockchain and federated learning for network slice management in 5G/Edge/Cloud environments rather than intrusion or anomaly detection systems.,IC1,EC2,,,,,,,Excluded
R1105,SpringerLink,2026-07-06,False,Energy-efficient wireless sensor networks: A novel hybrid adaptive archimedes marine predator-based routing strategy,S. MathupriyaA. ChinnasamySathies Kumar Thangarajan,2025,Peer-to-Peer Networking and Applications,10.1007/s12083-025-02104-7,https://link.springer.com/article/10.1007/s12083-025-02104-7,Article,Yes,Unique,Passed,,Springer,Rejected,The paper focuses on energy-efficient routing in generic wireless sensor networks without addressing IoMT/healthcare domain or intrusion detection systems.,,EC1,,,,,,,Excluded
R1106,SpringerLink,2026-07-06,False,Computations and Methods,Vijayarangan Natarajan,2025,Computational Artificial Intelligence and Methods for industries,10.1007/978-981-96-5277-8_2,https://link.springer.com/chapter/10.1007/978-981-96-5277-8_2,Chapter,Yes,Unique,Passed,,Springer,Rejected,This appears to be a book chapter overview covering multiple disparate topics including healthcare IoT but lacks any focus on intrusion or anomaly detection systems.,,EC2,,,,,,,Excluded
R1108,SpringerLink,2026-07-06,False,A Review of IoT Security Solutions Using Machine Learning and Deep Learning,Anamika ChauhanKapil Sharma,2023,Proceedings of Data Analytics and Management,10.1007/978-981-99-6550-2_10,https://link.springer.com/chapter/10.1007/978-981-99-6550-2_10,Conference paper,Yes,Unique,Passed,,Springer,Rejected,This is a general survey paper on IoT security using ML/DL without specific focus on IoMT/healthcare domain or hybrid detection architectures.,,EC1,,,,,,,Excluded
R1110,SpringerLink,2026-07-06,False,Adaptive Layered Trustworthiness Assessment Model (ALTAM) for&#xa0;5G Services Deployment,Samra BouakkazLuis SuárezNora Boulahia-CuppensFrédéric Cuppens,2026,Network and System Security,10.1007/978-981-95-6419-4_2,https://link.springer.com/chapter/10.1007/978-981-95-6419-4_2,Conference paper,Yes,Unique,Passed,,Springer,Rejected,"The paper addresses trustworthiness assessment for 5G services deployment with cloud providers, not IoMT/healthcare intrusion detection.",,EC1,,,,,,,Excluded
R1112,SpringerLink,2026-07-06,False,Blockchain and fog computing model for secure data access control mechanisms for distributed data storage and authentication using hybrid encryption algorithm,Ruchi AgrawalSaurabh SinghalAshish Sharma,2024,Cluster Computing,10.1007/s10586-024-04411-9,https://link.springer.com/article/10.1007/s10586-024-04411-9,Article,Yes,Unique,Passed,,Springer,Rejected,The paper focuses on blockchain and fog computing for secure data access control in distributed systems but does not address IoMT/healthcare domain or intrusion/anomaly detection functionality.,,EC1,,,,,,,Excluded
R1113,SpringerLink,2026-07-06,False,Design of Machine-Learning Framework for Cyber Attack Detection in Internet of Healthcare Things (IoHT): Critical Analysis,SurbhiNupa Ram ChouhanNeeraj Dahiya,2024,Trends in Mechatronics Systems,10.1007/978-981-97-9108-8_4,https://link.springer.com/chapter/10.1007/978-981-97-9108-8_4,Chapter,Yes,Unique,Passed,,Springer,Rejected,The paper discusses a general machine-learning framework for IoHT cyber attack detection but does not describe a hybrid architecture combining unsupervised anomaly detection with supervised classification.,"IC1, IC2",EC3,,,,,,,Excluded
R1114,SpringerLink,2026-07-06,False,Saraswati: an insight into the energy efficiency and security protocol in a fog computing environment,Tathagata BhattacharyaVyshnavi ErukullaSumanth IsukapatiHarshavardhan MekaSrikanth Ponaganti,2025,The Journal of Supercomputing,10.1007/s11227-025-08108-7,https://link.springer.com/article/10.1007/s11227-025-08108-7,Article,Yes,Unique,Passed,,Springer,Rejected,"Paper focuses on fog computing energy efficiency and security for smart parking, not IoMT/healthcare domain, and does not describe a hybrid IDS architecture combining unsupervised anomaly detection with supervised classification.",,EC1,,,,,,,Excluded
R1116,SpringerLink,2026-07-06,False,Neuro-Symbolic Federated Learning Models for Diagnostic Intelligence in Healthcare 5.0,Indra KishorUdit Mamodiya,2026,The Convergence of Federated Learning and Healthcare 5.0 and Beyond:  A New Era of Intelligent Health Systems,10.1007/978-3-032-03985-9_38,https://link.springer.com/chapter/10.1007/978-3-032-03985-9_38,Chapter,Yes,Unique,Passed,,Springer,Rejected,"The paper focuses on federated learning for clinical diagnostics with symbolic reasoning and interpretability, but does not address intrusion detection or anomaly detection in IoMT networks.",IC1,EC2,,,,,,,Excluded
R1117,SpringerLink,2026-07-06,False,Fuzzy Frontiers: Advances in Fuzzy Systems for Real-World Applications,V. Esther JyothiRamakrishna RegulagaddaA. ManjulaG. V. K. MurthyPuvvada NageshG. Siva Nageswara Rao,2025,Data Analytics for Smart Robotics and Its Applications,10.1007/978-3-031-87697-4_7,https://link.springer.com/chapter/10.1007/978-3-031-87697-4_7,Chapter,Yes,Unique,Passed,,Springer,Rejected,"Paper focuses on general fuzzy logic systems across various domains without addressing IoMT, healthcare networks, or intrusion detection systems.",,EC1,,,,,,,Excluded
R1118,SpringerLink,2026-07-06,False,Federated learning in Emotion Recognition Systems based on physiological signals for privacy preservation: a review,Neha GahlanDivyashikha Sethia,2024,Multimedia Tools and Applications,10.1007/s11042-024-19467-3,https://link.springer.com/article/10.1007/s11042-024-19467-3,Article,Yes,Unique,Passed,,Springer,Rejected,"The paper focuses on emotion recognition systems using physiological signals with federated learning for privacy, not on intrusion detection or anomaly detection in IoMT networks.",,EC2,,,,,,,Excluded
R1119,SpringerLink,2026-07-06,False,Federated Learning in&#xa0;Healthcare with&#xa0;Unsupervised and&#xa0;Semi-Supervised Methods,Juan Paños-BasterraM. Dolores RuizMaria J. Martin-Bautista,2023,Flexible Query Answering Systems,10.1007/978-3-031-42935-4_15,https://link.springer.com/chapter/10.1007/978-3-031-42935-4_15,Conference paper,Yes,Unique,Passed,,Springer,Rejected,The paper is a general overview of federated learning methods in healthcare and does not propose or evaluate any intrusion detection or anomaly detection system.,IC1,EC2,,,,,,,Excluded
R1120,SpringerLink,2026-07-06,False,Forensics and security issues in the Internet of Things,Shams Forruque AhmedShanjana Shuravi ShawonAfsana BhuyianShaila AfrinAanushka MehjabinSweety Angela KuldeepMd. Sakib Bin AlamAmir H. Gandomi,2025,Wireless Networks,10.1007/s11276-025-03942-2,https://link.springer.com/article/10.1007/s11276-025-03942-2,Article,Yes,Unique,Passed,,OpenAlex,Rejected,Paper is a general review of forensic and security issues in IoT without proposing or evaluating a specific hybrid intrusion detection system combining unsupervised and supervised methods.,,EC2,,,,,,,Excluded
R1121,SpringerLink,2026-07-06,False,Recent trends in data privacy and security of IoT networks through federated learning,Linthoingambi TakhellambamUrikhimbam Boby ClintonNazrul HoqueKhumukcham Robindro SinghJugal KalitaDhruba K. Bhattacharyya,2026,Discover Networks,10.1007/s44354-026-00021-6,https://link.springer.com/article/10.1007/s44354-026-00021-6,Article,Yes,Unique,Passed,,OpenAlex,Rejected,"This is a survey on federated learning for IoT security and privacy, not a proposal or evaluation of a hybrid intrusion detection system combining unsupervised anomaly detection with supervised classification.",,EC2,,,,,,,Excluded
R1123,SpringerLink,2026-07-06,False,Blockchain-enabled federated learning with edge analytics for secure and efficient electronic health records management,Munusamy SJothi K R,2025,Scientific Reports,10.1038/s41598-025-12225-x,https://link.springer.com/article/10.1038/s41598-025-12225-x,Article,Yes,Unique,Passed,,OpenAlex,Rejected,The paper focuses on federated learning for EHR management but does not propose or evaluate an intrusion detection or anomaly detection system.,,EC2,,,,,,,Excluded
R1124,SpringerLink,2026-07-06,False,IoT-based bed and ventilator management system during the COVID-19 pandemic,Vivek Kumar PrasadDebabrata DansanaS. Gopal Krishna PatroAyodeji Olalekan SalauDivyang YadavBrojo Kishore Mishra,2025,Scientific Reports,10.1038/s41598-025-03144-y,https://link.springer.com/article/10.1038/s41598-025-03144-y,Article,Yes,Unique,Passed,,OpenAlex,Rejected,"The paper focuses on bed and ventilator management and patient health prediction during COVID-19, not on intrusion detection or anomaly detection in IoMT networks.",IC1,EC2,,,,,,,Excluded
R1125,SpringerLink,2026-07-06,False,Construction of computer nursing model for ECG monitoring based on MVC development pattern,Junxia LiuYan NiuGuanghui ZhangYanhong ZhangJiaosheng Lü,2025,Discover Applied Sciences,10.1007/s42452-025-07885-3,https://link.springer.com/article/10.1007/s42452-025-07885-3,Article,Yes,Unique,Passed,,OpenAlex,Rejected,The paper focuses on a supervised classification system (StackingClassifier) for arrhythmia detection without any unsupervised anomaly detection component in the architecture.,"IC1, IC2",EC3,,,,,,,Excluded
R1126,SpringerLink,2026-07-06,False,Empowering secure and sustainable healthcare through federated learning and blockchain synergies in a Medical Internet of Things,Jing WangSarbajit MannaMuammer AksoyArindam SarkarMd Arafatur RahmanAbdulfattah NoorwaliKamal M. OthmanMohammed J. F. Alenazi,2025,International Journal of Machine Learning and Cybernetics,10.1007/s13042-025-02698-7,https://link.springer.com/article/10.1007/s13042-025-02698-7,Article,Yes,Unique,Passed,,Springer,Rejected,The paper focuses on disease prediction using federated learning with supervised classifiers but does not propose an intrusion detection or anomaly detection system for IoMT networks.,IC1,EC2,,,,,,,Excluded
R1127,SpringerLink,2026-07-06,False,Development of Multilayer IoT Enables Intrusion Detection System for Physical Objects,Bablu Kumar SinghAjay Kumar Vyas,2026,"Sustainable Communication, Machine Intelligence and Metaverse",10.1007/978-981-96-9650-5_10,https://link.springer.com/chapter/10.1007/978-981-96-9650-5_10,Conference paper,Yes,Unique,Passed,,Springer,Rejected,"The paper describes a physical intrusion detection system using ultrasonic sensors for physical object proximity monitoring, not a network-based intrusion/anomaly detection system for IoMT/healthcare networks.",,EC2,,,,,,,Excluded
R1128,SpringerLink,2026-07-06,False,Innovative feature extraction and selection for wireless sensor networks: enhancing cybersecurity and data transmission using WKPCA-SVD and RWS-ARO algorithms,G. ShanmugasundaramP. IyappanR. Ramachandiran,2025,International Journal of Machine Learning and Cybernetics,10.1007/s13042-025-02733-7,https://link.springer.com/article/10.1007/s13042-025-02733-7,Article,Yes,Unique,Passed,,Springer,Rejected,The paper focuses on generic wireless sensor networks (WSNs) for cybersecurity and data transmission without addressing IoMT or healthcare domain applications.,,EC1,,,,,,,Excluded
R1129,SpringerLink,2026-07-06,False,An energy-efficient cluster routing for internet of things-enabled wireless sensor network using mapdiminution-based training-discovering optimization algorithm,N NathiyaC RajanK Geetha,2023,Sādhanā,10.1007/s12046-023-02371-1,https://link.springer.com/article/10.1007/s12046-023-02371-1,Article,Yes,Unique,Passed,,Springer,Rejected,"The paper addresses IoT-enabled WSN but not specifically IoMT/healthcare domain, and uses a supervised hybrid classifier (ANN+SA) without unsupervised anomaly detection component.",IC2,EC1,,,,,,,Excluded
R1130,SpringerLink,2026-07-06,False,An enhanced deep learning integrated blockchain framework for securing industrial IoT,G. SuneethaD. Haripriya,2024,Peer-to-Peer Networking and Applications,10.1007/s12083-024-01857-x,https://link.springer.com/article/10.1007/s12083-024-01857-x,Article,Yes,Unique,Passed,,Springer,Rejected,"The paper focuses on Industrial IoT (IIoT) rather than IoMT/healthcare domain, failing to meet IC1.",,EC1,,,,,,,Excluded
R1131,SpringerLink,2026-07-06,False,A systematic review of quantum machine learning for digital health,Riddhi S. GuptaCarolyn E. WoodTeyl EngstromJason D. PoleSally Shrapnel,2025,npj Digital Medicine,10.1038/s41746-025-01597-z,https://link.springer.com/article/10.1038/s41746-025-01597-z,Article,Yes,Unique,Passed,,OpenAlex,Rejected,"This is a systematic review of quantum machine learning for digital health in general, not focused on intrusion detection or anomaly detection in IoMT networks.",,EC2,,,,,,,Excluded
R1132,SpringerLink,2026-07-06,False,Intrusion Detection Systems in&#xa0;IoT Networks by&#xa0;LightGBM Optimized with&#xa0;Altered Firefly Algorithm,Ninoslava JankovicTamara ZivkovicVladimir MarkovicBranislav RadomirovicMiodrag ZivkovicLuka JovanovicNebojsa Bacanin,2026,Proceedings of International Conference on Communication and Computational Technologies,10.1007/978-981-95-3498-2_26,https://link.springer.com/chapter/10.1007/978-981-95-3498-2_26,Conference paper,Yes,Unique,Passed,,Springer,Rejected,"While the paper addresses IoT intrusion detection, it does not specifically focus on IoMT/healthcare IoT environments and employs only a supervised classifier (LightGBM) without incorporating unsupervised anomaly detection.",IC2,EC1,,,,,,,Excluded
R1133,SpringerLink,2026-07-06,False,Cloud data privacy protection with homomorphic algorithm: a systematic literature review,Michael Ayitey JuniorPeter AppiaheneObed AppiahKwabena Adu,2025,Journal of Cloud Computing,10.1186/s13677-025-00774-5,https://link.springer.com/article/10.1186/s13677-025-00774-5,Article,Yes,Unique,Passed,,OpenAlex,Rejected,Paper focuses on homomorphic encryption for cloud data privacy protection without addressing IoMT/healthcare domain or intrusion detection systems.,,EC1,,,,,,,Excluded
R1134,SpringerLink,2026-07-06,False,Analyzing anonymous activities using Interrupt-aware Anonymous User-System Detection Method (IAU-S-DM) in IoT,Hani AlshahraniMohd AnjumSana ShahabMana Saleh Al ReshanAdel SulaimanAsadullah Shaikh,2024,Scientific Reports,10.1038/s41598-024-67956-0,https://link.springer.com/article/10.1038/s41598-024-67956-0,Article,Yes,Unique,Passed,,OpenAlex,Rejected,The paper addresses generic IoT intrusion detection without specific focus on IoMT/healthcare domain (EC1) and appears to use only deep recurrent learning without evidence of hybrid unsupervised-supervised architecture (EC3).,IC2,EC1,,,,,,,Excluded
R1136,SpringerLink,2026-07-06,False,QuickMedBlock: A framework for enhanced attribute-based access control using blockchain for EHR in cloud,Aarti PuniaPreeti GuliaNasib Singh GillUmesh Kumar LilhoreSarita SimaiyaRoobaea AlroobaeaHamed AlsufyaniAbdullah M. Baqasah,2025,Peer-to-Peer Networking and Applications,10.1007/s12083-025-02063-z,https://link.springer.com/article/10.1007/s12083-025-02063-z,Article,Yes,Unique,Passed,,Springer,Rejected,"The paper focuses on access control and federated learning for EHR systems using blockchain, but does not propose or evaluate any intrusion detection or anomaly detection system.",IC1,EC2,,,,,,,Excluded
R1137,SpringerLink,2026-07-06,False,The Rise of Particle Swarm Optimization: A Systematic Bibliometric &amp; Thematic Review (1995–2025),Rohit SalgotraReshu ChaudharyPooja VermaSayedali Mirjalili,2026,Archives of Computational Methods in Engineering,10.1007/s11831-026-10532-8,https://link.springer.com/article/10.1007/s11831-026-10532-8,Article,Yes,Unique,Passed,,OpenAlex,Rejected,"This is a bibliometric review of Particle Swarm Optimization algorithm across various domains, not a study of intrusion detection systems in IoMT environments.",,EC5,,,,,,,Excluded
R1138,SpringerLink,2026-07-06,False,Secure and adaptive authentication in fog-assisted smart homes using personalized federated learning,Waseem AbbassNasim AbbasMuhammad Awais JavedAbdul Khader Jilani Saudagar,2025,The Journal of Supercomputing,10.1007/s11227-025-08055-3,https://link.springer.com/article/10.1007/s11227-025-08055-3,Article,Yes,Unique,Passed,,Springer,Rejected,"The paper addresses smart home authentication using federated learning but does not propose an intrusion detection or anomaly detection system, nor does it combine unsupervised anomaly detection with supervised classification.",,EC2,,,,,,,Excluded
R1140,SpringerLink,2026-07-06,False,"Heterogeneous IoT (HetIoT) security: techniques, challenges and open issues",Shalaka S. MahadikPranav M. PawarRaja Muthalagu,2023,Multimedia Tools and Applications,10.1007/s11042-023-16715-w,https://link.springer.com/article/10.1007/s11042-023-16715-w,Article,Yes,Unique,Passed,,Springer,Rejected,This is a broad survey paper on heterogeneous IoT security techniques without proposing or evaluating a specific hybrid intrusion detection system combining unsupervised anomaly detection with supervised classification.,,EC2,,,,,,,Excluded
R1141,SpringerLink,2026-07-06,False,A Data-Driven Approach to IoT Security: Detecting Cyber Attacks with AEInc-BGTO,Jeyalakshmi ShunmugiahSekar SellappanKarthikeyan LakshmananRavikumar Sethuraman,2025,Annals of Data Science,10.1007/s40745-025-00634-8,https://link.springer.com/article/10.1007/s40745-025-00634-8,Article,Yes,Unique,Passed,,Springer,Rejected,"The paper addresses generic IoT security rather than IoMT/healthcare-specific environments, and uses a purely supervised deep learning approach (Attention-Embedded InceptionV4 + BiLSTM) without an unsupervised anomaly detection component.",IC2,EC1,,,,,,,Excluded
R1143,SpringerLink,2026-07-06,False,Federated learning for 6G-enabled secure communication systems: a comprehensive survey,Deepika SirohiNeeraj KumarPrashant Singh RanaSudeep TanwarRahat IqbalMohammad Hijjii,2023,Artificial Intelligence Review,10.1007/s10462-023-10417-3,https://link.springer.com/article/10.1007/s10462-023-10417-3,Article,Yes,Unique,Passed,,SemanticScholar,Rejected,The paper is a survey on federated learning for 6G communication systems across various domains but does not specifically address IoMT/healthcare intrusion detection or propose a hybrid IDS architecture.,,EC1,,,,,,,Excluded
R1144,SpringerLink,2026-07-06,False,Exploring Process Mining in Human Activity Recognition: Challenges and Future Directions,Dipanwita ThakurAntonella GuzzoGiancarlo Fortino,2026,Internet of Things Meets Business Process Management,10.1007/978-3-031-90746-3_6,https://link.springer.com/chapter/10.1007/978-3-031-90746-3_6,Chapter,Yes,Unique,Passed,,Springer,Rejected,"The paper focuses on human activity recognition (HAR) using process mining in healthcare, but does not address intrusion detection or anomaly detection systems for IoMT networks.",IC1,EC2,,,,,,,Excluded
R1145,SpringerLink,2026-07-06,False,Design of an improved model for secure routing using CAFR-net and EPM-core in adversarial network environments,Rahul MahajanSrikant V. Sonekar,2025,International Journal of Information Technology,10.1007/s41870-025-03011-z,https://link.springer.com/article/10.1007/s41870-025-03011-z,Article,Yes,Unique,Passed,,Springer,Rejected,The paper focuses on secure routing in general wireless and distributed networks without addressing IoMT/healthcare domain and does not describe a hybrid IDS combining unsupervised anomaly detection with supervised classification.,,EC1,,,,,,,Excluded
R1146,SpringerLink,2026-07-06,False,A temporal federated learning of neural network for enhancing controllability temporal network robustness on federated social internet of things networks,Xiang ZhaoPeyman Arebi,2025,Journal of Big Data,10.1186/s40537-025-01338-9,https://link.springer.com/article/10.1186/s40537-025-01338-9,Article,Yes,Unique,Passed,,OpenAlex,Rejected,"The paper focuses on network controllability and robustness in Social IoT rather than intrusion/anomaly detection, and does not address IoMT/healthcare domain.",,EC1,,,,,,,Excluded
R1147,SpringerLink,2026-07-06,False,Genetic biomarkers and machine learning techniques for predicting diabetes: systematic review,Sulaiman KhanFarida MohsenZubair Shah,2024,Artificial Intelligence Review,10.1007/s10462-024-11020-w,https://link.springer.com/article/10.1007/s10462-024-11020-w,Article,Yes,Unique,Passed,,OpenAlex,Rejected,"The paper focuses on diabetes prediction using genetic biomarkers and machine learning, not on IoMT intrusion detection or anomaly detection systems.",,EC5,,,,,,,Excluded
R1148,SpringerLink,2026-07-06,False,Techniques and challenges for nuclei segmentation in cervical smear images: a review,Assad RasheedSyed Hamad ShiraziPordil KhanAli M. AseereMuhammad Shahzad,2025,Artificial Intelligence Review,10.1007/s10462-025-11207-9,https://link.springer.com/article/10.1007/s10462-025-11207-9,Article,Yes,Unique,Passed,,OpenAlex,Rejected,"Paper focuses on cervical cancer nuclei segmentation in histopathological images, which is medical imaging analysis, not IoMT intrusion detection or network security.",,EC5,,,,,,,Excluded
R1149,SpringerLink,2026-07-06,False,Decentralized federated multi-view sparse subspace clustering,Yifan LeiXiaohong Chen,2025,Annals of Mathematics and Artificial Intelligence,10.1007/s10472-025-09977-7,https://link.springer.com/article/10.1007/s10472-025-09977-7,Article,Yes,Unique,Passed,,Springer,Rejected,"The paper addresses decentralized federated learning for multi-view subspace clustering but does not focus on IoMT/healthcare domain, intrusion detection, or hybrid IDS architecture combining unsupervised and supervised methods.",,EC1,,,,,,,Excluded
R1150,SpringerLink,2026-07-06,False,Adaptive Hardware-Assisted Data-Flow Integrity for Secure RISC-V IoT Devices,K. KannaiahSrinivasulu JogiB. Naresh Kumar Reddy,2026,"Proceedings of the National Academy of Sciences, India Section A: Physical Sciences",10.1007/s40010-026-01157-4,https://link.springer.com/article/10.1007/s40010-026-01157-4,Article,Yes,Unique,Passed,,Springer,Rejected,"The paper focuses on data-flow integrity protection and control-flow hijacking prevention for RISC-V IoT devices, but does not address intrusion detection or anomaly detection systems.",,EC2,,,,,,,Excluded
R1151,SpringerLink,2026-07-06,False,Trustworthy AI for secure and robust machine learning through blockchain enabled data integrity,Seid Mehammed AbduGirma BewuketuDemeke GetanehMd Nasre AlamArmilyn Cosico FernandezAnna Beth Amante BascoZafrul HasanMohammad Serajuddin,2026,Discover Artificial Intelligence,10.1007/s44163-026-01443-5,https://link.springer.com/article/10.1007/s44163-026-01443-5,Article,Yes,Unique,Passed,,OpenAlex,Rejected,The paper focuses on blockchain-based federated learning security without addressing IoMT/healthcare domains or intrusion detection systems.,,EC1,,,,,,,Excluded
R1153,SpringerLink,2026-07-06,False,Advances in Artificial Rabbits Optimization: A Comprehensive Review,Ferzat AnkaNazim AgaogluSajjad NematzadehMahsa Torkamanian-afsharFarhad Soleimanian Gharehchopogh,2024,Archives of Computational Methods in Engineering,10.1007/s11831-024-10202-7,https://link.springer.com/article/10.1007/s11831-024-10202-7,Article,Yes,Unique,Passed,,SemanticScholar,Rejected,"This paper is a review of the Artificial Rabbit Optimization algorithm for general optimization problems, not focused on IoMT intrusion detection systems.",,EC5,,,,,,,Excluded
R1154,SpringerLink,2026-07-06,False,Security and efficiency improvement of internet financial payment based on blockchain technology,Songtao LiGeng Jiang,2025,Discover Computing,10.1007/s10791-025-09835-4,https://link.springer.com/article/10.1007/s10791-025-09835-4,Article,Yes,Unique,Passed,,OpenAlex,Rejected,The paper focuses on blockchain-based financial payment systems without addressing IoMT/healthcare domain or intrusion detection for medical IoT environments.,,EC1,,,,,,,Excluded
R1155,SpringerLink,2026-07-06,False,Enhancing IoT Security with a Decentralized Collaborative Intrusion Detection System Using IPFS and Blockchain Technology,Soufian El airajFatima AmounasMohamed Badiy,2025,"Intersection of Artificial Intelligence, Data Science, and Cutting-Edge Technologies: From Concepts to Applications in Smart Environment",10.1007/978-3-031-90921-4_61,https://link.springer.com/chapter/10.1007/978-3-031-90921-4_61,Conference paper,Yes,Unique,Passed,,Springer,Rejected,"The paper focuses on generic IoT security without specific focus on IoMT/healthcare domain, and does not describe a hybrid architecture combining unsupervised anomaly detection with supervised classification.",IC2,EC1,,,,,,,Excluded
R1156,SpringerLink,2026-07-06,False,Detecting Cyber-Attacks on Internet of Things Devices: An Effective Preprocessing Method,Ngo-Quoc Dung,2023,Computational Intelligence for Engineering and Management Applications,10.1007/978-981-19-8493-8_40,https://link.springer.com/chapter/10.1007/978-981-19-8493-8_40,Conference paper,Yes,Unique,Passed,,Springer,Rejected,Paper focuses on feature preprocessing methods for generic IoT intrusion detection without addressing IoMT/healthcare domain or employing a hybrid architecture combining unsupervised and supervised methods.,,EC1,,,,,,,Excluded
R1157,SpringerLink,2026-07-06,False,A cloud-based SCIUMA framework for standardisation of cyber incident response,Tamara ZhukabayevaOluwaseguan AdedugbeElhadj Benkhelifa,2026,Cluster Computing,10.1007/s10586-026-05992-3,https://link.springer.com/article/10.1007/s10586-026-05992-3,Article,Yes,Unique,Passed,,Springer,Rejected,"The paper focuses on cloud-based cyber incident response framework for general enterprise environments (financial services) without addressing IoMT, medical IoT, or healthcare networks.",,EC1,,,,,,,Excluded
R1158,SpringerLink,2026-07-06,False,Improving the Accuracy of Network Intrusion Detection System in Medical IoT Systems through Butterfly Optimization Algorithm,Ya LiSeyed-mohsen GhoreishiAlibek Issakhov,2021,Wireless Personal Communications,10.1007/s11277-021-08756-x,https://link.springer.com/article/10.1007/s11277-021-08756-x,Article,Yes,Unique,Passed,,Springer,Rejected,"The paper uses only supervised classification (artificial neural network) with feature selection, lacking the unsupervised anomaly detection component required for a hybrid architecture.","IC1, IC2",EC3,,,,,,,Excluded
R1159,SpringerLink,2026-07-06,False,"Exploring the integration of blockchain technology, physical unclonable function, and machine learning for authentication in cyber-physical systems",Hind A. Al-GhuraybiMohammed A. AlZainBen Soh,2023,Multimedia Tools and Applications,10.1007/s11042-023-16979-2,https://link.springer.com/article/10.1007/s11042-023-16979-2,Article,Yes,Unique,Passed,,Springer,Rejected,"The paper focuses on blockchain, PUF, and machine learning for authentication in general cyber-physical systems without specific focus on IoMT/healthcare domain or intrusion detection systems.",,EC1,,,,,,,Excluded
R1160,SpringerLink,2026-07-06,False,RETRACTED ARTICLE: An improved ensembling techniques for prediction of breast cancer tissues,Varshali JaiswalPreetam SumanDhananjay Bisen,2023,Multimedia Tools and Applications,10.1007/s11042-023-16949-8,https://link.springer.com/article/10.1007/s11042-023-16949-8,Article,Yes,Unique,Passed,,Springer,Rejected,"Paper focuses on breast cancer tissue prediction using machine learning, not IoMT intrusion detection systems.",,EC5,,,,,,,Excluded
R1161,SpringerLink,2026-07-06,False,Security Challenges in Wireless Sensor Network: Current Status and Future Trends,G. Mohan RamE. Ilavarasan,2024,Wireless Personal Communications,10.1007/s11277-024-11660-9,https://link.springer.com/article/10.1007/s11277-024-11660-9,Article,Yes,Unique,Passed,,Springer,Rejected,This is a general survey on WSN security challenges and routing protocols without proposing or evaluating any intrusion detection system architecture.,,EC2,,,,,,,Excluded
R1163,SpringerLink,2026-07-06,False,Exploring privacy mechanisms and metrics in federated learning,Dhanya ShenoyRadhakrishna BhatKrishna Prakasha K,2025,Artificial Intelligence Review,10.1007/s10462-025-11170-5,https://link.springer.com/article/10.1007/s10462-025-11170-5,Article,Yes,Unique,Passed,,OpenAlex,Rejected,"Paper focuses on federated learning privacy mechanisms across general domains (NLP, healthcare, IoT) but does not propose or evaluate an intrusion detection system.",,EC2,,,,,,,Excluded
R1164,SpringerLink,2026-07-06,False,Quantum-resistant encrypted multi-signature aggregation and context-aware adversarial double deep Q-networks for cloud user authentication,S. ShinyS. VidhyaP. M. Siva RajaR. Megiba Jasmine,2026,Quantum Information Processing,10.1007/s11128-026-05214-0,https://link.springer.com/article/10.1007/s11128-026-05214-0,Article,Yes,Unique,Passed,,Springer,Rejected,"The paper focuses on cloud user authentication using quantum-resistant cryptography and deep reinforcement learning, but does not address IoMT/healthcare environments (EC1) or intrusion/anomaly detection systems (EC2).",,EC1,,,,,,,Excluded
R1165,SpringerLink,2026-07-06,False,A privacy preserving mechanisms to secure data driven approaches in industrial internet of things: A bibliometric analysis,Kapil KumarManju Khari,2026,Peer-to-Peer Networking and Applications,10.1007/s12083-026-02220-y,https://link.springer.com/article/10.1007/s12083-026-02220-y,Article,Yes,Unique,Passed,,OpenAlex,Rejected,"The paper is a bibliometric analysis and review of IIoT security literature, not proposing or evaluating a specific hybrid IDS architecture for IoMT environments.",,EC1,,,,,,,Excluded
R1166,SpringerLink,2026-07-06,False,"Federated Learning Enabled Edge Computing Security for Internet of Medical Things: Concepts, Challenges and Open Issues",Gautam SrivastavaDasaradharami Reddy K.Supriya Y.Gokul YenduriPawan HegdeThippa Reddy GadekalluPraveen Kumar Reddy MaddikuntaSweta Bhattacharya,2023,Security and Risk Analysis for Intelligent Edge Computing,10.1007/978-3-031-28150-1_3,https://link.springer.com/chapter/10.1007/978-3-031-28150-1_3,Chapter,Yes,Unique,Passed,,Springer,Rejected,The paper focuses on federated learning and edge computing for IoMT security but does not propose or evaluate a hybrid intrusion detection system combining unsupervised anomaly detection with supervised classification.,IC1,EC2,,,,,,,Excluded
R1168,SpringerLink,2026-07-06,False,Securing the Internet of Things: AI-Powered Threat Detection and Safety Measures,Leena AryaYogesh Kumar SharmaSuman DeviHarish PadmanabanRamakrishna Kumar,2024,Proceedings of International Conference on Recent Innovations in Computing,10.1007/978-981-97-3442-9_7,https://link.springer.com/chapter/10.1007/978-981-97-3442-9_7,Conference paper,Yes,Unique,Passed,,Springer,Rejected,"The paper addresses generic IoT security without specific focus on IoMT/healthcare domain, and lacks clear evidence of a hybrid architecture combining unsupervised anomaly detection with supervised classification.",IC2,EC1,,,,,,,Excluded
R1169,SpringerLink,2026-07-06,False,An Optimized Low-Energy Adaptive Uneven Clustering Hierarchy for Cognitive Radio Sensor Networks,Sreechandra SwarnaVenkata Ratnam KolluruBalamuralikrishna Potti,2026,"Proceedings of the Second Congress on Control, Robotics, and Mechatronics",10.1007/978-981-96-7545-6_5,https://link.springer.com/chapter/10.1007/978-981-96-7545-6_5,Conference paper,Yes,Unique,Passed,,Springer,Rejected,Paper focuses on clustering and energy optimization in cognitive radio sensor networks without addressing intrusion detection or anomaly detection systems.,,EC2,,,,,,,Excluded
R1170,SpringerLink,2026-07-06,False,A Hybrid AI-Based Model for&#xa0;Secure Image Encryption in&#xa0;Cloud Storage Systems,Mamta P. KhanchandaniSanjay BuchBharat Patel,2026,Soft Computing and Its Engineering Applications,10.1007/978-3-032-22062-2_23,https://link.springer.com/chapter/10.1007/978-3-032-22062-2_23,Conference paper,Yes,Unique,Passed,,Springer,Rejected,"The paper focuses on image encryption for cloud storage systems with no mention of IoMT, healthcare networks, or intrusion/anomaly detection systems.",,EC1,,,,,,,Excluded
R1171,SpringerLink,2026-07-06,False,Internet of Things and Dew Computing-Based System for Smart Agriculture,Somnath BeraTanushree DeyShreya GhoshAnwesha Mukherjee,2024,Dew Computing,10.1007/978-981-99-4590-0_14,https://link.springer.com/chapter/10.1007/978-981-99-4590-0_14,Chapter,Yes,Unique,Passed,,Springer,Rejected,"The paper focuses on smart agriculture using IoT and dew computing for data analysis, not on IoMT/healthcare systems or intrusion detection.",,EC1,,,,,,,Excluded
R1172,SpringerLink,2026-07-06,False,Efficient load balancing and energy conservation protocol for WSN based on DBDQN and wild geeze migration optimization algorithm,G. Vinoth RajkumarN. Muthukumaran,2026,Telecommunication Systems,10.1007/s11235-025-01401-z,https://link.springer.com/article/10.1007/s11235-025-01401-z,Article,Yes,Unique,Passed,,Springer,Rejected,"Paper addresses generic wireless sensor networks (WSN) with clustering and routing optimization, not IoMT or healthcare domain, and focuses on load balancing/energy conservation rather than intrusion or anomaly detection.",,EC1,,,,,,,Excluded
R1173,SpringerLink,2026-07-06,False,Trustfed a scalable privacy preserving federated AI framework for industrial IoT healthcare and finance,Dileep Kumar MuralaK. MadhuraVeera Ankalu VuyyuruK. Vara Prasada RaoEric Hitimana,2026,Discover Internet of Things,10.1007/s43926-025-00276-5,https://link.springer.com/article/10.1007/s43926-025-00276-5,Article,Yes,Unique,Passed,,OpenAlex,Rejected,"The paper focuses on federated learning for privacy-preserving AI in industrial IoT with healthcare use cases (face recognition, tumor classification), but does not propose an intrusion detection or anomaly detection system.",,EC2,,,,,,,Excluded
R1175,SpringerLink,2026-07-06,False,VGAN-BL: imbalanced data classification based on generative adversarial network and biased loss,Hongwei DingYu SunNana HuangXiaohui Cui,2023,Neural Computing and Applications,10.1007/s00521-023-09180-x,https://link.springer.com/article/10.1007/s00521-023-09180-x,Article,Yes,Unique,Passed,,Springer,Rejected,"The paper addresses general imbalanced data classification using GANs without any mention of IoMT, healthcare IoT, or intrusion/anomaly detection systems.",,EC1,,,,,,,Excluded
R1176,SpringerLink,2026-07-06,False,Design of Intrusion Detection System based on Cyborg intelligence for security of Cloud Network Traffic of Smart Cities,Edeh Michael OnyemaSurjeet DalalCarlos Andrés Tavera RomeroBijeta SethPraise YoungMohd Anas Wajid,2022,Journal of Cloud Computing,10.1186/s13677-022-00305-6,https://link.springer.com/article/10.1186/s13677-022-00305-6,Article,Yes,Unique,Passed,,OpenAlex,Rejected,"The paper focuses on generic IoT networks for smart cities rather than IoMT/healthcare-specific environments, triggering EC1.",IC2,EC1,,,,,,,Excluded
R1177,SpringerLink,2026-07-06,False,Advances in Sand Cat Swarm Optimization: A Comprehensive Study,Ferzat AnkaNazim Aghayev,2025,Archives of Computational Methods in Engineering,10.1007/s11831-024-10217-0,https://link.springer.com/article/10.1007/s11831-024-10217-0,Article,Yes,Unique,Passed,,SemanticScholar,Rejected,"This paper is a comprehensive review of the Sand Cat Swarm Optimization algorithm with no focus on IoMT, healthcare networks, or intrusion detection systems.",,EC1,,,,,,,Excluded
R1178,SpringerLink,2026-07-06,False,Study on&#xa0;Secure and&#xa0;Resilient Architectures for&#xa0;5G Healthcare Ecosystem,Amalendu SiAyan Ghosh,2026,AI in Smart and Secure Healthcare,10.1007/978-3-032-15092-9_15,https://link.springer.com/chapter/10.1007/978-3-032-15092-9_15,Chapter,Yes,Unique,Passed,,Springer,Rejected,The paper focuses on security architectures and frameworks for 5G healthcare but does not propose or evaluate an intrusion detection system.,IC1,EC2,,,,,,,Excluded
R1179,SpringerLink,2026-07-06,False,IoT Applications and Cyber Threats: Mitigation Strategies for a Secure Future,Pratik Kumar SwainLal Mohan PattnaikSuneeta Satpathy,2025,Explainable IoT Applications: A Demystification,10.1007/978-3-031-74885-1_27,https://link.springer.com/chapter/10.1007/978-3-031-74885-1_27,Chapter,Yes,Unique,Passed,,Springer,Rejected,The paper is a general survey of IoT security threats and mitigation strategies across various domains without proposing or evaluating a specific intrusion detection system.,,EC2,,,,,,,Excluded
R1180,SpringerLink,2026-07-06,False,The role of Edge-AI in edge enabled IoT systems: A comprehensive performance analysis,Raj Kumar Baliyar SinghJatindra Kumar DashK Hemant Kumar Reddy,2025,Peer-to-Peer Networking and Applications,10.1007/s12083-025-02182-7,https://link.springer.com/article/10.1007/s12083-025-02182-7,Article,Yes,Unique,Passed,,Springer,Rejected,"This is a survey paper on Edge-AI in IoT systems generally, without specific focus on IoMT/healthcare domain or intrusion/anomaly detection systems.",,EC1,,,,,,,Excluded
R1181,SpringerLink,2026-07-06,False,Research evolution in security involved for quantum computing and machine learning through scientometric review analysis,Basil HanafiMohammad Ali,2026,Discover Networks,10.1007/s44354-026-00029-y,https://link.springer.com/article/10.1007/s44354-026-00029-y,Article,Yes,Unique,Passed,,OpenAlex,Rejected,"This is a scientometric review analyzing research trends in quantum computing, security, and machine learning, not proposing or evaluating an intrusion detection system for IoMT.",,EC2,,,,,,,Excluded
R1182,SpringerLink,2026-07-06,False,Enhanced Lightweight Cryptography Security Algorithm for the Internet of Things,Alidzulwi R. SiavheTopside E. Mathonsi,2026,"Electronics, Communications, and Control Engineering",10.1007/978-981-95-2820-2_21,https://link.springer.com/chapter/10.1007/978-981-95-2820-2_21,Conference paper,Yes,Unique,Passed,,Springer,Rejected,Paper focuses on generic IoT/RFID security with lightweight cryptography and does not address IoMT or healthcare domain environments.,,EC1,,,,,,,Excluded
R1183,SpringerLink,2026-07-06,False,Security and Privacy in Green IoT Systems,Dr. Divya SharmaDr. Bishwajeet Pandey,2026,Eco-Networking for IoT,10.1007/979-8-8688-2317-6_11,https://link.springer.com/chapter/10.1007/979-8-8688-2317-6_11,Chapter,Yes,Unique,Passed,,OpenAlex,Rejected,Paper discusses general IoT sustainability and energy concerns without addressing intrusion detection systems or healthcare-specific IoT security mechanisms.,,EC2,,,,,,,Excluded
R1185,SpringerLink,2026-07-06,False,Federated and transfer learning for cancer detection based on image analysis,Amine BecharRafik MedjoudjYoussef ElmirYassine HimeurAbbes Amira,2025,Neural Computing and Applications,10.1007/s00521-024-10956-y,https://link.springer.com/article/10.1007/s00521-024-10956-y,Article,Yes,Unique,Passed,,SemanticScholar,Rejected,"The paper focuses on federated and transfer learning for cancer detection via medical imaging, not on intrusion detection or anomaly detection systems for IoMT networks.",,EC2,,,,,,,Excluded
R1186,SpringerLink,2026-07-06,False,Industry 5.0 research: an approach using co-word analysis and BERTopic modeling,Abderahman RejebKarim RejebSteve SimskeEdit Süle,2025,Discover Sustainability,10.1007/s43621-025-01252-3,https://link.springer.com/article/10.1007/s43621-025-01252-3,Article,Yes,Unique,Passed,,OpenAlex,Rejected,"This is a literature review about Industry 5.0 technologies and trends, with no focus on IoMT/healthcare domain or intrusion detection systems.",,EC1,,,,,,,Excluded
R1187,SpringerLink,2026-07-06,False,"Fog Computing: A Comprehensive Review on Security Analysis, Attacks, and Future Prospects",Kamal Kumar GolaShikha AryaGulista KhanMridula SinghSagar GulatiNishant ChaurasiaRohit KanauziaSumit Kumar,2026,International Journal of Networked and Distributed Computing,10.1007/s44227-026-00093-4,https://link.springer.com/article/10.1007/s44227-026-00093-4,Article,Yes,Unique,Passed,,OpenAlex,Rejected,The paper focuses on general fog computing security concerns without addressing IoMT/healthcare environments or intrusion detection systems specifically.,,EC1,,,,,,,Excluded
R1189,SpringerLink,2026-07-06,False,Optimized energy efficient clustering in WSNs through modified zebra optimization,Yeshen LanMingqi KanBingyu CaoChuchu RaoMingan ZhouPeng Zhou,2025,Scientific Reports,10.1038/s41598-025-21653-8,https://link.springer.com/article/10.1038/s41598-025-21653-8,Article,Yes,Unique,Passed,,OpenAlex,Rejected,Paper focuses on energy-efficient clustering in wireless sensor networks without addressing IoMT/healthcare domain or intrusion/anomaly detection systems.,,EC1,,,,,,,Excluded
R1190,SpringerLink,2026-07-06,False,"Complex event processing for physical and cyber security in datacentres - recent progress, challenges and recommendations",Khaled A. AlaghbariMohamad Hanif Md SaadAini HussainMuhammad Raisul Alam,2022,Journal of Cloud Computing,10.1186/s13677-022-00338-x,https://link.springer.com/article/10.1186/s13677-022-00338-x,Article,Yes,Unique,Passed,,OpenAlex,Rejected,"The paper focuses on datacentre security using IoT and CEP technology, not specifically on IoMT/healthcare environments.",IC2,EC1,,,,,,,Excluded
R1191,SpringerLink,2026-07-06,False,Blockchain Assisted Cloud Security and Privacy Preservation using Hybridized Encryption and Deep Learning Mechanism in IoT-Healthcare Application,K. RajuN. RamshankarJ. Anvar ShathikR. Lavanya,2023,Journal of Grid Computing,10.1007/s10723-023-09678-7,https://link.springer.com/article/10.1007/s10723-023-09678-7,Article,Yes,Unique,Passed,,Springer,Rejected,"The paper focuses on cloud security and privacy preservation using encryption and deep learning for data prediction in IoT-healthcare, but does not propose an intrusion detection or anomaly detection system.",IC1,EC2,,,,,,,Excluded
R1192,SpringerLink,2026-07-06,False,"A survey on privacy of health data lifecycle: a taxonomy, review, and future directions",Sunanda BoseDusica Marijan,2026,International Journal of Information Security,10.1007/s10207-025-01169-y,https://link.springer.com/article/10.1007/s10207-025-01169-y,Article,Yes,Unique,Passed,,SemanticScholar,Rejected,"Paper focuses on privacy preservation and cryptographic techniques for health data lifecycle management, not on intrusion detection or anomaly detection systems.",IC1,EC2,,,,,,,Excluded
R1193,SpringerLink,2026-07-06,False,Energy Efficient Blockchain Solutions for Sustainable Medical Automation and Robotics,K. V. Panduranga RaoS. K. YakoobC. DastagiraiahT. Veeranna,2026,Big Data and Blockchain in Medical Computational Robotics: Transforming eHealth and Precision Medicine Delivery,10.1007/978-3-032-18871-7_8,https://link.springer.com/chapter/10.1007/978-3-032-18871-7_8,Chapter,Yes,Unique,Passed,,Springer,Rejected,The paper focuses on blockchain technology for medical automation and robotics without addressing intrusion detection or anomaly detection systems.,IC1,EC2,,,,,,,Excluded
R1194,SpringerLink,2026-07-06,False,A Novel Enhanced Approach for Security and Privacy Preserving in IoT Devices with Federal Learning Technique,Syed Abdul MoeedRamesh KarnatiG. AshmithaGouse Baig MohammadSachi Nandan Mohanty,2024,SN Computer Science,10.1007/s42979-024-03104-9,https://link.springer.com/article/10.1007/s42979-024-03104-9,Article,Yes,Unique,Passed,,Springer,Rejected,"The paper focuses on generic IoT security using federated learning but does not specifically address IoMT/healthcare domain applications, and the abstract does not confirm a hybrid architecture combining unsupervised anomaly detection with supervised classification.",IC2,EC1,,,,,,,Excluded
R1195,SpringerLink,2026-07-06,False,A Comprehensive Study on Artificial Intelligence (AI) Driven Internet of Healthcare Things (IOHT),Astha SahBharat BhushanChinmai Shetty,2025,Intelligent Systems in Computing and Communication,10.1007/978-3-031-75605-4_17,https://link.springer.com/chapter/10.1007/978-3-031-75605-4_17,Conference paper,Yes,Unique,Passed,,Springer,Rejected,The paper is a survey about AI and IoHT focusing on privacy and security issues but does not propose or evaluate a specific intrusion detection system with hybrid architecture.,IC1,EC2,,,,,,,Excluded
R1196,SpringerLink,2026-07-06,False,Hybrid Lightweight Cryptography with Attribute-Based Encryption for Secure Health Monitoring in IOT-Wireless Body Area Sensor Network,D. KarunkuzhaliAnwar Ahamed ShaikhR. SugunaM. Venkatesan,2025,Biomedical Materials & Devices,10.1007/s44174-025-00402-5,https://link.springer.com/article/10.1007/s44174-025-00402-5,Article,Yes,Unique,Passed,,Springer,Rejected,The paper focuses on cryptography and secure data transmission in healthcare IoT/WBASN but does not propose or evaluate an intrusion detection or anomaly detection system.,IC1,EC2,,,,,,,Excluded
R1197,SpringerLink,2026-07-06,False,Deep Spectral Time-Variant Feature Analytic Model for Cardiac Disease Prediction Using Soft Max Recurrent Neural Network in WSN-IoT,M. SafaA. PandianGouse Baig MohammadSadda Bharath ReddyK. Satish KumarA. S. Gousia BanuK. SrihariS. Chandragandhi,2023,Journal of Electrical Engineering & Technology,10.1007/s42835-023-01748-w,https://link.springer.com/article/10.1007/s42835-023-01748-w,Article,Yes,Unique,Passed,,Springer,Rejected,The paper focuses on cardiac disease prediction using patient health records in WSN-IoT without any intrusion detection or anomaly detection functionality.,IC1,EC2,,,,,,,Excluded
R1198,SpringerLink,2026-07-06,False,Machine Learning for Classification of DOS Attack in Smart Healthcare Networks,Sweta DargadPooja ThakkarSangeeta Giri,2022,"Computing Science, Communication and Security",10.1007/978-3-031-10551-7_14,https://link.springer.com/chapter/10.1007/978-3-031-10551-7_14,Conference paper,Yes,Unique,Passed,,Springer,Rejected,The paper uses only supervised Decision Tree classification for DDoS detection without any unsupervised anomaly detection component in a hybrid architecture.,"IC1, IC2",EC3,,,,,,,Excluded
R1200,SpringerLink,2026-07-06,False,"Integrating IoT and WSN: Enhancing quality of service through energy efficiency, scalability, and secure communication in smart systems",Sunawar khanTehseen MazharTariq ShahzadYazeed Yasin GhadiHabib Hamam,2025,Peer-to-Peer Networking and Applications,10.1007/s12083-025-02070-0,https://link.springer.com/article/10.1007/s12083-025-02070-0,Article,Yes,Unique,Passed,,Springer,Rejected,"The paper focuses on general IoT-WSN integration, energy efficiency, and communication protocols without addressing intrusion or anomaly detection systems.",,EC2,,,,,,,Excluded
R1201,SpringerLink,2026-07-06,False,Design of Block-Scrambling-Based privacy protection mechanism in healthcare using fusion of transfer learning models with Hippopotamus optimization algorithm,Ghada Moh. Samir ElhessewiMohammed Yahya AlzahraniMohammad AlamgeerAbdulbasit A. DaremDa’ad AlbalawnehMohammed AlqahtaniMutasim Al SadigSultan Alanazi,2025,Scientific Reports,10.1038/s41598-025-04931-3,https://link.springer.com/article/10.1038/s41598-025-04931-3,Article,Yes,Unique,Passed,,OpenAlex,Rejected,Paper focuses on skin lesion classification using medical imaging with no intrusion detection or anomaly detection for IoMT networks.,,EC2,,,,,,,Excluded
R1202,SpringerLink,2026-07-06,False,Cognitive Radio Jamming Attack Detection Using an Autoencoder for CRIoT Network,V. NallarasanKottilingam Kottursamy,2021,Wireless Personal Communications,10.1007/s11277-021-08786-5,https://link.springer.com/article/10.1007/s11277-021-08786-5,Article,Yes,Unique,Passed,,Springer,Rejected,"Paper addresses generic Cognitive Radio IoT (CRIoT) spectrum management, not IoMT/healthcare domains, and uses only unsupervised autoencoder without a supervised classification stage.",IC2,EC1,,,,,,,Excluded
R1204,SpringerLink,2026-07-06,False,Deep learning based smart traffic management using video analytics and IoT sensor fusion,Aarti DadheechMadhuri BhavsarJai Prakash VermaVivek Kumar Prasad,2024,Soft Computing,10.1007/s00500-024-10382-1,https://link.springer.com/article/10.1007/s00500-024-10382-1,Article,Yes,Unique,Passed,,Springer,Rejected,"The paper focuses on smart transportation and traffic management systems, not IoMT, medical IoT, or healthcare environments.",,EC1,,,,,,,Excluded
R1205,SpringerLink,2026-07-06,False,StegoSec-EHR: A blockchain-enabled IoTFramework for secure HER sharing via steganography in genetic disease diagnosis,Varun MalikMudassir KhanPunam BhoyarKimmi GuptaMohammed Ashfaq HussainKavita AroraBarga Mohammed Mujahid,2025,Peer-to-Peer Networking and Applications,10.1007/s12083-025-02147-w,https://link.springer.com/article/10.1007/s12083-025-02147-w,Article,Yes,Unique,Passed,,Springer,Rejected,The paper focuses on secure EHR sharing and genetic disease diagnosis but does not propose or evaluate an intrusion detection or anomaly detection system.,IC1,EC2,,,,,,,Excluded
R1207,SpringerLink,2026-07-06,False,Optimizing cloud resource allocation with an integrated XGBoost–RFOA model,Ajay RatheeSandeep DalalKedir Botamo Adem,2026,Journal of Cloud Computing,10.1186/s13677-026-00850-4,https://link.springer.com/article/10.1186/s13677-026-00850-4,Article,Yes,Unique,Passed,,OpenAlex,Rejected,The paper focuses on cloud resource allocation optimization without addressing IoMT/healthcare domain or intrusion/anomaly detection.,,EC1,,,,,,,Excluded
R1208,SpringerLink,2026-07-06,False,"Distributed secured and trustworthy IoT framework based on SDN, AI, and blockchain",Wiem BekriRihab JmalLamia Chaari Fourati,2025,Cluster Computing,10.1007/s10586-025-05770-7,https://link.springer.com/article/10.1007/s10586-025-05770-7,Article,Yes,Unique,Passed,,Springer,Rejected,"The paper focuses on generic IoT security using SDN, blockchain, and AI without specifically addressing IoMT or healthcare contexts, and does not describe a hybrid IDS architecture combining unsupervised anomaly detection with supervised classification.",,EC1,,,,,,,Excluded
R1209,SpringerLink,2026-07-06,False,Edge-Based Machine Learning for IoT Enhancing Real-Time Analytics in Smart Environments,G. RevathyM. MariyammalC. P. Thamil SelviD. Vijaybabu,2026,Proceedings of International Conference on Information Technology and Artificial Intelligence,10.1007/978-981-96-8694-0_16,https://link.springer.com/chapter/10.1007/978-981-96-8694-0_16,Conference paper,Yes,Unique,Passed,,Springer,Rejected,The paper focuses on edge-based machine learning for general IoT analytics and real-time processing but does not address intrusion detection or anomaly detection systems.,,EC2,,,,,,,Excluded
R1210,SpringerLink,2026-07-06,False,Ontology-Based Data Harmonization and Federated Transfer Learning: Enabling Scalable and Interoperable Intelligence in Healthcare 5.0,Darapu UmaManas Kumar Yogi,2026,The Convergence of Federated Learning and Healthcare 5.0 and Beyond:  A New Era of Intelligent Health Systems,10.1007/978-3-032-03985-9_31,https://link.springer.com/chapter/10.1007/978-3-032-03985-9_31,Chapter,Yes,Unique,Passed,,Springer,Rejected,"The paper focuses on federated transfer learning for predictive healthcare analytics in Healthcare 5.0, but does not address intrusion detection or anomaly detection systems.",IC1,EC2,,,,,,,Excluded
R1212,SpringerLink,2026-07-06,False,A low-latency intelligent edge computing architecture for real-time decision-making in large-scale IoT networks,Yanming Jia,2026,Discover Computing,10.1007/s10791-026-10133-w,https://link.springer.com/article/10.1007/s10791-026-10133-w,Article,Yes,Unique,Passed,,OpenAlex,Rejected,The paper focuses on edge computing architecture for general IoT networks without addressing intrusion detection or anomaly detection systems.,,EC2,,,,,,,Excluded
R1215,SpringerLink,2026-07-06,False,Blockchain-based color medical image cryptosystem for industrial Internet of Healthcare Things (IoHT),Fatma KhallafWalid El-ShafaiEl-Sayed M. El-RabaieFathi E. Abd El-Samie,2024,Multimedia Tools and Applications,10.1007/s11042-023-16777-w,https://link.springer.com/article/10.1007/s11042-023-16777-w,Article,Yes,Unique,Passed,,Springer,Rejected,The paper focuses on medical image cryptosystem and encryption rather than intrusion detection or anomaly detection systems.,IC1,EC2,,,,,,,Excluded
R1216,SpringerLink,2026-07-06,False,A review on WSN based resource constrained smart IoT systems,Shreeram HuddaK. Haribabu,2025,Discover Internet of Things,10.1007/s43926-025-00152-2,https://link.springer.com/article/10.1007/s43926-025-00152-2,Article,Yes,Unique,Passed,,OpenAlex,Rejected,The paper is a review on general WSN-based IoT systems without specific focus on IoMT/healthcare domain or proposing a concrete hybrid IDS architecture.,,EC1,,,,,,,Excluded
R1218,SpringerLink,2026-07-06,False,IoT sensor-based systems in real-time monitoring of health and environment: a review,S. SreejithAsisa Kumar PanigrahyJ. AjayanJ. M.  RadhikaN. V. Raghavendra ReddyN. V. Uma ReddyS. Umamaheswaran,2025,Journal of the Korean Physical Society,10.1007/s40042-025-01378-7,https://link.springer.com/article/10.1007/s40042-025-01378-7,Article,Yes,Unique,Passed,,Springer,Rejected,This is a review paper on IoT sensor systems for health and environment monitoring but does not address intrusion detection or anomaly detection systems.,IC1,EC2,,,,,,,Excluded
R1220,SpringerLink,2026-07-06,False,A Review on Temporal Knowledge Graph Completion in the Context of Internet of Things and Industrial Security,Runze LiSha XiangShuo ZhuBanglie Yang,2026,Artificial Intelligence of Things and Systems,10.1007/978-981-95-2581-2_33,https://link.springer.com/chapter/10.1007/978-981-95-2581-2_33,Conference paper,Yes,Unique,Passed,,Springer,Rejected,The paper focuses on temporal knowledge graph completion methods for IoT security but does not propose or evaluate an intrusion detection or anomaly detection system with hybrid architecture combining unsupervised and supervised approaches.,,EC2,,,,,,,Excluded
R1224,SpringerLink,2026-07-06,False,Quantum-inspired heuristics for secured healthcare predictions: a blockchain-integrated approach,Mohemmed ShaMohamudha Parveen RahamathullaShtwai Alsubai,2026,Quantum Machine Intelligence,10.1007/s42484-026-00396-3,https://link.springer.com/article/10.1007/s42484-026-00396-3,Article,Yes,Unique,Passed,,Springer,Rejected,"The paper focuses on healthcare predictions using blockchain and quantum-inspired optimization but does not address intrusion detection or anomaly detection systems, and lacks any IoMT/network security context.",,EC2,,,,,,,Excluded
R1225,SpringerLink,2026-07-06,False,"Big data dimensionality reduction techniques in IoT: review, applications and open research challenges",Ridhima RaniMeenu KhuranaAjay KumarNeeraj Kumar,2022,Cluster Computing,10.1007/s10586-022-03634-y,https://link.springer.com/article/10.1007/s10586-022-03634-y,Article,Yes,Unique,Passed,,Springer,Rejected,The paper is a general review of dimensionality reduction techniques for IoT big data without addressing intrusion detection systems or IoMT-specific security applications.,,EC2,,,,,,,Excluded
R1230,SpringerLink,2026-07-06,False,Enhancing Multimedia Security in IoT Environment: Blockchain to the Rescue,Andleeb KhanParma NandBharat BhushanHari Mohan RaiAhmed Alkhayyat,2025,"Multimedia Technologies in the Internet of Things Environment, Volume 4",10.1007/978-981-96-4356-1_3,https://link.springer.com/chapter/10.1007/978-981-96-4356-1_3,Chapter,Yes,Unique,Passed,,Springer,Rejected,Paper focuses on multimedia security using blockchain and cryptography rather than intrusion or anomaly detection systems.,,EC2,,,,,,,Excluded
R1231,SpringerLink,2026-07-06,False,A Lightweight AI-Enabled Container Middleware for Edge Cloud Architectures,Naween KumarSubham SharmaAnkit DubeyKhushboo DeviBalamurugan Balusamy,2026,"Integrating Cloud, Fog, and Edge Computing in Healthcare: Federated Learning and Blockchain Approaches",10.1007/978-3-031-96265-3_6,https://link.springer.com/chapter/10.1007/978-3-031-96265-3_6,Chapter,Yes,Unique,Passed,,Springer,Rejected,"The paper focuses on edge computing middleware architecture with general anomaly detection capabilities, but does not specifically address IoMT/healthcare IoT environments or propose a hybrid IDS combining unsupervised and supervised detection methods.",,EC1,,,,,,,Excluded
R1233,SpringerLink,2026-07-06,False,Emerging trends in federated learning: from model fusion to federated X learning,Shaoxiong JiYue TanTeemu SaravirtaZhiqin YangYixin LiuLauri VasankariShirui PanGuodong LongAnwar Walid,2024,International Journal of Machine Learning and Cybernetics,10.1007/s13042-024-02119-1,https://link.springer.com/article/10.1007/s13042-024-02119-1,Article,Yes,Unique,Passed,,OpenAlex,Rejected,This is a survey paper on federated learning methodologies without addressing IoMT/healthcare domain or intrusion detection systems.,,EC1,,,,,,,Excluded
R1234,SpringerLink,2026-07-06,False,Blockchain and federated learning based on aggregation techniques for industrial IoT: A contemporary survey,Mai ShawkatAli El-desokyZainab H. AliMofreh Salem,2025,Peer-to-Peer Networking and Applications,10.1007/s12083-025-01991-0,https://link.springer.com/article/10.1007/s12083-025-01991-0,Article,Yes,Unique,Passed,,OpenAlex,Rejected,"Paper focuses on Industrial IoT (IIoT) rather than IoMT/healthcare domain, and primarily surveys federated learning and blockchain rather than hybrid intrusion detection architectures.",,EC1,,,,,,,Excluded
R1236,SpringerLink,2026-07-06,False,Advanced security in fog environments using encryption and adaptive user activity tracking,Hari Mohan RaiAbdul RazaqueNeha AgarwalSaurabh AgarwalHanaa A. AbdallahShashi Kant,2026,Scientific Reports,10.1038/s41598-026-51379-0,https://link.springer.com/article/10.1038/s41598-026-51379-0,Article,Yes,Unique,Passed,,OpenAlex,Rejected,The paper focuses on encryption and user activity tracking in fog computing environments without addressing IoMT/healthcare domain (EC1) or intrusion/anomaly detection systems (EC2).,,EC1,,,,,,,Excluded
R1237,SpringerLink,2026-07-06,False,Enhancing Privacy with Attribute-Centric Anonymization and Synthetic Data Approaches: Comprehensive Reviews and Innovative Solutions,Bhavana A. KhivsaraMaya Rathore,2025,Journal of The Institution of Engineers (India): Series C,10.1007/s40032-025-01244-2,https://link.springer.com/article/10.1007/s40032-025-01244-2,Article,Yes,Unique,Passed,,Springer,Rejected,The paper focuses on privacy preservation and data anonymization techniques in healthcare without addressing intrusion detection or anomaly detection systems.,,EC2,,,,,,,Excluded
R1238,SpringerLink,2026-07-06,False,A fuzzy logic-based trust framework against sybil and rank attacks in cyber-physical systems,Asim NoorNoshina TariqMuhammad AsimFarrukh Aslam KhanJaved Ali KhanAlexios Mylonas,2025,International Journal of Information Security,10.1007/s10207-025-01107-y,https://link.springer.com/article/10.1007/s10207-025-01107-y,Article,Yes,Unique,Passed,,Springer,Rejected,The paper proposes a fuzzy logic-based trust framework for attack detection in healthcare CPS but does not combine unsupervised anomaly detection with supervised classification as required by IC3.,"IC1, IC2",EC3,,,,,,,Excluded
R1239,SpringerLink,2026-07-06,False,Leveraging Digital Twins for&#xa0;Proactive Ransomware Mitigation in&#xa0;IoT Ecosystems,Mohamed El-Hajj,2026,"Advances on Broad-Band and Wireless Computing, Communication and Applications",10.1007/978-3-032-10347-5_13,https://link.springer.com/chapter/10.1007/978-3-032-10347-5_13,Conference paper,Yes,Unique,Passed,,Springer,Rejected,"The paper addresses general IoT ecosystems and smart cities with no specific focus on IoMT/healthcare domains, and does not propose a hybrid architecture combining unsupervised anomaly detection with supervised classification.",,EC1,,,,,,,Excluded
R1241,SpringerLink,2026-07-06,False,"Big data analytics in healthcare: current practices, innovations, and future prospects",Khurram ShahzadShakeel Ahmad KhanMujahid LatifAsfa Muhammed Din JaveedAbid Iqbal,2025,Journal of Big Data,10.1186/s40537-025-01288-2,https://link.springer.com/article/10.1186/s40537-025-01288-2,Article,Yes,Unique,Passed,,OpenAlex,Rejected,This is a broad systematic literature review on big data analytics in healthcare with no focus on intrusion detection systems or security anomaly detection.,,EC2,,,,,,,Excluded
R1242,SpringerLink,2026-07-06,False,IoT Security Vulnerabilities and Defensive Measures in Industry 4.0,Koppula ManasaL. M. I. Leo Joseph,2023,Artificial Intelligence and Cyber Security in Industry 4.0,10.1007/978-981-99-2115-7_4,https://link.springer.com/chapter/10.1007/978-981-99-2115-7_4,Chapter,Yes,Unique,Passed,,Springer,Rejected,"Paper is a general survey of IoT/IIoT security vulnerabilities and defensive measures without proposing or evaluating a specific intrusion detection system, and does not focus on IoMT/healthcare domain.",,EC2,,,,,,,Excluded
R1243,SpringerLink,2026-07-06,False,New Paradigms in Edge Computing with Quantum Neural Networks,Laxmi Choudhary,2026,Deep Quantum Neural Networks:,10.1007/978-981-95-1683-4_4,https://link.springer.com/chapter/10.1007/978-981-95-1683-4_4,Chapter,Yes,Unique,Passed,,Springer,Rejected,"Paper focuses on Deep Q Networks for robotics and game-playing applications with no mention of IoMT, healthcare, or intrusion/anomaly detection systems.",,EC1,,,,,,,Excluded
R1244,SpringerLink,2026-07-06,False,AI-enabled dental caries detection using transfer learning and gradient-based class activation mapping,Hardik InaniVeerangi MehtaDrashti BhavsarRajeev Kumar GuptaArti JainZahid Akhtar,2024,Journal of Ambient Intelligence and Humanized Computing,10.1007/s12652-024-04795-x,https://link.springer.com/article/10.1007/s12652-024-04795-x,Article,Yes,Unique,Passed,,Springer,Rejected,"The paper focuses on dental caries detection using medical imaging and transfer learning, which falls outside the IoMT intrusion/anomaly detection domain.",,EC5,,,,,,,Excluded
R1245,SpringerLink,2026-07-06,False,Innovative Application of Bayesian Algorithm in Network Security Risk Assessment Model,Haosheng LiQingqing RenWei ChenYixuan MaQingwang ZhangWanting Lv,2025,Cyber Security Intelligence and Analytics,10.1007/978-3-031-88287-6_39,https://link.springer.com/chapter/10.1007/978-3-031-88287-6_39,Conference paper,Yes,Unique,Passed,,Springer,Rejected,"The paper addresses generic network security risk assessment without focusing on IoMT/healthcare domains, and does not describe a hybrid architecture combining unsupervised anomaly detection with supervised classification.",,EC1,,,,,,,Excluded
R1246,SpringerLink,2026-07-06,False,End-to-End Self-organizing Intelligent Security Model for Wireless Sensor Network based on a Hybrid (AES–RSA) Cryptography,V. Anusuya DeviT. Sampradeepraj,2024,Wireless Personal Communications,10.1007/s11277-024-11353-3,https://link.springer.com/article/10.1007/s11277-024-11353-3,Article,Yes,Unique,Passed,,Springer,Rejected,The paper focuses on cryptographic encryption (AES-RSA hybrid) for wireless sensor networks without any intrusion detection or anomaly detection functionality.,,EC2,,,,,,,Excluded
R1247,SpringerLink,2026-07-06,False,Securing fog computing in healthcare with a zero-trust approach and blockchain,Navjeet KaurAyush MittalUmesh Kumar LilhoreSarita SimaiyaSurjeet DalalKashif SaleemEhab Seif Ghith,2025,EURASIP Journal on Wireless Communications and Networking,10.1186/s13638-025-02431-6,https://link.springer.com/article/10.1186/s13638-025-02431-6,Article,Yes,Unique,Passed,,OpenAlex,Rejected,"The paper addresses healthcare IoT security but focuses on blockchain, SDN, and zero-trust architecture without implementing a hybrid unsupervised-supervised intrusion detection system","IC1, IC2",EC3,,,,,,,Excluded
R1249,SpringerLink,2026-07-06,False,BSNEU-net: Block Feature Map Distortion and Switchable Normalization-Based Enhanced Union-net for Acute Leukemia Detection on Heterogeneous Dataset,Rabul SaikiaRoopam DekaAnupam SarmaSalam Shuleenda Devi,2024,Journal of Imaging Informatics in Medicine,10.1007/s10278-024-01252-1,https://link.springer.com/article/10.1007/s10278-024-01252-1,Article,Yes,Unique,Passed,,Springer,Rejected,"The paper focuses on acute leukemia detection from blood smear images using deep learning, which is a medical imaging application unrelated to IoMT intrusion detection systems.",,EC5,,,,,,,Excluded
R1250,SpringerLink,2026-07-06,False,Secure Handover and Authentication for Intrusion Prevention in Mobile Sensor Wireless Networks,S. KarthigaK. IndiraC. V. Nisha AngelineJ. Kamala,2026,Journal of Electrical Engineering & Technology,10.1007/s42835-025-02564-0,https://link.springer.com/article/10.1007/s42835-025-02564-0,Article,Yes,Unique,Passed,,Springer,Rejected,"Paper focuses on handover authentication and secure mobile node transitions in generic WSNs/IoT, not on intrusion/anomaly detection systems combining unsupervised and supervised learning stages.",,EC2,,,,,,,Excluded
R1251,SpringerLink,2026-07-06,False,Smart pareto-optimized genetic algorithm for energy-efficient clustering and routing in wireless sensor networks,M. RajalakshmiS. Ponni Alias Sathya,2025,Scientific Reports,10.1038/s41598-025-09117-5,https://link.springer.com/article/10.1038/s41598-025-09117-5,Article,Yes,Unique,Passed,,OpenAlex,Rejected,The paper focuses on energy-efficient clustering and routing in generic WSNs without addressing IoMT/healthcare-specific intrusion or anomaly detection systems.,,EC2,,,,,,,Excluded
R1252,SpringerLink,2026-07-06,False,Deep Learning Approach for Encryption Techniques in Vehicular Networks,Deepak ChoudharyRoop Pahuja,2022,Wireless Personal Communications,10.1007/s11277-022-09538-9,https://link.springer.com/article/10.1007/s11277-022-09538-9,Article,Yes,Unique,Passed,,Springer,Rejected,"The paper focuses on vehicular networks and wireless sensor networks for intelligent transportation systems, not IoMT or healthcare environments.",,EC5,,,,,,,Excluded
R1254,SpringerLink,2026-07-06,False,Cybersecurity challenges and solutions in 5G-enabled internet of things,Rami MohaweshAli Al-yousefTariq DaradkehNoor Aldeen AlawadMoy’awiah A. Al-ShannaqAhmad A. SaifanRafat HammadYanal N. AlahmadSumbal Maqsood,2026,Discover Computing,10.1007/s10791-026-09926-w,https://link.springer.com/article/10.1007/s10791-026-09926-w,Article,Yes,Unique,Passed,,OpenAlex,Rejected,This is a broad overview/survey paper on 5G-IoT cybersecurity challenges without proposing or evaluating a specific hybrid intrusion detection system architecture.,,EC2,,,,,,,Excluded
R1255,SpringerLink,2026-07-06,False,"Survey, taxonomy, and emerging paradigms of societal digital twins for public health preparedness",Muhammad Waqas RehanMuhammad Maaz Rehan,2025,npj Digital Medicine,10.1038/s41746-025-01737-5,https://link.springer.com/article/10.1038/s41746-025-01737-5,Article,Yes,Unique,Passed,,OpenAlex,Rejected,Paper focuses on societal digital twins for pandemic/public health management rather than network intrusion detection systems for IoMT infrastructure.,,EC2,,,,,,,Excluded
R1256,SpringerLink,2026-07-06,False,"Quantum key distribution in next-generation networks: a survey of space-based, aerial, and SDN-enabled frameworks for secure communication",Dalal AljebryAhmed Barnawi,2026,Quantum Information Processing,10.1007/s11128-026-05216-y,https://link.springer.com/article/10.1007/s11128-026-05216-y,Article,Yes,Unique,Passed,,OpenAlex,Rejected,"This paper focuses on Quantum Key Distribution for secure communications in next-generation networks but does not address IoMT/healthcare domains, intrusion detection, or anomaly detection systems.",,EC1,,,,,,,Excluded
R1257,SpringerLink,2026-07-06,False,Toward Design of an Intelligent Cyber Attack Detection System using Hybrid Feature Reduced Approach for IoT Networks,Prabhat KumarGovind P. GuptaRakesh Tripathi,2021,Arabian Journal for Science and Engineering,10.1007/s13369-020-05181-3,https://link.springer.com/article/10.1007/s13369-020-05181-3,Article,Yes,Unique,Passed,,Springer,Rejected,"The paper addresses generic IoT networks rather than specifically IoMT/healthcare IoT environments, and uses purely supervised machine learning methods without an unsupervised anomaly detection component.",IC2,EC1,,,,,,,Excluded
R1258,SpringerLink,2026-07-06,False,Recommender Systems in Cybersecurity,Leonardo FerreiraDaniel Castro SilvaMikel Uriarte Itzazelaia,2023,Knowledge and Information Systems,10.1007/s10115-023-01906-6,https://link.springer.com/article/10.1007/s10115-023-01906-6,Article,Yes,Unique,Passed,,OpenAlex,Rejected,Paper surveys recommender systems in cybersecurity broadly without focusing on IoMT/healthcare IoT domain or proposing hybrid IDS architectures combining unsupervised and supervised methods.,,EC1,,,,,,,Excluded
R1260,SpringerLink,2026-07-06,False,"Security Attacks, Threats, and Vulnerabilities",Suparna BiswasChandreyee ChowdhurySarmistha Neogy,2026,Adhoc and Sensor Networks: Security and Applications,10.1007/978-981-95-5839-1_6,https://link.springer.com/chapter/10.1007/978-981-95-5839-1_6,Chapter,Yes,Unique,Passed,,Springer,Rejected,The paper is a survey/review of security attacks and threats in WSN/MANET/IoT without proposing or evaluating a specific intrusion detection system.,IC1,EC2,,,,,,,Excluded
R1261,SpringerLink,2026-07-06,False,"Advancing Federated Learning: A Comprehensive Solution for Model Aggregation, Heterogeneity, Privacy, and Security",Bifta Sama BariKumar Yelamarthi,2025,SN Computer Science,10.1007/s42979-025-03934-1,https://link.springer.com/article/10.1007/s42979-025-03934-1,Article,Yes,Unique,Passed,,Springer,Rejected,"The paper focuses on vehicular communication and Intelligent Transportation Systems with federated learning, not IoMT or healthcare intrusion detection systems.",,EC5,,,,,,,Excluded
R1265,SpringerLink,2026-07-06,False,An Efficient Fog-Based Attack Detection Using Ensemble of MOA-WMA for Internet of Medical Things,Shilan S. HameedWan Haslina HassanLiza Abdul Latiff,2021,Innovative Systems for Intelligent Health Informatics,10.1007/978-3-030-70713-2_70,https://link.springer.com/chapter/10.1007/978-3-030-70713-2_70,Conference paper,Yes,Unique,Passed,,Springer,Rejected,The paper proposes an ensemble of incremental classifiers (MOA-WMA) for IoMT attack detection but does not describe a hybrid architecture combining unsupervised anomaly detection with supervised classification.,"IC1, IC2",EC3,,,,,,,Excluded
R1266,SpringerLink,2026-07-06,False,"Data science in healthcare: techniques, challenges and opportunities",Pushpa DeviKishori Lal Bansal,2024,Health and Technology,10.1007/s12553-024-00861-8,https://link.springer.com/article/10.1007/s12553-024-00861-8,Article,Yes,Unique,Passed,,Springer,Rejected,This is a broad literature review on data science in healthcare without focus on intrusion detection systems or IoMT security.,,EC2,,,,,,,Excluded
R1267,SpringerLink,2026-07-06,False,Architecting and Deploying Microsoft Sentinel,Puthiyavan UdayakumarDr. R Anandan,2025,Design and Deploy Microsoft Azure Sentinel for IoMT,10.1007/979-8-8688-2040-3_2,https://link.springer.com/chapter/10.1007/979-8-8688-2040-3_2,Chapter,Yes,Unique,Passed,,OpenAlex,Rejected,Paper focuses on Microsoft Sentinel SIEM/SOAR platform deployment without addressing IoMT domain or hybrid intrusion detection architecture.,,EC1,,,,,,,Excluded
R1268,SpringerLink,2026-07-06,False,Integrated communication and secure transmission technology for Seeding-irrigation in hilly and mountainous areas based on identity authentication and SM4 algorithm,Cuilan YuBinjie SongShunli ShengDengquan YuXiaopei Kou,2026,Discover Applied Sciences,10.1007/s42452-026-08283-z,https://link.springer.com/article/10.1007/s42452-026-08283-z,Article,Yes,Unique,Passed,,OpenAlex,Rejected,"The paper addresses agricultural IoT (seeding-irrigation systems) in hilly and mountainous areas, not IoMT/healthcare domain.",,EC1,,,,,,,Excluded
R1269,SpringerLink,2026-07-06,False,Quantum Computing and Artificial Intelligence: A Convergence for Future Innovations,Fatma Foad AshrifRami AhmadFaiza Abdulsalam M. Mansour,2026,Selected Papers from the International Conference on Artificial Intelligence,10.1007/978-3-032-00232-7_27,https://link.springer.com/chapter/10.1007/978-3-032-00232-7_27,Conference paper,Yes,Unique,Passed,,Springer,Rejected,Paper focuses on quantum computing and AI convergence in general without addressing IoMT/healthcare IoT environments or intrusion detection systems.,,EC1,,,,,,,Excluded
R1270,SpringerLink,2026-07-06,False,A mathematical model based on modified ID3 algorithm for healthcare diagnostics model,Arun AgarwalKhushboo JainRakesh Kumar Yadav,2023,International Journal of System Assurance Engineering and Management,10.1007/s13198-023-02086-w,https://link.springer.com/article/10.1007/s13198-023-02086-w,Article,Yes,Unique,Passed,,Springer,Rejected,"This paper focuses on disease prediction using a modified decision tree algorithm for healthcare diagnostics, not on intrusion detection or network security in IoMT environments.",,EC2,,,,,,,Excluded
R1273,SpringerLink,2026-07-06,False,Smart Cities and IoT Integration,Seyed Navid Mashhadi MoghaddamHuhua Cao,2024,Artificial Intelligence-Driven Geographies,10.1007/978-981-97-5116-7_9,https://link.springer.com/chapter/10.1007/978-981-97-5116-7_9,Chapter,Yes,Unique,Passed,,Springer,Rejected,The paper focuses on smart cities and general IoT integration without addressing IoMT/healthcare domain or intrusion detection systems.,,EC1,,,,,,,Excluded
R1274,SpringerLink,2026-07-06,False,Secure and energy-efficient data transmission framework for IoT-based healthcare applications using EMCQLR and EKECC,D. BalakrishnanT. Dhiliphan RajkumarS. DhanasekaranB. S. Murugan,2023,Cluster Computing,10.1007/s10586-023-04130-7,https://link.springer.com/article/10.1007/s10586-023-04130-7,Article,Yes,Unique,Passed,,Springer,Rejected,"The paper focuses on secure and energy-efficient data transmission with clustering, routing, and cryptography for IoT-healthcare but does not propose or evaluate an intrusion detection or anomaly detection system.",IC1,EC2,,,,,,,Excluded
R1275,SpringerLink,2026-07-06,False,A fully decentralized federated adversarial vision transformer with blockchain and secure aggregation for visual-based intrusion and malware forensics,Mohamad Mulham BelalSumalatha SaletiElakkiya E,2026,International Journal of Data Science and Analytics,10.1007/s41060-025-01011-7,https://link.springer.com/article/10.1007/s41060-025-01011-7,Article,Yes,Unique,Passed,,Springer,Rejected,The paper focuses on image-based malware classification in generic computing environments rather than IoMT/healthcare domain intrusion detection.,,EC1,,,,,,,Excluded
R1276,SpringerLink,2026-07-06,False,Improving energy efficiency via the use of IoT technologies with intelligent network clustering,Radwan S. AbujassarOmar Al-Jarrah,2025,Wireless Networks,10.1007/s11276-025-03948-w,https://link.springer.com/article/10.1007/s11276-025-03948-w,Article,Yes,Unique,Passed,,Springer,Rejected,The paper focuses on energy-efficient routing and clustering for generic IoT networks without addressing healthcare/medical IoT domain or intrusion/anomaly detection systems.,,EC1,,,,,,,Excluded
R1277,SpringerLink,2026-07-06,False,Investigating a Comprehensive IoT Security Solution Based on Blockchain,Ravinder Singh MadhanRandeep Singh,2025,Advanced Informatics for Computing Research,10.1007/978-3-031-84059-3_27,https://link.springer.com/chapter/10.1007/978-3-031-84059-3_27,Conference paper,Yes,Unique,Passed,,Springer,Rejected,The paper focuses on blockchain-based security architecture for general IoT networks without addressing intrusion detection or anomaly detection systems.,,EC2,,,,,,,Excluded
R1278,SpringerLink,2026-07-06,False,Exploring the potential of blockchain technology in modern healthcare systems,Vankamamidi S. NareshRamya SadaRohini Jnana Prasoona AlluAnu Deepika GubbalaUma Devi Bandaru,2025,Peer-to-Peer Networking and Applications,10.1007/s12083-025-02132-3,https://link.springer.com/article/10.1007/s12083-025-02132-3,Article,Yes,Unique,Passed,,Springer,Rejected,Paper focuses on blockchain technology applications in healthcare without addressing intrusion detection or anomaly detection systems.,,EC2,,,,,,,Excluded
R1279,SpringerLink,2026-07-06,False,Securing synthetic faces: A GAN-blockchain approach to privacy-enhanced facial recognition,Muhammad Ahmad Nawaz Ul GhaniKun SheMuhammad Arslan RaufMasoud AlajmiYazeed Yasin GhadiAbdulmohsen Algarni,2024,Journal of King Saud University Computer and Information Sciences,10.1016/j.jksuci.2024.102036,https://www.sciencedirect.com/science/article/pii/S1319157824001253,Article,Yes,Unique,Passed,,,Rejected,"The paper focuses on privacy-preserving facial recognition using GANs and blockchain, with no intrusion detection system or IoMT/healthcare network security application.",,EC2,,,,,,,Excluded
R1282,SpringerLink,2026-07-06,False,A privacy-centric federated learning framework with blockchain and dynamic client selection mechanisms,Ahmed SaidiAbdelouahab AmiraOmar Nouali,2025,Cluster Computing,10.1007/s10586-025-05715-0,https://link.springer.com/article/10.1007/s10586-025-05715-0,Article,Yes,Unique,Passed,,Springer,Rejected,The paper focuses on federated learning framework with blockchain and privacy mechanisms but does not address IoMT/healthcare domain or intrusion/anomaly detection systems.,,EC1,,,,,,,Excluded
R1284,SpringerLink,2026-07-06,False,"Privacy as a Lifestyle: Empowering assistive technologies for people with disabilities, challenges and future directions",Adib HabbalHassen HamoudaAbdullah M. AlnajimSheroz KhanMohammed F. Alrifaie,2024,Journal of King Saud University Computer and Information Sciences,10.1016/j.jksuci.2024.102039,https://link.springer.com/article/10.1016/j.jksuci.2024.102039,Article,Yes,Unique,Passed,,OpenAlex,Rejected,"This paper focuses on general privacy preservation using blockchain and AI across Industry 4.0/5.0, not on intrusion or anomaly detection systems for IoMT.",,EC2,,,,,,,Excluded
R1285,SpringerLink,2026-07-06,False,Cyber Security Technologies for Privacy in 6G Networks,Salgar S. TharunSowmith PrajwalH. T. ChethanaC. R. AdityaHarshitha Suresh,2025,6G Cyber Security Resilience: Trends and Challenges,10.1007/978-3-031-85008-0_2,https://link.springer.com/chapter/10.1007/978-3-031-85008-0_2,Chapter,Yes,Unique,Passed,,Springer,Rejected,Paper discusses general 6G network security and privacy without focusing on IoMT/healthcare domain or proposing a specific hybrid intrusion detection system architecture.,,EC1,,,,,,,Excluded
R1286,SpringerLink,2026-07-06,False,Learning automata and firefly algorithm based RPL for dynamic Internet of Things networks,Thiagarajan CounassegaraneSamundiswary Punniakodi,2026,Discover Computing,10.1007/s10791-026-10051-x,https://link.springer.com/article/10.1007/s10791-026-10051-x,Article,Yes,Unique,Passed,,OpenAlex,Rejected,"This paper focuses on routing protocol optimization for general IoT networks without addressing intrusion detection, anomaly detection, or cybersecurity functions.",,EC2,,,,,,,Excluded
R1287,SpringerLink,2026-07-06,False,"A Review on Machine Learning and Deep Learning Perspectives of IDS for IoT: Recent Updates, Security Issues, and Challenges",Ankit ThakkarRitika Lohiya,2020,Archives of Computational Methods in Engineering,10.1007/s11831-020-09496-0,https://link.springer.com/article/10.1007/s11831-020-09496-0,Article,Yes,Unique,Passed,,Springer,Rejected,"This is a general survey on IDS for IoT covering multiple domains (smart home, cities, healthcare, WSN, cloud, enterprise, web, smart grid) without specific focus on IoMT/healthcare IoT, and does not propose or evaluate a specific hybrid architecture combining unsupervised and supervised methods.",,EC1,,,,,,,Excluded
R1288,SpringerLink,2026-07-06,False,A blockchain-enabled encrypted neural network framework for trust-aware key management and node authentication in Industrial Internet of Things,Abhishek DwivediRatish AgarwalMohammad YahyaNoha AlduaijiPiyush Kumar Shukla,2025,The Journal of Supercomputing,10.1007/s11227-025-07566-3,https://link.springer.com/article/10.1007/s11227-025-07566-3,Article,Yes,Unique,Passed,,Springer,Rejected,"The paper focuses on Industrial IoT (IIoT) rather than IoMT/healthcare domain, and primarily addresses key management and node authentication rather than intrusion/anomaly detection.",,EC1,,,,,,,Excluded
R1290,SpringerLink,2026-07-06,False,Internet of Things and Artificial Intelligence in Biomedical Systems,S. V. K. R. RajeswariVijayakumar Ponnusamy,2022,Artificial Intelligence for Innovative Healthcare Informatics,10.1007/978-3-030-96569-3_8,https://link.springer.com/chapter/10.1007/978-3-030-96569-3_8,Chapter,Yes,Unique,Passed,,Springer,Rejected,"The paper is a broad survey/chapter on IoT and AI in biomedical systems covering wearables, tracking, and COVID-19 diagnosis, but does not propose or evaluate any intrusion detection system.",IC1,EC2,,,,,,,Excluded
R1292,SpringerLink,2026-07-06,False,An Opportunistic Ensemble Learning Framework for Network Traffic Classification in IoT Environments,Sujit BeborttaSumanta Kumar Singh,2022,Proceedings of the Seventh International Conference on Mathematics and Computing,10.1007/978-981-16-6890-6_35,https://link.springer.com/chapter/10.1007/978-981-16-6890-6_35,Conference paper,Yes,Unique,Passed,,Springer,Rejected,"The paper proposes a purely supervised ensemble (AdaBoost + Na�ve Bayes) without any unsupervised anomaly detection component, and does not specifically address IoMT/healthcare environments.",IC2,"EC1, EC3",,,,,,,Excluded
R1293,SpringerLink,2026-07-06,False,Intrusion detection for the internet of things (IoT) based on the emperor penguin colony optimization algorithm,Mohammed AlweshahAbdelaziz HammouriSaleh AlkhalailehOmar Alzubi,2022,Journal of Ambient Intelligence and Humanized Computing,10.1007/s12652-022-04407-6,https://link.springer.com/article/10.1007/s12652-022-04407-6,Article,Yes,Unique,Passed,,Springer,Rejected,The paper focuses on feature selection for generic IoT intrusion detection using supervised classification (KNN) without any unsupervised anomaly detection component or hybrid architecture.,IC2,EC1,,,,,,,Excluded
R1295,SpringerLink,2026-07-06,False,TITAN: Logarithm-based trust-aware integrated technique for robust anomaly neutralization in industrial WSNs,Khushboo TripathiShaluSheetal KaushikShubham VyasMohd Anas KhanAli Ahmadian,2026,Peer-to-Peer Networking and Applications,10.1007/s12083-026-02222-w,https://link.springer.com/article/10.1007/s12083-026-02222-w,Article,Yes,Unique,Passed,,OpenAlex,Rejected,"The paper addresses Industrial Wireless Sensor Networks (IWSNs), not IoMT or healthcare IoT environments, failing IC1.",,EC1,,,,,,,Excluded
R1296,SpringerLink,2026-07-06,False,SpikeMimicAI and SpikeShieldNet for modality aware detection and defense against spike domain mimicry and poisoning attacks,Shravan Kumar BVoruganti Naresh Kumar,2026,Discover Computing,10.1007/s10791-026-10321-8,https://link.springer.com/article/10.1007/s10791-026-10321-8,Article,Yes,Unique,Passed,,OpenAlex,Rejected,"The paper focuses on security defense mechanisms for spiking neural networks against adversarial attacks in general neuromorphic computing, not intrusion detection in IoMT environments.",,EC1,,,,,,,Excluded
R1297,SpringerLink,2026-07-06,False,Energy-Efficient Trust Evaluation Model for Resource-Constrained Intelligent IoT Systems,Rajneesh VermaManisha Yadav,2026,Next-Generation Networks and Deployable Artificial Intelligence,10.1007/978-3-032-15398-2_25,https://link.springer.com/chapter/10.1007/978-3-032-15398-2_25,Conference paper,Yes,Unique,Passed,,Springer,Rejected,"The paper focuses on trust evaluation and adversarial node detection (Sybil, colluding attackers) rather than intrusion/anomaly detection, and does not describe a hybrid architecture combining unsupervised anomaly detection with supervised classification.",,EC2,,,,,,,Excluded
R1298,SpringerLink,2026-07-06,False,An IoT system for access control using blockchain and message queuing system,Nilima KarankarAnita Seth,2025,EURASIP Journal on Information Security,10.1186/s13635-025-00208-4,https://link.springer.com/article/10.1186/s13635-025-00208-4,Article,Yes,Unique,Passed,,OpenAlex,Rejected,"The paper focuses on access control mechanisms using blockchain and message queuing for general IoT systems, with no mention of intrusion detection, anomaly detection, or the healthcare/IoMT domain.",,EC2,,,,,,,Excluded
R1299,SpringerLink,2026-07-06,False,Ethical and Privacy-Aware AI in SIoT,Amit VirmaniAnand Kumar MishraChetan R. DudhagaraRavi Kant MishraReva Prasad Mishra,2026,Social Internet of Things (SIoT) and Machine Learning—Enhancing Interconnectivity and Intelligence,10.1007/978-3-032-10122-8_18,https://link.springer.com/chapter/10.1007/978-3-032-10122-8_18,Chapter,Yes,Unique,Passed,,Springer,Rejected,The paper focuses on privacy-preserving machine learning in Social IoT without addressing intrusion detection or anomaly detection systems.,,EC2,,,,,,,Excluded
R1300,SpringerLink,2026-07-06,False,"Comparative Analysis of&#xa0;Edge Computing Architectures for&#xa0;IoT Systems: Towards Scalable, Secure and&#xa0;Sustainable Deployments",Daniela TimisicăRadu BonceaSebastian BalmuşBogdan Dura,2026,Innovative Perspectives on Computational Intelligence and Data Science,10.1007/978-3-032-12481-4_8,https://link.springer.com/chapter/10.1007/978-3-032-12481-4_8,Conference paper,Yes,Unique,Passed,,Springer,Rejected,The paper is a survey of edge computing architectures for general IoT systems without proposing or evaluating any intrusion detection system.,,EC2,,,,,,,Excluded
R1301,SpringerLink,2026-07-06,False,AI-Based Security and Privacy Solutions for Edge Computing Using Federated Learning,Oshail MadanVidushiPreety Shoran,2026,AI at Edge: Transforming Edge Networks with Computational Intelligence,10.1007/978-3-032-16711-8_14,https://link.springer.com/chapter/10.1007/978-3-032-16711-8_14,Chapter,Yes,Unique,Passed,,Springer,Rejected,The paper focuses on general edge computing security using federated learning without addressing IoMT/healthcare domain or proposing a hybrid intrusion detection system combining unsupervised anomaly detection with supervised classification.,,EC1,,,,,,,Excluded
R1302,SpringerLink,2026-07-06,False,"Cognition and context-aware decision-making systems for a sustainable planet: a survey on recent advancements, applications and open challenges",John ViolosGeorgios MamanisIoannis KompatsiarisSymeon Papadopoulos,2025,Discover Sustainability,10.1007/s43621-025-00954-y,https://link.springer.com/article/10.1007/s43621-025-00954-y,Article,Yes,Unique,Passed,,OpenAlex,Rejected,"This is a broad survey on cognition and context-aware decision-making systems for sustainability across multiple domains, not specifically focused on IoMT intrusion detection systems.",,EC2,,,,,,,Excluded
R1304,SpringerLink,2026-07-06,False,Dissecting zero trust: research landscape and its implementation in IoT,Chunwen LiuRu TanYang WuYun FengZe JinFangjiao ZhangYuling LiuQixu Liu,2024,Cybersecurity,10.1186/s42400-024-00212-0,https://link.springer.com/article/10.1186/s42400-024-00212-0,Article,Yes,Unique,Passed,,OpenAlex,Rejected,"The paper focuses on zero trust security architecture for IoT rather than intrusion or anomaly detection systems, and does not describe any hybrid detection approach combining unsupervised and supervised methods.",,EC2,,,,,,,Excluded
R1305,SpringerLink,2026-07-06,False,A real-time approach for smart building operations prediction using rule-based complex event processing and SPARQL query,Shashi Shekhar KumarRitesh ChandraSonali Agarwal,2024,The Journal of Supercomputing,10.1007/s11227-024-06276-6,https://link.springer.com/article/10.1007/s11227-024-06276-6,Article,Yes,Unique,Passed,,SemanticScholar,Rejected,"The paper focuses on smart building operations monitoring (occupancy, humidity) using CEP and SPARQL queries, not on IoMT/healthcare environments or intrusion/anomaly detection systems.",,EC1,,,,,,,Excluded
R1306,SpringerLink,2026-07-06,False,Agent-in-the-loop to distill expert knowledge into artificial intelligence models: a survey,Jiayuan GaoYingwei ZhangYiqiang ChenYihan DongYuanzhe ChenShuchao SongBoshi TangYang Gu,2025,Artificial Intelligence Review,10.1007/s10462-025-11255-1,https://link.springer.com/article/10.1007/s10462-025-11255-1,Article,Yes,Unique,Passed,,OpenAlex,Rejected,"This is a general survey on agent-in-the-loop machine learning methodologies across multiple domains, not specifically focused on intrusion detection systems for IoMT environments.",,EC2,,,,,,,Excluded
R1307,SpringerLink,2026-07-06,False,Hybrid lightweight encryption for IoT: integrating chaotic key generators with Feistel and substitution-permutation networks for secure 3DV transmission,Walid El-ShafaiAhmed K. MesregaHossam Eldin H. AhmedNirmeen A. ElbahnasawyFathi E. Abd El-Samie,2025,Multimedia Tools and Applications,10.1007/s11042-024-19203-x,https://link.springer.com/article/10.1007/s11042-024-19203-x,Article,Yes,Unique,Passed,,Springer,Rejected,The paper focuses on lightweight encryption for IoT rather than intrusion or anomaly detection systems.,,EC2,,,,,,,Excluded
R1308,SpringerLink,2026-07-06,False,Waterwheel Archimedes Optimization and Resilient Consensus BiLSTM for Efficient Data Aggregation to Detect and Discard Malicious Nodes and Packets in IoT-Based Healthcare Applications,Ganesh Srinivasa ShettyN. Raghu,2025,SN Computer Science,10.1007/s42979-025-03873-x,https://link.springer.com/article/10.1007/s42979-025-03873-x,Article,Yes,Unique,Passed,,Springer,Rejected,The paper focuses on data aggregation and malicious node detection in IoT healthcare but does not describe a hybrid architecture combining unsupervised anomaly detection with supervised classification.,"IC1, IC2",EC3,,,,,,,Excluded
R1309,SpringerLink,2026-07-06,False,A Complex-Based Rethinking of&#xa0;Communications,Marialisa Scatà,2025,The Power of Complex Systems,10.1007/978-3-032-04243-9_3,https://link.springer.com/chapter/10.1007/978-3-032-04243-9_3,Chapter,Yes,Unique,Passed,,Springer,Rejected,Paper focuses on 6G communication infrastructure design using complex systems theory without addressing IoMT/healthcare domain or intrusion/anomaly detection systems.,,EC1,,,,,,,Excluded
R1310,SpringerLink,2026-07-06,False,AI for Critical Infrastructure Protection and Resilience,Iqbal H. Sarker,2024,AI-Driven Cybersecurity and Threat Intelligence,10.1007/978-3-031-54497-2_9,https://link.springer.com/chapter/10.1007/978-3-031-54497-2_9,Chapter,Yes,Unique,Passed,,Springer,Rejected,"The paper addresses general critical infrastructure protection without specific focus on IoMT/healthcare domain, and does not describe a hybrid detection architecture combining unsupervised and supervised methods.",,EC1,,,,,,,Excluded
R1311,SpringerLink,2026-07-06,False,A Pragmatic Review of QoS Optimisations in IoT Driven Networks,Satyabrat SahooSatya Prakash SahooManas Ranjan Kabat,2024,Wireless Personal Communications,10.1007/s11277-024-11412-9,https://link.springer.com/article/10.1007/s11277-024-11412-9,Article,Yes,Unique,Passed,,Springer,Rejected,"This is a general survey on QoS optimization techniques across various IoT networks (IoMobT, IoV, IoF, etc.) with no mention of IoMT/healthcare domain or intrusion detection systems.",,EC1,,,,,,,Excluded
R1312,SpringerLink,2026-07-06,False,"A Study of Security in IoT Enabled Wireless Sensor Systems: Its Features, Architectures, Communications and Application Perspectives",Sucheta PandaSushree Bibhuprada B. PriyadarshiniDebasis Gountia,2026,Advancements in IoT Sensors and Security,10.1007/978-3-032-05507-1_1,https://link.springer.com/chapter/10.1007/978-3-032-05507-1_1,Chapter,Yes,Unique,Passed,,Springer,Rejected,"This is a general survey paper on IoT-enabled WSN security that does not propose or evaluate a specific intrusion detection system, nor does it focus on medical/healthcare IoT domain.",,EC2,,,,,,,Excluded
R1313,SpringerLink,2026-07-06,False,"Overview of AI and communication for 6G network: fundamentals, challenges, and future research opportunities",Qimei CuiXiaohu YouNi WeiGuoshun NanXuefei ZhangJianhua ZhangXinchen LyuMing AiXiaofeng TaoZhiyong FengPing ZhangQingqing WuMeixia TaoYongming HuangChongwen HuangGuangyi LiuChenghui PengZhiwen PanTao SunDusit NiyatoTao ChenMuhammad Khurram KhanAbbas JamalipourMohsen GuizaniChau Yuen,2025,Science China Information Sciences,10.1007/s11432-024-4337-1,https://link.springer.com/article/10.1007/s11432-024-4337-1,Article,Yes,Unique,Passed,,OpenAlex,Rejected,The paper focuses on AI integration with 6G wireless communication networks without addressing IoMT/healthcare applications or intrusion detection systems.,,EC1,,,,,,,Excluded
R1314,SpringerLink,2026-07-06,False,Smart and&#xa0;Connected Health,Farshad FirouziBahar FarahaniNegin FirouziMahmoud Daneshmand,2026,"Smart and Connected Health: AI, IoT, and Trustworthy Technologies",10.1007/978-3-032-06286-4_1,https://link.springer.com/chapter/10.1007/978-3-032-06286-4_1,Chapter,Yes,Unique,Passed,,Springer,Rejected,"The paper is a general overview chapter on Smart and Connected Health architectures and technologies, with no mention of intrusion detection or anomaly detection systems.",IC1,EC2,,,,,,,Excluded
R1315,SpringerLink,2026-07-06,False,A Review on Security and Privacy of Internet of Medical Things,Mohan Krishna KagitaNavod ThilakarathneThippa Reddy GadekalluPraveen Kumar Reddy Maddikunta,2022,Intelligent Internet of Things for Healthcare and Industry,10.1007/978-3-030-81473-1_8,https://link.springer.com/chapter/10.1007/978-3-030-81473-1_8,Chapter,Yes,Unique,Passed,,Springer,Rejected,This is a review paper that discusses security and privacy concerns in IoMT but does not propose or evaluate any intrusion detection system.,IC1,EC2,,,,,,,Excluded
R1316,SpringerLink,2026-07-06,False,Industry 4.0 and Key Drivers,Kingsley UkobaTien-Chien Jen,2025,Shaping Tomorrow: Thin Films and 3D Printing in the Fourth Industrial Revolution 1,10.1007/978-3-031-84124-8_1,https://link.springer.com/chapter/10.1007/978-3-031-84124-8_1,Chapter,Yes,Unique,Passed,,Springer,Rejected,The paper discusses Industry 4.0 manufacturing principles and does not address IoMT/healthcare domain or intrusion detection systems.,,EC1,,,,,,,Excluded
R1317,SpringerLink,2026-07-06,False,Secure routing in RPL-based IoT networks considering behavioral trust and energy requirements,Fatemeh Vafaei NejadMohammad Mehdi Gilanian SadeghiMohammad Hossein Rezvani,2025,The Journal of Supercomputing,10.1007/s11227-025-07299-3,https://link.springer.com/article/10.1007/s11227-025-07299-3,Article,Yes,Unique,Passed,,Springer,Rejected,The paper proposes a trust-based secure routing protocol for RPL/IoT networks but does not describe a hybrid intrusion detection system combining unsupervised anomaly detection with supervised classification.,,EC2,,,,,,,Excluded
R1318,SpringerLink,2026-07-06,False,EdgeAutoOffloadAI a deep reinforcement learning framework for adaptive task offloading and resource management in mobile edge computing,Antharaju K. ChakravarthyT. Rama ReddyN. Ramakrishnaiah,2026,Discover Computing,10.1007/s10791-026-10037-9,https://link.springer.com/article/10.1007/s10791-026-10037-9,Article,Yes,Unique,Passed,,OpenAlex,Rejected,"The paper focuses on task offloading and resource management in mobile edge computing for generic applications (autonomous driving, industrial IoT, AR) without addressing IoMT/healthcare domains or intrusion detection systems.",,EC1,,,,,,,Excluded
R1319,SpringerLink,2026-07-06,False,A systematic literature review on IoT application layer protocol testing and future research directions,Maryam Asgari AraghiFerhat Khendek,2026,Discover Internet of Things,10.1007/s43926-026-00322-w,https://link.springer.com/article/10.1007/s43926-026-00322-w,Article,Yes,Unique,Passed,,OpenAlex,Rejected,"The paper focuses on testing IoT application layer protocols, not on intrusion detection or anomaly detection systems.",,EC2,,,,,,,Excluded
R1320,SpringerLink,2026-07-06,False,"Threat Detection, Investigation, and Response",Puthiyavan UdayakumarDr. R Anandan,2025,Design and Deploy Microsoft Azure Sentinel for IoMT,10.1007/979-8-8688-2040-3_4,https://link.springer.com/chapter/10.1007/979-8-8688-2040-3_4,Chapter,Yes,Unique,Passed,,OpenAlex,Rejected,Paper focuses on Microsoft Sentinel cybersecurity operations without addressing IoMT/healthcare domain or intrusion detection system architecture.,,EC1,,,,,,,Excluded
R1321,SpringerLink,2026-07-06,False,"A multifaceted survey on privacy preservation of federated learning: progress, challenges, and opportunities",Sanchita SahaAshlesha HotaArup Kumar ChattopadhyayAmitava NagSukumar Nandi,2024,Artificial Intelligence Review,10.1007/s10462-024-10766-7,https://link.springer.com/article/10.1007/s10462-024-10766-7,Article,Yes,Unique,Passed,,OpenAlex,Rejected,The paper is a general survey on privacy preservation in federated learning without specific focus on IoMT/healthcare domain or hybrid intrusion detection systems combining unsupervised and supervised methods.,,EC1,,,,,,,Excluded
R1322,SpringerLink,2026-07-06,False,Multi-Agent Systems for Collaborative Inference Based on Deep Policy Q-Inference Network,Shangshang WangYuqin JingKezhu WangXue Wang,2024,Journal of Grid Computing,10.1007/s10723-024-09750-w,https://link.springer.com/article/10.1007/s10723-024-09750-w,Article,Yes,Unique,Passed,,Springer,Rejected,"The paper focuses on optimizing DNN inference in edge computing scenarios but does not address IoMT/healthcare domain, nor does it propose an intrusion or anomaly detection system.",,EC1,,,,,,,Excluded
R1324,SpringerLink,2026-07-06,False,"A Study on Networked Industrial Robots in Smart Manufacturing: Vulnerabilities, Data Integrity Attacks and Countermeasures",Xingmao ShaoLun XieChiqin LiZhiliang Wang,2023,Journal of Intelligent & Robotic Systems,10.1007/s10846-023-01984-2,https://link.springer.com/article/10.1007/s10846-023-01984-2,Article,Yes,Unique,Passed,,Springer,Rejected,The paper focuses on networked industrial robots in smart manufacturing (IIoT/ICS domain) rather than IoMT/healthcare environments.,,EC1,,,,,,,Excluded
R1325,SpringerLink,2026-07-06,False,Design of a dynamic trust management and defense decision system for shared vehicle data based on blockchain and deep reinforcement learning,Jinxiang ChenYan LiJiaxing DengBeicheng QinChengcai HeQiangsheng HuangJingchun Wu,2025,Scientific Reports,10.1038/s41598-025-11511-y,https://link.springer.com/article/10.1038/s41598-025-11511-y,Article,Yes,Unique,Passed,,OpenAlex,Rejected,"The paper focuses on shared vehicle/autonomous driving systems, not IoMT or healthcare environments.",,EC5,,,,,,,Excluded
R1326,SpringerLink,2026-07-06,False,The Role of Machine Learning in the Advancement of 6G Technology: Opportunities and Challenges,Krishna Kumar MohbeyMalika Acharya,2023,6G Enabled Fog Computing in IoT,10.1007/978-3-031-30101-8_13,https://link.springer.com/chapter/10.1007/978-3-031-30101-8_13,Chapter,Yes,Unique,Passed,,Springer,Rejected,"The paper focuses on 6G network architecture and AI/ML applications for general IoT connectivity and data processing, without addressing intrusion detection or anomaly detection systems.",,EC2,,,,,,,Excluded
R1327,SpringerLink,2026-07-06,False,ZTNA: Sector-Specific Analysis on the ’NO TRUST’ Security Paradigm,Swapna M PSaranya ChandranDevi RajeevKurunandan JainKrishnashree Achuthan,2026,International Journal of Information Security,10.1007/s10207-026-01286-2,https://link.springer.com/article/10.1007/s10207-026-01286-2,Article,Yes,Unique,Passed,,Springer,Rejected,The paper focuses on Zero Trust Network Access (ZTNA) architecture across multiple sectors without specifically addressing IoMT/healthcare environments or proposing an intrusion detection system with hybrid unsupervised-supervised components.,,EC1,,,,,,,Excluded
R1328,SpringerLink,2026-07-06,False,Addressing modern and practical challenges in machine learning: a survey of online federated and transfer learning,Shuang DaiFanlin Meng,2022,Applied Intelligence,10.1007/s10489-022-04065-3,https://link.springer.com/article/10.1007/s10489-022-04065-3,Article,Yes,Unique,Passed,,OpenAlex,Rejected,"Survey focuses on online federated learning and transfer learning methodologies without addressing IoMT/healthcare domain, intrusion detection, or hybrid unsupervised-supervised architectures.",,EC1,,,,,,,Excluded
R1329,SpringerLink,2026-07-06,False,Medical Image Data Security Risk Identification Based on 6G Wireless Sensor Networks and AI-Assisted Technology,Chengwei LiZhen ZhangHui Xiao,2024,Wireless Personal Communications,10.1007/s11277-024-11204-1,https://link.springer.com/article/10.1007/s11277-024-11204-1,Article,Yes,Unique,Passed,,Springer,Rejected,The paper focuses on medical image data security and encryption rather than intrusion or anomaly detection in IoMT networks.,IC1,EC2,,,,,,,Excluded
R1330,SpringerLink,2026-07-06,False,Towards Quantum-Resilient Food Systems: Federated AI and Lightweight Lattice Hashing for Blockchain-Based Traceability,I. Mohammed Musthafa SheriffD. John Aravindhar,2025,SN Computer Science,10.1007/s42979-025-04163-2,https://link.springer.com/article/10.1007/s42979-025-04163-2,Article,Yes,Unique,Passed,,Springer,Rejected,"The paper focuses on food supply chain traceability and blockchain security, not IoMT/healthcare intrusion detection systems.",,EC5,,,,,,,Excluded
R1332,SpringerLink,2026-07-06,False,Impact factor-based improved association rule mining-based privacy preservation model for IoT with hybrid optimal key generation,Ravindra Sadashivrao ApareManoj Limchand BangareNitin Sudam MorePushpa Manoj BangareRatnaprabha Ravindra Borhade,2026,Cluster Computing,10.1007/s10586-026-05982-5,https://link.springer.com/article/10.1007/s10586-026-05982-5,Article,Yes,Unique,Passed,,Springer,Rejected,"The paper focuses on privacy preservation and data sanitization in IoT using association rule mining and encryption, but does not address intrusion detection or anomaly detection systems.",,EC2,,,,,,,Excluded
R1334,SpringerLink,2026-07-06,False,Revolutionizing Industrial Automation: Blockchain-IoT Convergence with Secure Data Sharing and Real-Time Monitoring for Smart Systems,Mohan Reddy SareddyShakir Khan,2025,Computational Tools for Sustainable Industrial Transformation,10.1007/978-981-95-0500-5_5,https://link.springer.com/chapter/10.1007/978-981-95-0500-5_5,Chapter,Yes,Unique,Passed,,Springer,Rejected,The paper focuses on industrial automation and blockchain-IoT integration without addressing IoMT/healthcare domain or intrusion detection systems.,,EC1,,,,,,,Excluded
R1335,SpringerLink,2026-07-06,False,External Threat Detection in Smart Sensor Networks Using Machine Learning Approach,Oliva DebnathHimadri Nath SahaArijit Ghosal,2022,Smart Sensor Networks,10.1007/978-3-030-77214-7_7,https://link.springer.com/chapter/10.1007/978-3-030-77214-7_7,Chapter,Yes,Unique,Passed,,Springer,Rejected,"The paper focuses on generic smart sensor networks without specific mention of IoMT/healthcare domain, and employs only supervised machine learning approaches without an unsupervised anomaly detection component.",IC2,EC1,,,,,,,Excluded
R1336,SpringerLink,2026-07-06,False,Introduction to Internet of Things,Hemant PandeJainee PatelBanshari PatelKrish PatelHimani Trivedi,2026,"Quantum Computing, Sensing and Communications for IoT",10.1007/978-981-95-6276-3_2,https://link.springer.com/chapter/10.1007/978-981-95-6276-3_2,Chapter,Yes,Unique,Passed,,Springer,Rejected,"The paper focuses on environmental monitoring in smart cities using quantum computing and sensors, not on IoMT/healthcare domains or intrusion detection systems.",,EC1,,,,,,,Excluded
R1337,SpringerLink,2026-07-06,False,AI-based security and privacy enhancements for student data protection in mobile educational networks,Junfeng QiangYun Liu,2025,Discover Applied Sciences,10.1007/s42452-025-08144-1,https://link.springer.com/article/10.1007/s42452-025-08144-1,Article,Yes,Unique,Passed,,OpenAlex,Rejected,"The paper focuses on educational networks and student data protection rather than IoMT/healthcare domains, and does not address intrusion detection systems.",,EC1,,,,,,,Excluded
R1338,SpringerLink,2026-07-06,False,A comparative performance analysis of vehicular routing protocols in intelligent transportation systems,Aradhana BehuraArun KumarPuneet Kumar Jain,2025,Telecommunication Systems,10.1007/s11235-024-01243-1,https://link.springer.com/article/10.1007/s11235-024-01243-1,Article,Yes,Unique,Passed,,Springer,Rejected,"Paper focuses on vehicular ad hoc networks (VANETs) and routing protocols for intelligent transportation systems, not IoMT/healthcare domain.",,EC1,,,,,,,Excluded
R1339,SpringerLink,2026-07-06,False,Federated Learning with Homomorphic Encryption: A Privacy-Preserving Solution for Smart Cities,Ali Alqazzaz,2025,International Journal of Computational Intelligence Systems,10.1007/s44196-025-00829-0,https://link.springer.com/article/10.1007/s44196-025-00829-0,Article,Yes,Unique,Passed,,OpenAlex,Rejected,The paper focuses on privacy-preserving federated learning for general smart cities infrastructure without addressing IoMT/healthcare-specific intrusion or anomaly detection systems.,,EC1,,,,,,,Excluded
R1341,SpringerLink,2026-07-06,False,Lightweight blockchain-based access control with efficient revocation for fog-enabled IoT,Fatma EllouzeGhofrane FersiMohamed Jmaiel,2025,Innovations in Systems and Software Engineering,10.1007/s11334-025-00608-2,https://link.springer.com/article/10.1007/s11334-025-00608-2,Article,Yes,Unique,Passed,,Springer,Rejected,The paper focuses on access control and cryptographic key management for IoT rather than intrusion or anomaly detection systems.,IC1,EC2,,,,,,,Excluded
R1342,SpringerLink,2026-07-06,False,Unleashing the Power of Intelligent Cyber Physical Systems in Healthcare: A Paradigm Shift for the Workforce,Amandeep KaurAaditya SharmaManish KumarRajesh Kumar Bhatia,2024,Intelligent Cyber-Physical Systems for Healthcare Solutions,10.1007/978-981-97-8983-2_20,https://link.springer.com/chapter/10.1007/978-981-97-8983-2_20,Chapter,Yes,Unique,Passed,,Springer,Rejected,The paper discusses workforce impact and organizational changes from Intelligent Cyber Physical Systems in healthcare but does not address intrusion detection or cybersecurity anomaly detection.,,EC2,,,,,,,Excluded
R1344,SpringerLink,2026-07-06,False,Detection and prevention of DDoS attacks on edge computing of IoT devices through reinforcement learning,Anit KumarDhanpratap  Singh,2023,International Journal of Information Technology,10.1007/s41870-023-01508-z,https://link.springer.com/article/10.1007/s41870-023-01508-z,Article,Yes,Unique,Passed,,Springer,Rejected,The paper uses reinforcement learning for DDoS detection but does not describe a hybrid architecture combining unsupervised anomaly detection with supervised classification.,IC2,EC1,,,,,,,Excluded
R1345,SpringerLink,2026-07-06,False,Privacy-preserving data aggregation in WBNAs using neuro-evolutionary algorithms and post-quantum homomorphic encryption,Soufiane Ben Othman,2025,Evolutionary Intelligence,10.1007/s12065-025-01099-7,https://link.springer.com/article/10.1007/s12065-025-01099-7,Article,Yes,Unique,Passed,,Springer,Rejected,"The paper focuses on privacy-preserving data aggregation in WBANs using encryption and optimization algorithms, but does not propose an intrusion detection or anomaly detection system.",IC1,EC2,,,,,,,Excluded
R1346,SpringerLink,2026-07-06,False,An integrated IoT and blockchain lightweight framework for secure smart cities,Kai GuoChengyuan ZhanMuqing NiuXiang LiZeyu ZhengAshutosh Sharma,2026,Discover Internet of Things,10.1007/s43926-025-00273-8,https://link.springer.com/article/10.1007/s43926-025-00273-8,Article,Yes,Unique,Passed,,OpenAlex,Rejected,The paper focuses on blockchain framework for general smart cities IoT security without addressing healthcare/IoMT domain or intrusion detection systems.,,EC1,,,,,,,Excluded
R1347,SpringerLink,2026-07-06,False,"Real-time Security in Sensor Networks in Sequential Approach with BWT Compression, Huffman Coding and Reduced Array Encryption",M. Baritha Begum,2025,Journal of Systems Science and Systems Engineering,10.1007/s11518-025-5661-0,https://link.springer.com/article/10.1007/s11518-025-5661-0,Article,Yes,Unique,Passed,,Springer,Rejected,The paper focuses on data compression and encryption for generic sensor networks without addressing intrusion detection or anomaly detection functionality.,,EC2,,,,,,,Excluded
R1348,SpringerLink,2026-07-06,False,A blockchain technology with advanced lightweight symmetric cryptography schemes and smart security framework for healthcare wireless body area networks,S. MuthupandianD. Manoj Kumar,2026,Scientific Reports,10.1038/s41598-026-48650-9,https://link.springer.com/article/10.1038/s41598-026-48650-9,Article,Yes,Unique,Passed,,OpenAlex,Rejected,The paper focuses on cryptography and blockchain for secure data transmission in healthcare WBANs but does not propose or evaluate an intrusion detection or anomaly detection system.,IC1,EC2,,,,,,,Excluded
R1349,SpringerLink,2026-07-06,False,Physical Layer Security for Future Wireless Communication Systems,K. GunaseelanR. DhanusuyaA. R. Abdul RajakAshutosh Mishra,2025,Hardware Security: Challenges and Solutions,10.1007/978-3-031-81213-2_8,https://link.springer.com/chapter/10.1007/978-3-031-81213-2_8,Chapter,Yes,Unique,Passed,,Springer,Rejected,Paper focuses on physical layer security for general wireless networks without addressing IoMT/healthcare domain or intrusion detection systems.,,EC1,,,,,,,Excluded
R1350,SpringerLink,2026-07-06,False,Privacy preserving hierarchical federated learning approach for secure urban mobility prediction,Vankamamidi S. NareshD. Ayaaappa,2025,Peer-to-Peer Networking and Applications,10.1007/s12083-025-02053-1,https://link.springer.com/article/10.1007/s12083-025-02053-1,Article,Yes,Unique,Passed,,Springer,Rejected,"The paper focuses on urban traffic flow prediction in smart cities using federated learning with homomorphic encryption, not on IoMT/healthcare environments or intrusion detection systems.",,EC1,,,,,,,Excluded
R1351,SpringerLink,2026-07-06,False,Edge computing in big data: challenges and benefits,Amin KaramiMehdi Karami,2025,International Journal of Data Science and Analytics,10.1007/s41060-025-00855-3,https://link.springer.com/article/10.1007/s41060-025-00855-3,Article,Yes,Unique,Passed,,Springer,Rejected,Paper focuses on general edge computing and big data challenges without addressing IoMT/healthcare domain or intrusion detection systems.,,EC1,,,,,,,Excluded
R1354,SpringerLink,2026-07-06,False,"Security, Privacy, Trust, and Provenance Issues in Internet of Things–Based Edge Environment",Anand Kumar MishraShrikant TiwariAmit Kumar TyagiMicheal Olaolu Arowolo,2024,IoT Edge Intelligence,10.1007/978-3-031-58388-9_8,https://link.springer.com/chapter/10.1007/978-3-031-58388-9_8,Chapter,Yes,Unique,Passed,,Springer,Rejected,"This is a general survey chapter on security, privacy, trust, and provenance issues in IoT-based edge environments without proposing or evaluating a specific intrusion detection system.",,EC2,,,,,,,Excluded
R1355,SpringerLink,2026-07-06,False,Cyber Security Threats and Challenges in CPS,Nishant Kumar,2026,AI and Cyber Security in Cyber-Physical Systems,10.1007/978-3-032-09656-2_4,https://link.springer.com/chapter/10.1007/978-3-032-09656-2_4,Chapter,Yes,Unique,Passed,,Springer,Rejected,The paper is a general survey on cyber-physical systems security without focusing on IoMT/healthcare domain or proposing a specific hybrid IDS architecture.,,EC1,,,,,,,Excluded
R1356,SpringerLink,2026-07-06,False,Implementing Zero Trust Architecture (ZTA) in IOT enabled (Wireless Sensor Nodes) WSNs creating a digital blockchain of things,Swarnajit Bhattacharya,2026,Discover Networks,10.1007/s44354-026-00030-5,https://link.springer.com/article/10.1007/s44354-026-00030-5,Article,Yes,Unique,Passed,,OpenAlex,Rejected,Paper focuses on Zero Trust Architecture and blockchain security for generic IoT/WSN without addressing intrusion detection or anomaly detection systems.,,EC2,,,,,,,Excluded
R1357,SpringerLink,2026-07-06,False,Zero Trust Architecture: A Systematic Literature Review,Muhammad Liman GamboAhmad Almulhem,2025,Journal of Network and Systems Management,10.1007/s10922-025-09998-x,https://link.springer.com/article/10.1007/s10922-025-09998-x,Article,Yes,Unique,Passed,,SemanticScholar,Rejected,The paper is a systematic literature review on Zero Trust Architecture across diverse domains with no specific focus on IoMT or intrusion detection systems.,,EC1,,,,,,,Excluded
R1358,SpringerLink,2026-07-06,False,Enhancing the effectiveness of wireless sensor networks through consensus estimation and universal coverage,Hua Tian,2025,Scientific Reports,10.1038/s41598-025-10813-5,https://link.springer.com/article/10.1038/s41598-025-10813-5,Article,Yes,Unique,Passed,,OpenAlex,Rejected,The paper focuses on general wireless sensor network energy management and coverage optimization without addressing IoMT/healthcare domain or intrusion/anomaly detection systems.,,EC1,,,,,,,Excluded
R1359,SpringerLink,2026-07-06,False,AI Powered Secure Post-Operative Patient Management System,A. Vaishnavi DaliK. HemalathaS. M. C. SubashiniS. Dharshana DeviS. DharshiniS. Dhivya,2026,Edge Computing and Applications,10.1007/978-3-032-20735-7_18,https://link.springer.com/chapter/10.1007/978-3-032-20735-7_18,Conference paper,Yes,Unique,Passed,,Springer,Rejected,The paper focuses on a post-operative patient management system with AI chatbot and data security but does not address intrusion detection or anomaly detection functionality.,IC1,EC2,,,,,,,Excluded
R1360,SpringerLink,2026-07-06,False,Advancing reliability and safety in iot: engineering cyber-physical human systems for the future,Shahnawaz AhmadMohd Aquib AnsariArvind MewadaMohd Arif,2025,Life Cycle Reliability and Safety Engineering,10.1007/s41872-025-00323-8,https://link.springer.com/article/10.1007/s41872-025-00323-8,Article,Yes,Unique,Passed,,Springer,Rejected,The paper presents a general framework for IoT-CPS reliability and safety but does not propose or evaluate a specific intrusion detection system with hybrid unsupervised-supervised architecture.,,EC2,,,,,,,Excluded
R1361,SpringerLink,2026-07-06,False,"Enhancing IoT security: a collaborative framework integrating federated learning, dense neural networks, and blockchain",Ahsan NazirJingsha HeNafei ZhuMuhammad Shahid AnwarMuhammad Salman Pathan,2024,Cluster Computing,10.1007/s10586-024-04436-0,https://link.springer.com/article/10.1007/s10586-024-04436-0,Article,Yes,Unique,Passed,,Springer,Rejected,"The paper focuses on federated learning with blockchain for generic IoT security using supervised classification (DNN, logistic regression) without any unsupervised anomaly detection component.",IC2,EC1,,,,,,,Excluded
R1362,SpringerLink,2026-07-06,False,A critical review on how cryptography and blockchain strengthen security in data networks,Anibal Calle-ZunigaWashington Velasquez,2026,Peer-to-Peer Networking and Applications,10.1007/s12083-026-02239-1,https://link.springer.com/article/10.1007/s12083-026-02239-1,Article,Yes,Unique,Passed,,OpenAlex,Rejected,Paper focuses on blockchain and cryptography for general data networks security without addressing IoMT/healthcare domain or intrusion detection systems.,,EC1,,,,,,,Excluded
R1363,SpringerLink,2026-07-06,False,A Decentralized Solution for Smarter and Safer Healthcare Systems with FabricMedChain,Namdev M. SawantJoanne Gomes,2026,"Iranian Journal of Science and Technology, Transactions of Electrical Engineering",10.1007/s40998-025-00994-0,https://link.springer.com/article/10.1007/s40998-025-00994-0,Article,Yes,Unique,Passed,,Springer,Rejected,The paper focuses on blockchain-based electronic health record management with no mention of intrusion detection or anomaly detection systems.,IC1,EC2,,,,,,,Excluded
R1364,SpringerLink,2026-07-06,False,Deep Learning for FM-Based Recommendation: A Systematic Study on DeepFm and Its Application,Zhiheng Zhu,2023,Frontier Computing,10.1007/978-981-99-1428-9_92,https://link.springer.com/chapter/10.1007/978-981-99-1428-9_92,Conference paper,Yes,Unique,Passed,,Springer,Rejected,"Paper focuses on recommendation systems using DeepFM architecture with no relevance to IoMT, healthcare, intrusion detection, or security domains.",,EC5,,,,,,,Excluded
R1365,SpringerLink,2026-07-06,False,"A Review of Artificial Intelligence to Enhance the Security of Big Data Systems: State-of-Art, Methodologies, Applications, and Challenges",Duan DaiSahar Boroomand,2021,Archives of Computational Methods in Engineering,10.1007/s11831-021-09628-0,https://link.springer.com/article/10.1007/s11831-021-09628-0,Article,Yes,Unique,Passed,,Springer,Rejected,"This is a broad review on AI techniques for big data security across general systems, not specifically focused on IoMT or healthcare IoT environments.",,EC1,,,,,,,Excluded
R1366,SpringerLink,2026-07-06,False,Performance Evaluation of Hybrid Cloud-Fog Computing Architectures in Smart Home IoT Environments: A Comparative Simulation Study Across Multiple Tools,RuchikaRajender Singh Chhillar,2025,Journal of Grid Computing,10.1007/s10723-025-09802-9,https://link.springer.com/article/10.1007/s10723-025-09802-9,Article,Yes,Unique,Passed,,Springer,Rejected,The paper focuses on cloud-fog computing architecture performance evaluation in smart home IoT without addressing intrusion detection or anomaly detection systems.,,EC2,,,,,,,Excluded
R1367,SpringerLink,2026-07-06,False,Crowdsensing Security and Privacy Preservation for Trusted Smart Cities,Abimbola SangodoyinSaeid Pourroostaei Ardakani,2026,Crowdsensing and Data: Intelligence for City Pulse,10.1007/978-981-95-6358-6_4,https://link.springer.com/chapter/10.1007/978-981-95-6358-6_4,Chapter,Yes,Unique,Passed,,Springer,Rejected,"Paper focuses on general smart city crowdsensing security and privacy, not on IoMT/healthcare environments or intrusion detection systems.",,EC1,,,,,,,Excluded
R1368,SpringerLink,2026-07-06,False,Introduction,Haipeng YaoMohsen Guizani,2023,Intelligent Internet of Things Networks,10.1007/978-3-031-26987-5_1,https://link.springer.com/chapter/10.1007/978-3-031-26987-5_1,Chapter,Yes,Unique,Passed,,Springer,Rejected,This is a general review paper on IoT and machine learning technologies without specific focus on IoMT/healthcare domain or intrusion detection systems.,,EC1,,,,,,,Excluded
R1369,SpringerLink,2026-07-06,False,Engineering Microsoft Sentinel for Security Operations,Puthiyavan UdayakumarDr. R Anandan,2025,Design and Deploy Microsoft Azure Sentinel for IoMT,10.1007/979-8-8688-2040-3_3,https://link.springer.com/chapter/10.1007/979-8-8688-2040-3_3,Chapter,Yes,Unique,Passed,,OpenAlex,Rejected,"The paper focuses on Microsoft Sentinel as a general security operations platform for enterprise environments without addressing IoMT, healthcare IoT, or medical device networks.",,EC1,,,,,,,Excluded
R1372,SpringerLink,2026-07-06,False,FBDR-Fuzzy Based DDoS Attack Detection and Recovery Mechanism for Wireless Sensor Networks,P. J. Beslin PajilaE. Golden JulieY. Harold Robinson,2021,Wireless Personal Communications,10.1007/s11277-021-09040-8,https://link.springer.com/article/10.1007/s11277-021-09040-8,Article,Yes,Unique,Passed,,Springer,Rejected,"The paper addresses WSN security rather than IoMT/healthcare domain, and uses only fuzzy logic rules without a hybrid architecture combining unsupervised anomaly detection with supervised classification.",IC2,EC1,,,,,,,Excluded
R1373,SpringerLink,2026-07-06,False,Enhancing secure IoT data sharing through dynamic Q-learning and blockchain at the edge,Mustafa BayatMohammad Ali Jabraeil JamaliMahdi AbbasiBabak AnariShahin Akbarpour,2025,Scientific Reports,10.1038/s41598-025-24510-w,https://link.springer.com/article/10.1038/s41598-025-24510-w,Article,Yes,Unique,Passed,,OpenAlex,Rejected,"The paper focuses on Industrial IoT (IIoT) data sharing with blockchain and Q-learning, but does not address IoMT/healthcare domain or intrusion/anomaly detection systems.",,EC1,,,,,,,Excluded
R1374,SpringerLink,2026-07-06,False,Energy and Security-Aware Data Transmission in IoT: An Optimal Cluster Head Selection Approach with Spiral Chip Dynamics Optimizer (SCDO),T. Senthil Murugan,2024,Wireless Personal Communications,10.1007/s11277-024-10949-z,https://link.springer.com/article/10.1007/s11277-024-10949-z,Article,Yes,Unique,Passed,,Springer,Rejected,The paper focuses on energy-efficient cluster head selection in generic IoT networks without addressing IoMT/healthcare domain or intrusion/anomaly detection functionality.,,EC1,,,,,,,Excluded
R1375,SpringerLink,2026-07-06,False,"Research advances in DNA cryptography: integration with cloud computing, internet of things, and DNA computing",N. Nasurudeen AhamedThangavel Murugan,2026,Discover Applied Sciences,10.1007/s42452-026-08554-9,https://link.springer.com/article/10.1007/s42452-026-08554-9,Article,Yes,Unique,Passed,,OpenAlex,Rejected,"The paper focuses on DNA cryptography and encryption techniques for cloud and IoT, not on intrusion detection or anomaly detection systems.",,EC2,,,,,,,Excluded
R1377,SpringerLink,2026-07-06,False,Blockchain-based access control and privacy preservation in healthcare: a comprehensive survey,Ahmed M. TawfikAyman Al-AhwalAdly S. Tag EldienHala H. Zayed,2025,Cluster Computing,10.1007/s10586-025-05308-x,https://link.springer.com/article/10.1007/s10586-025-05308-x,Article,Yes,Unique,Passed,,OpenAlex,Rejected,"The paper focuses on blockchain-based access control and privacy preservation in healthcare EHR systems, but does not address intrusion detection or anomaly detection systems.",IC1,EC2,,,,,,,Excluded
R1378,SpringerLink,2026-07-06,False,A compressed image encryption algorithm leveraging optimized 3D chaotic maps for secure image communication,Akshat TiwariPrachi DiwanTarun Dhar DiwanMahdal MiroslavS. P. Samal,2025,Scientific Reports,10.1038/s41598-025-95995-8,https://link.springer.com/article/10.1038/s41598-025-95995-8,Article,Yes,Unique,Passed,,OpenAlex,Rejected,"The paper focuses on image encryption using chaotic maps and autoencoders for secure communication, not intrusion detection or anomaly detection in IoMT networks.",,EC2,,,,,,,Excluded
R1379,SpringerLink,2026-07-06,False,Optimizing internet of things security through blockchain enabled software defined networking,Sridevi TumulaY. RamadeviM. Rudra KumarPremkumar ChithaluruRamesh Babu PalamakulaSunil GoliPallati NarsimhuluMona  Jamjoom Diaa Salama Abd Elminaam,2025,Scientific Reports,10.1038/s41598-025-27401-2,https://link.springer.com/article/10.1038/s41598-025-27401-2,Article,Yes,Unique,Passed,,OpenAlex,Rejected,"The paper addresses general IoT security through blockchain-SDN architecture without focusing on IoMT/healthcare domain, and does not propose a hybrid intrusion detection system combining unsupervised anomaly detection with supervised classification.",,EC1,,,,,,,Excluded
R1380,SpringerLink,2026-07-06,False,Blockchain-enabled verification of medical records using soul-bound tokens and cloud computing,Puneeta SinghShrddha SagarSofia SinghHaya Mesfer AlshahraniMasresha GetahunBen Othman Soufiene,2024,Scientific Reports,10.1038/s41598-024-75708-3,https://link.springer.com/article/10.1038/s41598-024-75708-3,Article,Yes,Unique,Passed,,OpenAlex,Rejected,The paper focuses on blockchain-based medical record verification using soul-bound tokens and does not address intrusion detection or anomaly detection systems.,IC1,EC2,,,,,,,Excluded
R1381,SpringerLink,2026-07-06,False,"Systematic exploration of fuzzing in IoT: techniques, vulnerabilities, and open challenges",Asma TouqirFaisal IradatWaseem IqbalAbdur RakibNazim TaskinHesam JadidbonabOlivier Haas,2025,The Journal of Supercomputing,10.1007/s11227-025-07371-y,https://link.springer.com/article/10.1007/s11227-025-07371-y,Article,Yes,Unique,Passed,,Springer,Rejected,"The paper focuses on fuzzing techniques for vulnerability detection in general IoT systems, not on intrusion detection systems or anomaly detection architectures.",,EC2,,,,,,,Excluded
R1382,SpringerLink,2026-07-06,False,A systematic review of emerging feature selection optimization methods for optimal text classification: the present state and prospective opportunities,Esther Omolara AbiodunAbdulatif AlabdulatifOludare Isaac AbiodunMoatsum AlawidaAbdullah AlabdulatifRami S. Alkhawaldeh,2021,Neural Computing and Applications,10.1007/s00521-021-06406-8,https://link.springer.com/article/10.1007/s00521-021-06406-8,Article,Yes,Unique,Passed,,SemanticScholar,Rejected,"Paper focuses on feature selection optimization methods for text classification, not on IoMT/healthcare intrusion detection systems.",,EC5,,,,,,,Excluded
R1383,SpringerLink,2026-07-06,False,Quantum neural computing enhanced five-dimensional hyperchaotic framework for secured and reliable communication on the Internet of Things systems,Mu ChenSarbajit MannaArindam SarkarAbdulfattah NoorwaliKamal M. Othman,2025,Cluster Computing,10.1007/s10586-025-05637-x,https://link.springer.com/article/10.1007/s10586-025-05637-x,Article,Yes,Unique,Passed,,Springer,Rejected,"The paper focuses on secure communication and encryption using hyperchaotic systems and quantum neural networks, but does not propose or evaluate an intrusion detection or anomaly detection system.",IC1,EC2,,,,,,,Excluded
R1384,SpringerLink,2026-07-06,False,"Security and privacy in complex, context-aware systems: a comprehensive framework",Antoni Martínez-BallestéEdgar BatistaElena FigueroaKaouther NouniAgusti SolanasFran Casino,2026,International Journal of Information Security,10.1007/s10207-026-01228-y,https://link.springer.com/article/10.1007/s10207-026-01228-y,Article,Yes,Unique,Passed,,OpenAlex,Rejected,The paper presents a general security and privacy framework for context-aware systems without focusing on IoMT/healthcare domain or proposing a hybrid intrusion detection system.,,EC1,,,,,,,Excluded
R1385,SpringerLink,2026-07-06,False,A Smart Eye Detection System Using Digital Certification to Combat the Spread of COVID-19 (SEDDC),Murad Al-RajabIbrahim AlqatawnehAhmad Jasim JasmySyed Muhammad Noman,2023,Hybrid Intelligent Systems,10.1007/978-3-031-27409-1_18,https://link.springer.com/chapter/10.1007/978-3-031-27409-1_18,Conference paper,Yes,Unique,Passed,,Springer,Rejected,"The paper focuses on COVID-19 status verification using iris recognition, not intrusion detection or anomaly detection in IoMT networks.",,EC2,,,,,,,Excluded
R1386,SpringerLink,2026-07-06,False,"Harnessing Chaos Theory for Image Encryption: Review, Implementation and Future Research Direction",C. Sivaranjani DeviRengarajan Amirtharajan,2026,Archives of Computational Methods in Engineering,10.1007/s11831-026-10671-y,https://link.springer.com/article/10.1007/s11831-026-10671-y,Article,Yes,Unique,Passed,,Springer,Rejected,"Paper focuses on chaos theory for image encryption in general applications, not on intrusion or anomaly detection systems for IoMT networks.",,EC2,,,,,,,Excluded
R1387,SpringerLink,2026-07-06,False,The Role of Machine Learning Techniques in Internet of Things-Based Cloud Applications,Shashvi MishraAmit Kumar Tyagi,2022,Artificial Intelligence-based Internet of Things Systems,10.1007/978-3-030-87059-1_4,https://link.springer.com/chapter/10.1007/978-3-030-87059-1_4,Chapter,Yes,Unique,Passed,,Springer,Rejected,The paper is a general overview of machine learning techniques for IoT-based cloud applications without specific focus on IoMT/healthcare domain or intrusion detection systems.,,EC1,,,,,,,Excluded
R1389,SpringerLink,2026-07-06,False,Attacks and Countermeasures in IoT Based Smart Healthcare Applications,A. K. M. Bahalul HaqueBharat BhushanAfra NawarKhalid Raihan TalhaSadia Jeesan Ayesha,2022,Recent Advances in Internet of Things and Machine Learning,10.1007/978-3-030-90119-6_6,https://link.springer.com/chapter/10.1007/978-3-030-90119-6_6,Chapter,Yes,Unique,Passed,,Springer,Rejected,This is a survey/review paper discussing security attacks and countermeasures in IoT healthcare but does not propose or evaluate a specific hybrid intrusion detection system combining unsupervised anomaly detection with supervised classification.,IC1,EC2,,,,,,,Excluded
R1390,SpringerLink,2026-07-06,False,"Federated learning in cloud-edge collaborative architecture: key technologies, applications and challenges",Guanming BaoPing Guo,2022,Journal of Cloud Computing,10.1186/s13677-022-00377-4,https://link.springer.com/article/10.1186/s13677-022-00377-4,Article,Yes,Unique,Passed,,OpenAlex,Rejected,The paper discusses federated learning in cloud-edge architectures without addressing IoMT/healthcare domain or intrusion/anomaly detection systems.,,EC1,,,,,,,Excluded
R1391,SpringerLink,2026-07-06,False,Enhancing data security in the cloud using MECC-SIDH enhanced CL-HPAEKS scheme,C. P. Thamil SelviR. Lakshmana KumarP. Punitha,2025,Wireless Networks,10.1007/s11276-024-03891-2,https://link.springer.com/article/10.1007/s11276-024-03891-2,Article,Yes,Unique,Passed,,Springer,Rejected,"The paper focuses on cryptographic schemes for cloud data security with no mention of IoMT, intrusion detection, or anomaly detection systems.",,EC1,,,,,,,Excluded
R1392,SpringerLink,2026-07-06,False,Leveraging Artificial Intelligence Capabilities for Real-Time Monitoring of Cybersecurity Threats,Nickson M. KarieNor Masri Bin SahriWencheng YangMichael N. Johnstone,2022,Explainable Artificial Intelligence for Cyber Security,10.1007/978-3-030-96630-0_7,https://link.springer.com/chapter/10.1007/978-3-030-96630-0_7,Chapter,Yes,Unique,Passed,,Springer,Rejected,Paper discusses generic cybersecurity threat monitoring across different environments without specific focus on IoMT or healthcare domains.,,EC1,,,,,,,Excluded
R1393,SpringerLink,2026-07-06,False,"Securing IoT edge: a survey on lightweight cryptography, anonymous routing and communication protocol enhancements",Bianca GușițăAlin A. AntonCristina S. StângaciuDaniela StănescuLucian I. GăinăMihai V. Micea,2025,International Journal of Information Security,10.1007/s10207-025-01071-7,https://link.springer.com/article/10.1007/s10207-025-01071-7,Article,Yes,Unique,Passed,,OpenAlex,Rejected,"The paper focuses on cryptography, routing protocols, and MQTT-SN security enhancements for general IoT, without addressing intrusion detection or anomaly detection systems.",,EC2,,,,,,,Excluded
R1394,SpringerLink,2026-07-06,False,Preservation of Sensitive Data Using Multi-Level Blockchain-based Secured Framework for Edge Network Devices,Charu AwasthiPrashant Kumar MishraPawan Kumar PalSurbhi Bhatia KhanAmbuj Kumar AgarwalThippa Reddy GadekalluAreej A. Malibari,2023,Journal of Grid Computing,10.1007/s10723-023-09699-2,https://link.springer.com/article/10.1007/s10723-023-09699-2,Article,Yes,Unique,Passed,,OpenAlex,Rejected,"The paper focuses on blockchain-based data security and cryptographic protection for generic IoT devices, with no mention of intrusion detection, anomaly detection, or IoMT/healthcare domain.",,EC2,,,,,,,Excluded
R1395,SpringerLink,2026-07-06,False,Develop Security Strategy for IoT/OT with Defender for IoT,Puthiyavan UdayakumarR. Anandan,2024,Design and Deploy Microsoft Defender for IoT,10.1007/979-8-8688-0239-3_2,https://link.springer.com/chapter/10.1007/979-8-8688-0239-3_2,Chapter,Yes,Unique,Passed,,OpenAlex,Rejected,Paper focuses on general IoT security architecture and design principles rather than proposing or evaluating an intrusion detection system.,,EC2,,,,,,,Excluded
R1396,SpringerLink,2026-07-06,False,Future Trends for Artificial General—Internet of Things for Robotics,Ayesha NaureenPoojitha PullannagriMyle HarshithaPenmetsa BhavanaNishanth Sappa,2025,Artificial General-Internet of Things (AG-IoT) for Robotics: Advanced Computer Vision Applications and Future Trends,10.1007/978-3-031-95302-6_12,https://link.springer.com/chapter/10.1007/978-3-031-95302-6_12,Chapter,Yes,Unique,Passed,,Springer,Rejected,Paper focuses on general IoT for robotics and artificial general intelligence applications without addressing IoMT/healthcare domain or intrusion detection systems.,,EC1,,,,,,,Excluded
R1397,SpringerLink,2026-07-06,False,RETRACTED ARTICLE: A semantic and ontology-based framework for enhancing interoperability and automation in IoT systems,Ripal Ranpara,2025,Discover Internet of Things,10.1007/s43926-025-00122-8,https://link.springer.com/article/10.1007/s43926-025-00122-8,Article,Yes,Unique,Passed,,OpenAlex,Rejected,The paper focuses on semantic interoperability and automation in generic IoT systems without addressing intrusion detection or anomaly detection functionality.,,EC2,,,,,,,Excluded
R1399,SpringerLink,2026-07-06,False,New Approaches to Detection and Secure Control for Cyber-physical Systems Against False Data Injection Attacks,Puying WangRuimei ZhangXuxia He,2025,"International Journal of Control, Automation and Systems",10.1007/s12555-024-0352-z,https://link.springer.com/article/10.1007/s12555-024-0352-z,Article,Yes,Unique,Passed,,Springer,Rejected,"The paper addresses cyber-physical systems in general without specific focus on IoMT/healthcare domain, and does not employ a hybrid architecture combining unsupervised anomaly detection with supervised classification.",,EC1,,,,,,,Excluded
R1401,SpringerLink,2026-07-06,False,Fuzzy&#xa0;Logic-Based Software Systems,Konstantina Chrysafiadi,2023,Fuzzy Logic-Based Software Systems,10.1007/978-3-031-44457-9_3,https://link.springer.com/chapter/10.1007/978-3-031-44457-9_3,Chapter,Yes,Unique,Passed,,Springer,Rejected,The paper is a broad survey of fuzzy logic applications across multiple domains without focusing on IoMT intrusion detection systems.,,EC1,,,,,,,Excluded
R1402,SpringerLink,2026-07-06,False,"An examination of IIoT and fog computing architectures, applications and challenges from IoT to Industry 4.0",Redouane ChaibiAboubakr El HammoumiSaad Motahhir,2026,Discover Computing,10.1007/s10791-026-10161-6,https://link.springer.com/article/10.1007/s10791-026-10161-6,Article,Yes,Unique,Passed,,OpenAlex,Rejected,"Paper focuses on IIoT architectures and fog computing for Industry 4.0, not IoMT/healthcare domain, and does not propose an intrusion detection system.",,EC1,,,,,,,Excluded
R1403,SpringerLink,2026-07-06,False,RETRACTED ARTICLE: Smart healthcare system using integrated and lightweight ECC with private blockchain for multimedia medical data processing,Hemant B. MahajanAparna A. Junnarkar,2023,Multimedia Tools and Applications,10.1007/s11042-023-15204-4,https://link.springer.com/article/10.1007/s11042-023-15204-4,Article,Yes,Unique,Passed,,Springer,Rejected,The paper focuses on secure blockchain-based multimedia medical data processing with cryptographic methods but does not propose or evaluate any intrusion detection or anomaly detection system.,IC1,EC2,,,,,,,Excluded
R1404,SpringerLink,2026-07-06,False,B-OLSR: An Advanced Blockchain Based Routing Protocol for Enhanced Security Over MANET,Sayan MajumderDebika BhattacharyyaSubhalaxmi Chakraborty,2025,International Journal of Networked and Distributed Computing,10.1007/s44227-025-00083-y,https://link.springer.com/article/10.1007/s44227-025-00083-y,Article,Yes,Unique,Passed,,OpenAlex,Rejected,"Paper focuses on MANET routing security with blockchain, not IoMT intrusion detection, and lacks any unsupervised anomaly detection component.",,EC1,,,,,,,Excluded
R1405,SpringerLink,2026-07-06,False,Cyber Security with AI—Part I,Bhanu ChanderGopalakrishnan Kumaravelan,2021,"The ""Essence"" of Network Security: An End-to-End Panorama",10.1007/978-981-15-9317-8_6,https://link.springer.com/chapter/10.1007/978-981-15-9317-8_6,Chapter,Yes,Unique,Passed,,Springer,Rejected,The paper is a general survey of AI/ML in cybersecurity without specific focus on IoMT/healthcare domain or hybrid intrusion detection architectures.,,EC1,,,,,,,Excluded
R1407,SpringerLink,2026-07-06,False,A blockchain-enabled framework for secure and efficient data transmission in underwater sensor networks using advanced cryptographic techniques,K. Kishore KumarMovva PavaniN. Subhash ChandraP. ChitralingappaB. Hemantha KumarG. Anushree,2026,Scientific Reports,10.1038/s41598-026-49371-9,https://link.springer.com/article/10.1038/s41598-026-49371-9,Article,Yes,Unique,Passed,,OpenAlex,Rejected,"The paper focuses on underwater sensor networks for environmental monitoring and military surveillance, not IoMT or healthcare applications.",,EC1,,,,,,,Excluded
R1409,SpringerLink,2026-07-06,False,Mechanics and bio-interface engineering in flexible biosensors for continuous health monitoring,Nadeem QaiserThirumalaisamy SuryaprabhaFelice VetranoByungil HwangNazek Elatab,2026,npj Flexible Electronics,10.1038/s41528-025-00524-2,https://link.springer.com/article/10.1038/s41528-025-00524-2,Article,Yes,Unique,Passed,,OpenAlex,Rejected,Paper focuses on flexible biosensors for wearable health monitoring rather than intrusion detection systems for IoMT networks.,,EC2,,,,,,,Excluded
R1410,SpringerLink,2026-07-06,False,Metaheuristic Algorithm’s Role in Medical Care and Diagnostics,Kiran Sharma,2023,Machine Learning and Metaheuristics: Methods and Analysis,10.1007/978-981-99-6645-5_13,https://link.springer.com/chapter/10.1007/978-981-99-6645-5_13,Chapter,Yes,Unique,Passed,,Springer,Rejected,The paper focuses on metaheuristic algorithms for feature selection and optimization in medical diagnostics but does not propose or evaluate an intrusion detection or anomaly detection system for IoMT security.,IC1,EC2,,,,,,,Excluded
R1411,SpringerLink,2026-07-06,False,IoT Sensor Data Analysis and Fusion Applying Machine Learning and Meta-Heuristic Approaches,Anindita SahaChandreyee ChowdhuryMayurakshi JanaSuparna Biswas,2021,Enabling AI Applications in Data Science,10.1007/978-3-030-52067-0_20,https://link.springer.com/chapter/10.1007/978-3-030-52067-0_20,Chapter,Yes,Unique,Passed,,Springer,Rejected,"The paper is a general review of ML and meta-heuristic approaches for IoT sensor data across various domains (smart city, agriculture, waste management, home) without specific focus on IoMT/healthcare or intrusion detection systems.",,EC1,,,,,,,Excluded
R1412,SpringerLink,2026-07-06,False,Evolution and Adoption of Next Generation IoT-Driven Health Care 4.0 Systems,Deepanshu AroraShashank GuptaAlagan Anpalagan,2022,Wireless Personal Communications,10.1007/s11277-022-09932-3,https://link.springer.com/article/10.1007/s11277-022-09932-3,Article,Yes,Unique,Passed,,Springer,Rejected,This is a survey paper on IoT healthcare technologies and security challenges but does not propose or evaluate a specific intrusion detection system with hybrid architecture.,IC1,EC2,,,,,,,Excluded
R1413,SpringerLink,2026-07-06,False,Medical Devices and Instrumentation,Almir BadnjevićLemana SpahićTamer BegoSara Deumić,2026,Biomedical Instrumentation,10.1007/978-3-032-10978-1_2,https://link.springer.com/chapter/10.1007/978-3-032-10978-1_2,Chapter,Yes,Unique,Passed,,Springer,Rejected,"This is a book chapter overview about medical devices and instrumentation with no mention of intrusion detection, anomaly detection, cybersecurity, or IoMT network security.",,EC2,,,,,,,Excluded
R1415,SpringerLink,2026-07-06,False,Cross layered cryptography based secure routing for IoT-enabled smart healthcare system,Ashwini KoreShailaja Patil,2022,Wireless Networks,10.1007/s11276-021-02850-5,https://link.springer.com/article/10.1007/s11276-021-02850-5,Article,Yes,Unique,Passed,,Springer,Rejected,The paper focuses on secure routing and cryptography for IoT healthcare but does not propose or evaluate an intrusion detection system combining unsupervised anomaly detection with supervised classification.,IC1,EC2,,,,,,,Excluded
R1416,SpringerLink,2026-07-06,False,An AI-based approach for dynamic routing in IoT networks,Debasis GountiaPranati MishraRanjan Kumar DashNihar Ranjan PradhanSachi Nandan Mohanty,2025,Peer-to-Peer Networking and Applications,10.1007/s12083-025-01942-9,https://link.springer.com/article/10.1007/s12083-025-01942-9,Article,Yes,Unique,Passed,,Springer,Rejected,The paper addresses dynamic routing optimization in IoT networks using AI algorithms but does not propose any intrusion detection or anomaly detection system.,,EC2,,,,,,,Excluded
R1417,SpringerLink,2026-07-06,False,Spectrum of Advancements and Developments in Multidisciplinary Domains for Generative Adversarial Networks (GANs),Syed Khurram Jah RizviMuhammad Ajmal AzadMuhammad Moazam Fraz,2021,Archives of Computational Methods in Engineering,10.1007/s11831-021-09543-4,https://link.springer.com/article/10.1007/s11831-021-09543-4,Article,Yes,Unique,Passed,,SemanticScholar,Rejected,This is a general survey on GANs across multidisciplinary domains with no specific focus on IoMT intrusion detection systems.,,EC2,,,,,,,Excluded
R1418,SpringerLink,2026-07-06,False,Implementation of novel learning based energy efficient routing protocols in wireless sensor networks for internet of things use cases,Kukunoor ShekarNalavala Ramanjaneya ReddySiddapuram ArvindT. V. Suresh KumarSubrahmanyam KodukulaGeddam Varahagiri,2025,Discover Computing,10.1007/s10791-025-09718-8,https://link.springer.com/article/10.1007/s10791-025-09718-8,Article,Yes,Unique,Passed,,OpenAlex,Rejected,"The paper focuses on energy-efficient routing protocols for WSN/IoT using reinforcement learning, but does not address intrusion detection or anomaly detection systems.",,EC2,,,,,,,Excluded
R1419,SpringerLink,2026-07-06,False,IoT-Drone synergy in healthcare logistics: a framework for real-time decision-making and remote access,Tejinder Singh LakhwaniYerasani SinjanaAnuj Pal Kapoor,2026,International Journal of System Assurance Engineering and Management,10.1007/s13198-026-03349-y,https://link.springer.com/article/10.1007/s13198-026-03349-y,Article,Yes,Unique,Passed,,Springer,Rejected,The paper focuses on healthcare logistics and drone delivery systems rather than intrusion detection or anomaly detection for IoMT networks.,,EC2,,,,,,,Excluded
R1420,SpringerLink,2026-07-06,False,Intelligent Computing Networks,Cheng WangHao Tang,2026,Integrated Security and Safety of Intelligent Computing Networks,10.1007/978-981-95-5025-8_1,https://link.springer.com/chapter/10.1007/978-981-95-5025-8_1,Chapter,Yes,Unique,Passed,,Springer,Rejected,The paper focuses on general intelligent computing network infrastructure and resource management without addressing IoMT/healthcare domain or intrusion detection systems.,,EC1,,,,,,,Excluded
R1421,SpringerLink,2026-07-06,False,Artificial Intelligence-based Internet of Things for Industry 5.0,Bhanu ChanderSouvik PalDebashis DeRajkumar Buyya,2022,Artificial Intelligence-based Internet of Things Systems,10.1007/978-3-030-87059-1_1,https://link.springer.com/chapter/10.1007/978-3-030-87059-1_1,Chapter,Yes,Unique,Passed,,Springer,Rejected,Paper focuses on Industry 5.0 and general IoT with AI integration but does not address IoMT/healthcare domain or intrusion detection systems.,,EC1,,,,,,,Excluded
R1422,SpringerLink,2026-07-06,False,CuraFrame: a patient-centric secure and privacy preserving medical framework with zero-leak using blockchain,Lokendra VishwakarmaSamanyu A. SajiDebasis Das,2025,Peer-to-Peer Networking and Applications,10.1007/s12083-025-02061-1,https://link.springer.com/article/10.1007/s12083-025-02061-1,Article,Yes,Unique,Passed,,Springer,Rejected,The paper focuses on secure EHR storage and blockchain consensus mechanisms without addressing intrusion detection or anomaly detection systems.,IC1,EC2,,,,,,,Excluded
R1423,SpringerLink,2026-07-06,False,A graph neural network method for distributed anomaly detection in IoT,Aikaterini ProtogerouStavros PapadopoulosAnastasios DrosouDimitrios TzovarasIoannis Refanidis,2020,Evolving Systems,10.1007/s12530-020-09347-0,https://link.springer.com/article/10.1007/s12530-020-09347-0,Article,Yes,Unique,Passed,,SemanticScholar,Rejected,"The paper addresses general IoT domains (manufacturing, transportation, supply chain) without specific focus on IoMT/healthcare IoT environments, failing IC1.",IC2,EC1,,,,,,,Excluded
R1424,SpringerLink,2026-07-06,False,Key Issues and&#xa0;Enabling Technologies for&#xa0;DT Over&#xa0;Wireless Networks,Changyan YiRuoyang ChenJiayuan ChenXiaolong LiJun Cai,2026,Self-Evolving Digital Twin Over Wireless Networks,10.1007/978-3-032-08120-9_2,https://link.springer.com/chapter/10.1007/978-3-032-08120-9_2,Chapter,Yes,Unique,Passed,,Springer,Rejected,Paper focuses on digital twin (DT) technology over wireless networks without addressing IoMT/healthcare domain or intrusion detection systems.,,EC1,,,,,,,Excluded
R1425,SpringerLink,2026-07-06,False,Artificial Intelligence and Machine Learning for Ensuring Security in Smart Cities,Sabbir AhmedMd. Farhad HossainM. Shamim KaiserManan Binth Taj NoorMufti MahmudChinmay Chakraborty,2021,"Data-Driven Mining, Learning and Analytics for Secured Smart Cities",10.1007/978-3-030-72139-8_2,https://link.springer.com/chapter/10.1007/978-3-030-72139-8_2,Chapter,Yes,Unique,Passed,,Springer,Rejected,The paper broadly addresses security in smart cities including smart health but does not specifically focus on IoMT/healthcare networks or propose a hybrid intrusion detection system combining unsupervised and supervised methods.,,EC1,,,,,,,Excluded
R1426,SpringerLink,2026-07-06,False,A comparative study of energy efficient algorithms for IoT applications based on WSNs,Awatef Benfradj GuiloufiSalim El khediriNejah NasriAbdennaceur Kachouri,2023,Multimedia Tools and Applications,10.1007/s11042-023-14813-3,https://link.springer.com/article/10.1007/s11042-023-14813-3,Article,Yes,Unique,Passed,,Springer,Rejected,This paper is a survey of energy-efficient algorithms for general IoT/WSN applications with no focus on intrusion detection systems or IoMT healthcare environments.,,EC2,,,,,,,Excluded
R1427,SpringerLink,2026-07-06,False,A secure and dependable trust assessment (SDTS) scheme for industrial communication networks,Tayyab KhanKaran SinghKhaleel AhmadKhairol Amali Bin Ahmad,2023,Scientific Reports,10.1038/s41598-023-28721-x,https://link.springer.com/article/10.1038/s41598-023-28721-x,Article,Yes,Unique,Passed,,OpenAlex,Rejected,"The paper focuses on Industrial WSNs with trust management for security, not IoMT/healthcare environments, and does not propose a hybrid IDS combining unsupervised anomaly detection with supervised classification.",,EC1,,,,,,,Excluded
R1430,SpringerLink,2026-07-06,False,"Challenges, Opportunities, and Future Prospects",Mohamed Abdel-BassetNour MoustafaHossam HawashWeiping Ding,2022,Deep Learning Techniques for IoT Security and Privacy,10.1007/978-3-030-89025-4_10,https://link.springer.com/chapter/10.1007/978-3-030-89025-4_10,Chapter,Yes,Unique,Passed,,Springer,Rejected,Paper is a general discussion chapter about IoT security and deep learning opportunities without proposing or evaluating a specific intrusion detection system with hybrid architecture.,,EC2,,,,,,,Excluded
R1431,SpringerLink,2026-07-06,False,Big Data Analytics and IoT Security Optimization Research,Fei TanHuiyong Guo,2025,Proceedings of the 5th International Conference on Big Data Analytics for Cyber-Physical System in Smart City—Volume 2,10.1007/978-981-96-0211-7_11,https://link.springer.com/chapter/10.1007/978-981-96-0211-7_11,Conference paper,Yes,Unique,Passed,,Springer,Rejected,"Paper focuses on IoT node localization and routing security using optimization algorithms (ABC, SFLA) without addressing IoMT/healthcare domain or intrusion detection systems.",,EC1,,,,,,,Excluded
R1433,SpringerLink,2026-07-06,False,Dynamic Resource Management and Task Offloading Framework for Fog Computing,Haitham M. Abdelghany,2025,Journal of Grid Computing,10.1007/s10723-025-09804-7,https://link.springer.com/article/10.1007/s10723-025-09804-7,Article,Yes,Unique,Passed,,OpenAlex,Rejected,"The paper focuses on task offloading and resource management in fog computing using deep Q-learning, with no mention of intrusion detection, anomaly detection, or security functions.",,EC2,,,,,,,Excluded
R1434,SpringerLink,2026-07-06,False,"Domains of facilities management influencing older adults’ quality of life: a PRISMA-guided systematic review, bibliometric analysis, and integrative framework (2015–2025)",Nuratiqah Aisyah AwangShirley Jin Lin ChuaAhmad Fawwaz Ahmad SalehReham BaydounMuhammad Hadi Mustafa,2026,Journal of Public Health,10.1007/s10389-026-02776-2,https://link.springer.com/article/10.1007/s10389-026-02776-2,Article,Yes,Unique,Passed,,OpenAlex,Rejected,"The paper focuses on facilities management for older adults' quality of life in built environments, not on intrusion detection systems for IoMT or healthcare networks.",,EC2,,,,,,,Excluded
R1436,SpringerLink,2026-07-06,False,An overview of QoS-aware load balancing techniques in SDN-based IoT networks,Mohammad RostamiSalman Goli-Bidgoli,2024,Journal of Cloud Computing,10.1186/s13677-024-00651-7,https://link.springer.com/article/10.1186/s13677-024-00651-7,Article,Yes,Unique,Passed,,OpenAlex,Rejected,"The paper focuses on QoS-aware load balancing in SDN-based IoT networks without addressing intrusion detection, anomaly detection, or any security mechanisms.",,EC2,,,,,,,Excluded
R1437,SpringerLink,2026-07-06,False,Rethinking IoT Security in the Era of Quantum Computing: Literature Reviews,Yacoub HannaSamet TonyaliRicardo Harrilal-ParchmentKemal Akkaya,2026,"Quantum Computing, Sensing and Communications for IoT",10.1007/978-981-95-6276-3_5,https://link.springer.com/chapter/10.1007/978-981-95-6276-3_5,Chapter,Yes,Unique,Passed,,Springer,Rejected,"The paper focuses on quantum-resistant cryptography and quantum key distribution for IoT security, not on intrusion detection or anomaly detection systems.",,EC2,,,,,,,Excluded
R1438,SpringerLink,2026-07-06,False,Collaborative defense model for crowdsensing networks based on incomplete Information differential games,Kaiwen LouGuosheng ZhaoJian WangXiaodan HuangZixuan Wan,2026,Cybersecurity,10.1186/s42400-026-00577-4,https://link.springer.com/article/10.1186/s42400-026-00577-4,Article,Yes,Unique,Passed,,OpenAlex,Rejected,"The paper addresses crowdsensing networks with game-theoretic defense mechanisms but does not mention IoMT/healthcare domain, nor does it propose a hybrid intrusion detection system combining unsupervised anomaly detection with supervised classification.",,EC1,,,,,,,Excluded
R1440,SpringerLink,2026-07-06,False,An Optimal Packet Assignment Algorithm for Multi-level Network Intrusion Detection Systems,Dao Thi-NgaChi Hieu TaVan Son VuDuc Van Le,2020,Industrial Networks and Intelligent Systems,10.1007/978-3-030-63083-6_23,https://link.springer.com/chapter/10.1007/978-3-030-63083-6_23,Conference paper,Yes,Unique,Passed,,Springer,Rejected,The paper addresses generic network intrusion detection without IoMT/healthcare domain context and focuses on packet assignment optimization rather than hybrid unsupervised-supervised detection architecture.,IC2,EC1,,,,,,,Excluded
R1441,SpringerLink,2026-07-06,False,Securing the future: exploring post-quantum cryptography for authentication and user privacy in IoT devices,Khwaja MansoorMehreen AfzalWaseem IqbalYawar Abbas,2024,Cluster Computing,10.1007/s10586-024-04799-4,https://link.springer.com/article/10.1007/s10586-024-04799-4,Article,Yes,Unique,Passed,,Springer,Rejected,"The paper focuses on post-quantum cryptography for IoT security, not on intrusion detection or anomaly detection systems.",,EC2,,,,,,,Excluded
R1443,SpringerLink,2026-07-06,False,Cognitive IoT Meets Robotic Process Automation: The Unique Convergence Revolutionizing Digital Transformation in the Industry 4.0 Era,Prasenjit BhadraShilpi ChakrabortySubhajit Saha,2023,Confluence of Artificial Intelligence and Robotic Process Automation,10.1007/978-981-19-8296-5_15,https://link.springer.com/chapter/10.1007/978-981-19-8296-5_15,Chapter,Yes,Unique,Passed,,Springer,Rejected,"The paper focuses on industrial automation (IIoT, Industry 4.0, RPA) with no mention of healthcare, medical IoT, or IoMT environments.",,EC1,,,,,,,Excluded
R1444,SpringerLink,2026-07-06,False,Application of Machine Intelligence and Data Science for Intelligent IoT,Debabrata SamantaAmit Banerjee,2021,Computationally Intensive Statistics for Intelligent IoT,10.1007/978-981-16-5936-2_3,https://link.springer.com/chapter/10.1007/978-981-16-5936-2_3,Chapter,Yes,Unique,Passed,,Springer,Rejected,The paper is a general discussion about machine learning for IoT frameworks without specific focus on IoMT/healthcare domain or intrusion detection systems.,,EC1,,,,,,,Excluded
R1445,SpringerLink,2026-07-06,False,Neuromorphic Hardware for Artificial Sensory Systems: A Review,Youngmin KimChung Won LeeHo Won Jang,2025,Journal of Electronic Materials,10.1007/s11664-025-11778-x,https://link.springer.com/article/10.1007/s11664-025-11778-x,Article,Yes,Unique,Passed,,OpenAlex,Rejected,"The paper focuses on neuromorphic hardware for artificial sensory systems replicating human senses, not on intrusion detection systems for IoMT environments.",,EC2,,,,,,,Excluded
R1446,SpringerLink,2026-07-06,False,STROVE: spatial data infrastructure enabled cloud–fog–edge computing framework for combating COVID-19 pandemic,Shreya GhoshAnwesha Mukherjee,2022,Innovations in Systems and Software Engineering,10.1007/s11334-022-00458-2,https://link.springer.com/article/10.1007/s11334-022-00458-2,Article,Yes,Unique,Passed,,Springer,Rejected,"The paper focuses on COVID-19 pandemic management using spatial data infrastructure and cloud-fog-edge computing for patient monitoring and mobility tracking, but does not propose or evaluate an intrusion detection or anomaly detection system for network security.",,EC2,,,,,,,Excluded
R1448,SpringerLink,2026-07-06,False,Transforming future technology with quantum-based IoT,Habib Ullah KhanNasir AliFarhad AliShah Nazir,2024,The Journal of Supercomputing,10.1007/s11227-024-06251-1,https://link.springer.com/article/10.1007/s11227-024-06251-1,Article,Yes,Unique,Passed,,Springer,Rejected,The paper is a general survey on quantum computing and IoT applications without addressing IoMT/healthcare domain (EC1) or proposing any intrusion/anomaly detection system (EC2).,,EC1,,,,,,,Excluded
R1449,SpringerLink,2026-07-06,False,"Unmanned aerial vehicles (UAVs): practical aspects, applications, open challenges, security issues, and future trends",Syed Agha Hassnain MohsanNawaf Qasem Hamood OthmanYanlong LiMohammed H. AlsharifMuhammad Asghar Khan,2023,Intelligent Service Robotics,10.1007/s11370-022-00452-4,https://link.springer.com/article/10.1007/s11370-022-00452-4,Article,Yes,Unique,Passed,,Springer,Rejected,This is a general survey of UAV technology covering various aspects but does not address IoMT/healthcare domain or intrusion detection systems.,,EC1,,,,,,,Excluded
R1451,SpringerLink,2026-07-06,False,Analysis of factors affecting IoT-based smart hospital design,Banu Çalış UsluErtuğ OkayErkan Dursun,2020,Journal of Cloud Computing,10.1186/s13677-020-00215-5,https://link.springer.com/article/10.1186/s13677-020-00215-5,Article,Yes,Unique,Passed,,OpenAlex,Rejected,The paper focuses on smart hospital design architecture and optimization factors but does not propose or evaluate an intrusion detection or anomaly detection system.,IC1,EC2,,,,,,,Excluded
R1453,SpringerLink,2026-07-06,False,Get Started with IoT Network and Security,Puthiyavan UdayakumarDr. R Anandan,2024,Design and Deploy IoT Network & Security with Microsoft Azure,10.1007/979-8-8688-0908-8_1,https://link.springer.com/chapter/10.1007/979-8-8688-0908-8_1,Chapter,Yes,Unique,Passed,,OpenAlex,Rejected,Generic introductory material about IoT networks and security without proposing or evaluating any specific intrusion detection system or addressing IoMT/healthcare domain.,,EC2,,,,,,,Excluded
R1454,SpringerLink,2026-07-06,False,Scalable real-time health data sensing and analysis enabling collaborative care delivery,Ilias DimitriadisIoannis MavroudopoulosStyliani KyramaTheodoros ToliopoulosAnastasios GounarisAthena VakaliAntonis BillisPanagiotis Bamidis,2022,Social Network Analysis and Mining,10.1007/s13278-022-00891-y,https://link.springer.com/article/10.1007/s13278-022-00891-y,Article,Yes,Unique,Passed,,Springer,Rejected,The paper describes a health data sensing and processing pipeline for frailty monitoring but does not address intrusion detection or anomaly detection for security purposes.,IC1,EC2,,,,,,,Excluded
R1455,SpringerLink,2026-07-06,False,Evaluation of Trust Establishment Mechanisms in Wireless Networks: A Statistical Perspective,Ashutosh Kumar ChoudharySurendra Rahamatkar,2022,"Proceedings of 3rd International Conference on Machine Learning, Advances in Computing, Renewable Energy and Communication",10.1007/978-981-19-2828-4_16,https://link.springer.com/chapter/10.1007/978-981-19-2828-4_16,Conference paper,Yes,Unique,Passed,,Springer,Rejected,The paper focuses on trust establishment mechanisms in generic wireless networks without addressing IoMT/healthcare domain or intrusion detection systems.,,EC1,,,,,,,Excluded
R1456,SpringerLink,2026-07-06,False,"AI-Based Mobile Edge Computing for IoT: Applications, Challenges, and Future Scope",Ashish SinghSuresh Chandra SatapathyArnab RoyAdnan Gutub,2022,Arabian Journal for Science and Engineering,10.1007/s13369-021-06348-2,https://link.springer.com/article/10.1007/s13369-021-06348-2,Article,Yes,Unique,Passed,,Springer,Rejected,Paper is a general survey on mobile edge computing with AI/FL that does not specifically address IoMT/healthcare domain or intrusion detection systems.,,EC1,,,,,,,Excluded
R1457,SpringerLink,2026-07-06,False,A collusion-resistant trust management system in fog computing,Amir Hossein LangaroudiMohammad Abdollahi Azgomi,2025,The Journal of Supercomputing,10.1007/s11227-025-07402-8,https://link.springer.com/article/10.1007/s11227-025-07402-8,Article,Yes,Unique,Passed,,Springer,Rejected,The paper addresses trust management in fog computing networks but does not propose an intrusion detection or anomaly detection system.,,EC2,,,,,,,Excluded
R1459,SpringerLink,2026-07-06,False,"Robotics cyber security: vulnerabilities, attacks, countermeasures, and recommendations",Jean-Paul A. YaacoubHassan N. NouraOla SalmanAli Chehab,2021,International Journal of Information Security,10.1007/s10207-021-00545-8,https://link.springer.com/article/10.1007/s10207-021-00545-8,Article,Yes,Unique,Passed,,Springer,Rejected,"Paper focuses on general robotics cybersecurity across multiple domains without specifically addressing IoMT or healthcare environments, and does not propose an intrusion detection system with hybrid unsupervised-supervised architecture.",,EC1,,,,,,,Excluded
R1460,SpringerLink,2026-07-06,False,Machine learning and data analytics for the IoT,Erwin AdiAdnan AnwarZubair BaigSherali Zeadally,2020,Neural Computing and Applications,10.1007/s00521-020-04874-y,https://link.springer.com/article/10.1007/s00521-020-04874-y,Article,Yes,Unique,Passed,,Springer,Rejected,The paper is a general review of machine learning and data analytics for IoT without specific focus on IoMT/healthcare domain or intrusion detection systems.,,EC1,,,,,,,Excluded
R1461,SpringerLink,2026-07-06,False,"The World with Future Technologies (Post-COVID-19): Open Issues, Challenges, and the Road Ahead",A. V. Shreyas MadhavAmit Kumar Tyagi,2022,Intelligent Interactive Multimedia Systems for e-Healthcare Applications,10.1007/978-981-16-6542-4_22,https://link.springer.com/chapter/10.1007/978-981-16-6542-4_22,Chapter,Yes,Unique,Passed,,Springer,Rejected,"This is a broad survey about post-COVID technologies (AI, blockchain, cloud) without focusing on IoMT intrusion detection or any specific hybrid IDS architecture.",,EC2,,,,,,,Excluded
R1463,SpringerLink,2026-07-06,False,"Security and privacy issues in smart cities/industries: technologies, applications, and challenges",P. Muralidhara RaoB. D. Deebak,2022,Journal of Ambient Intelligence and Humanized Computing,10.1007/s12652-022-03707-1,https://link.springer.com/article/10.1007/s12652-022-03707-1,Article,Yes,Unique,Passed,,Springer,Rejected,Paper is a broad survey on security and privacy in smart cities/industries without focusing on IoMT/healthcare domain or proposing a specific hybrid IDS architecture.,,EC1,,,,,,,Excluded
R1464,SpringerLink,2026-07-06,False,Applications of Big Data Analytics and Machine Learning in the Internet of Things,Shamim YousefiFarnaz DerakhshanHadis Karimipour,2020,Handbook of Big Data Privacy,10.1007/978-3-030-38557-6_5,https://link.springer.com/chapter/10.1007/978-3-030-38557-6_5,Chapter,Yes,Unique,Passed,,Springer,Rejected,This is a general survey chapter on ML applications in IoT without proposing or evaluating a specific intrusion detection system with hybrid architecture.,,EC2,,,,,,,Excluded
R1467,SpringerLink,2026-07-06,False,Data aggregation protocols for WSN and IoT applications – A comprehensive survey,Beneyaz Ara BegumSatyanarayana V. Nandury,2023,Journal of King Saud University Computer and Information Sciences,10.1016/j.jksuci.2023.01.008,https://link.springer.com/article/10.1016/j.jksuci.2023.01.008,Article,Yes,Unique,Passed,,OpenAlex,Rejected,The paper surveys data aggregation protocols for WSN and IoT networks but does not address intrusion detection or anomaly detection systems.,,EC2,,,,,,,Excluded
R1468,SpringerLink,2026-07-06,False,Quantum secured 6G technology-based applications in Internet of Everything,Kumar PrateekNitish Kumar OjhaFahiem AltafSoumyadev Maity,2022,Telecommunication Systems,10.1007/s11235-022-00979-y,https://link.springer.com/article/10.1007/s11235-022-00979-y,Article,Yes,Unique,Passed,,Springer,Rejected,"The paper focuses on 6G technology and quantum security for Internet of Everything applications, but does not propose or evaluate an intrusion detection or anomaly detection system.",,EC2,,,,,,,Excluded
R1469,SpringerLink,2026-07-06,False,"Internet of Things: a comprehensive overview, architectures, applications, simulation tools, challenges and future directions",Anita Choudhary,2024,Discover Internet of Things,10.1007/s43926-024-00084-3,https://link.springer.com/article/10.1007/s43926-024-00084-3,Article,Yes,Unique,Passed,,OpenAlex,Rejected,This is a general survey paper on IoT technology and architectures without focusing on IoMT/healthcare domain or proposing any intrusion detection system.,,EC1,,,,,,,Excluded
R1470,SpringerLink,2026-07-06,False,Typical Application Scenarios of 6G in Industries,Pengfei Sun,2023,A Guidebook for 5GtoB and 6G Vision for Deep Convergence,10.1007/978-981-99-4024-0_19,https://link.springer.com/chapter/10.1007/978-981-99-4024-0_19,Chapter,Yes,Unique,Passed,,Springer,Rejected,"The paper focuses on 6G metaverse applications and VR technology, with no mention of IoMT, healthcare networks, intrusion detection, or anomaly detection systems.",,EC1,,,,,,,Excluded
R1471,SpringerLink,2026-07-06,False,Malware Detection in IoT,Prachi Dahiya,2022,Internet of Things,10.1007/978-981-19-1585-7_7,https://link.springer.com/chapter/10.1007/978-981-19-1585-7_7,Chapter,Yes,Unique,Passed,,Springer,Rejected,"The abstract discusses malware detection in IoT including IoMT but does not describe any specific intrusion detection system architecture or methodology, particularly no hybrid approach combining unsupervised and supervised methods.",IC1,EC2,,,,,,,Excluded
R1473,SpringerLink,2026-07-06,False,Emerging technologies and design aspects of next generation cyber physical system with a smart city application perspective,Ayaskanta MishraAmitkumar V. JhaBhargav AppasaniArun Kumar RayDeepak Kumar GuptaAbu Nasar Ghazali,2022,International Journal of System Assurance Engineering and Management,10.1007/s13198-021-01523-y,https://link.springer.com/article/10.1007/s13198-021-01523-y,Article,Yes,Unique,Passed,,Springer,Rejected,The paper focuses on general cyber-physical systems and smart city applications without addressing IoMT/healthcare domain or intrusion detection systems.,,EC1,,,,,,,Excluded
R1475,SpringerLink,2026-07-06,False,eHealth and Ageing Well,Giuseppe FicoSergio Guillén BarrionuevoAlejandro MedranoRenáta RadóczKarolina MackiewiczCarina DantasJorge PosadaPilar SalaLidia ManeroMarta PerezGerman GutierrezMaria Teresa Arredondo,2024,Springer Handbook of Internet of Things,10.1007/978-3-031-39650-2_30,https://link.springer.com/chapter/10.1007/978-3-031-39650-2_30,Chapter,Yes,Unique,Passed,,Springer,Rejected,The paper focuses on eHealth IoT ecosystems and platforms for aging well but does not address intrusion detection or anomaly detection systems.,IC1,EC2,,,,,,,Excluded
R1476,SpringerLink,2026-07-06,False,An integrated approach of designing functionality with security for distributed cyber-physical systems,Dipty TripathiAmit BiswasAnil Kumar TripathiLalit Kumar SinghAmrita Chaturvedi,2022,The Journal of Supercomputing,10.1007/s11227-022-04481-9,https://link.springer.com/article/10.1007/s11227-022-04481-9,Article,Yes,Unique,Passed,,SemanticScholar,Rejected,The paper focuses on leader election algorithms and architectural separation of functionality/security concerns in distributed cyber-physical systems without addressing IoMT/healthcare domain or intrusion/anomaly detection systems.,,EC1,,,,,,,Excluded
R1477,SpringerLink,2026-07-06,False,Study I: Industrial Cyber-Physical Systems in a Systemic Perspective,Sascha Julian Oks,2024,Industrial Cyber-Physical Systems,10.1007/978-3-658-44417-4_3,https://link.springer.com/chapter/10.1007/978-3-658-44417-4_3,Chapter,Yes,Unique,Passed,,Springer,Rejected,"The paper focuses on industrial cyber-physical systems (CPS) for Industry 4.0, not IoMT or healthcare environments.",,EC1,,,,,,,Excluded
R1478,SpringerLink,2026-07-06,False,ELD: Adaptive Detection of Malicious Nodes under Mix-Energy-Depleting-Attacks Using Edge Learning in IoT Networks,Zuchao MaLiang LiuWeizhi Meng,2020,Information Security,10.1007/978-3-030-62974-8_15,https://link.springer.com/chapter/10.1007/978-3-030-62974-8_15,Conference paper,Yes,Unique,Passed,,Springer,Rejected,"The paper addresses generic IoT networks with energy-depleting attacks but does not specify IoMT/healthcare domain, and the detection approach uses edge learning with automatic labeling rather than the required hybrid architecture of unsupervised anomaly detection followed by supervised classification.",IC2,EC1,,,,,,,Excluded
R1480,SpringerLink,2026-07-06,False,"Fog Computing Complete Review: Concepts, Trends, Architectures, Technologies, Simulators, Security Issues, Applications, and Open Research Fields",Ishtiaq Ahammad,2023,SN Computer Science,10.1007/s42979-023-02235-9,https://link.springer.com/article/10.1007/s42979-023-02235-9,Article,Yes,Unique,Passed,,Springer,Rejected,"This is a general survey on fog computing concepts, architectures, and technologies without specific focus on IoMT intrusion detection systems.",,EC2,,,,,,,Excluded
R1481,SpringerLink,2026-07-06,False,Design and Deploy Azure Edge Services,Puthiyavan UdayakumarDr. R Anandan,2024,Design and Deploy IoT Network & Security with Microsoft Azure,10.1007/979-8-8688-0908-8_2,https://link.springer.com/chapter/10.1007/979-8-8688-0908-8_2,Chapter,Yes,Unique,Passed,,OpenAlex,Rejected,The paper focuses on Azure Edge Services deployment for general IoT networks without addressing IoMT/healthcare domain or intrusion detection systems.,,EC1,,,,,,,Excluded
R1483,SpringerLink,2026-07-06,False,A review of systematic evaluation and improvement in the big data environment,Feng YangManman Wang,2020,Frontiers of Engineering Management,10.1007/s42524-020-0092-6,https://link.springer.com/article/10.1007/s42524-020-0092-6,Article,Yes,Unique,Passed,,Springer,Rejected,"Paper is a general review of evaluation methods in big data environments without addressing IoMT, healthcare IoT, or intrusion detection systems.",,EC1,,,,,,,Excluded
R1486,SpringerLink,2026-07-06,False,"Mobility-Based Resource Allocation and Provisioning in Fog and Edge Computing Paradigms: Review, Challenges, and Future Directions",Sudheer Kumar BattulaRanesh Kumar NahaUjjwal KCKhizar HameedSaurabh GargMuhammad Bilal Amin,2021,Mobile Edge Computing,10.1007/978-3-030-69893-5_11,https://link.springer.com/chapter/10.1007/978-3-030-69893-5_11,Chapter,Yes,Unique,Passed,,Springer,Rejected,"Paper focuses on resource allocation and provisioning in Fog/Edge computing for mobile IoT devices, not on intrusion or anomaly detection systems.",,EC2,,,,,,,Excluded
R1487,SpringerLink,2026-07-06,False,Secure and Safe IIoT Systems via Machine and Deep Learning Approaches,Aris S. LalosAthanasios P. KalogerasChristos KoulamasChristos TseliosChristos AlexakosDimitrios Serpanos,2019,Security and Quality in Cyber-Physical Systems Engineering,10.1007/978-3-030-25312-7_16,https://link.springer.com/chapter/10.1007/978-3-030-25312-7_16,Chapter,Yes,Unique,Passed,,Springer,Rejected,"The paper focuses on Industrial IoT (IIoT) security and safety challenges, not IoMT/healthcare environments, triggering EC1.",,EC1,,,,,,,Excluded
R1488,SpringerLink,2026-07-06,False,Cloud Integrated IoT Enabled Sensor Network Security: Research Issues and Solutions,R. GeethaA. K. SuntheyaG. Umarani Srikanth,2020,Wireless Personal Communications,10.1007/s11277-020-07251-z,https://link.springer.com/article/10.1007/s11277-020-07251-z,Article,Yes,Unique,Passed,,Springer,Rejected,The paper surveys security vulnerabilities and challenges in cloud-IoT environments but does not propose or evaluate any intrusion detection system.,,EC2,,,,,,,Excluded
R1489,SpringerLink,2026-07-06,False,Q-learning-enabled channel access in next-generation dense wireless networks for IoT-based eHealth systems,Rashid AliYazdan Ahmad QadriYousaf Bin ZikriaTariq UmerByung-Seo KimSung Won Kim,2019,EURASIP Journal on Wireless Communications and Networking,10.1186/s13638-019-1498-x,https://link.springer.com/article/10.1186/s13638-019-1498-x,Article,Yes,Unique,Passed,,OpenAlex,Rejected,"The paper focuses on MAC layer channel access optimization using Q-learning for dense wireless networks in eHealth systems, but does not address intrusion detection or anomaly detection.",IC1,EC2,,,,,,,Excluded
R1491,SpringerLink,2026-07-06,False,"Nature-Inspired Algorithms for Reliable, Low-Latency Communication in Wireless Sensor Networks for Pervasive Healthcare Applications",Prateeti MukherjeeAnkur Das,2020,Nature Inspired Computing for Wireless Sensor Networks,10.1007/978-981-15-2125-6_14,https://link.springer.com/chapter/10.1007/978-981-15-2125-6_14,Chapter,Yes,Unique,Passed,,Springer,Rejected,"The paper focuses on routing optimization and network reliability in healthcare WSNs using nature-inspired algorithms, but does not address intrusion detection or anomaly detection systems.",IC1,EC2,,,,,,,Excluded
R1492,SpringerLink,2026-07-06,False,Medical Data Processing and Analysis for Remote Health and Activities Monitoring,Salvatore VitabileMichal MarksDragan StojanovicSabri PllanaJose M. MolinaMateusz KrzysztonAndrzej SikoraAndrzej JarynowskiFarhoud HosseinpourAgnieszka JakobikAleksandra Stojnev IlicAna RespicioDorin MoldovanCristina PopIoan Salomie,2019,High-Performance Modelling and Simulation for Big Data Applications,10.1007/978-3-030-16272-6_7,https://link.springer.com/chapter/10.1007/978-3-030-16272-6_7,Chapter,Yes,Unique,Passed,,OpenAlex,Rejected,The paper focuses on general medical data processing and analysis for remote health monitoring without addressing intrusion detection or anomaly detection systems.,IC1,EC2,,,,,,,Excluded
R1493,SpringerLink,2026-07-06,False,Critical Analysis of DDoS—An Emerging Security Threat over IoT Networks,Ankur LohachabBidhan Karambir,2018,Journal of Communications and Information Networks,10.1007/s41650-018-0022-5,https://link.springer.com/article/10.1007/s41650-018-0022-5,Article,Yes,Unique,Passed,,OpenAlex,Rejected,"Paper focuses on DDoS attacks in generic IoT networks without addressing IoMT/healthcare domain specifically, and does not propose or evaluate an intrusion detection system.",,EC1,,,,,,,Excluded
R1494,SpringerLink,2026-07-06,False,"Fog Computing for 5G-Enabled Tactile Internet: Research Issues, Challenges, and Future Research Directions",Shubhani AggarwalNeeraj Kumar,2019,Mobile Networks and Applications,10.1007/s11036-019-01430-4,https://link.springer.com/article/10.1007/s11036-019-01430-4,Article,Yes,Unique,Passed,,Springer,Rejected,This is a survey paper on fog computing for 5G-enabled Tactile Internet that discusses security and privacy but does not propose or evaluate any intrusion detection system.,,EC2,,,,,,,Excluded
R1498,SpringerLink,2026-07-06,False,"DDoS Attack Detection and Mitigation Using SDN: Methods, Practices, and Solutions",Narmeen Zakaria BawanyJawwad A. ShamsiKhaled Salah,2017,Arabian Journal for Science and Engineering,10.1007/s13369-017-2414-5,https://link.springer.com/article/10.1007/s13369-017-2414-5,Article,Yes,Unique,Passed,,Springer,Rejected,"The paper focuses on DDoS attack detection in SDN-based smart city networks, not IoMT/healthcare environments, failing IC1.",,EC1,,,,,,,Excluded
R1499,SpringerLink,2026-07-06,False,Resource management in pervasive Internet of Things: A survey,Saniya ZahoorRoohie Naaz Mir,2018,Journal of King Saud University Computer and Information Sciences,10.1016/j.jksuci.2018.08.014,https://link.springer.com/article/10.1016/j.jksuci.2018.08.014,Article,Yes,Unique,Passed,,OpenAlex,Rejected,Paper focuses on general resource management in IoT systems rather than intrusion or anomaly detection systems.,IC1,EC2,,,,,,,Excluded
R1501,SpringerLink,2026-07-06,False,Security in Wireless Sensor Networks,Kashif KifayatMadjid MerabtiQi ShiDavid Llewellyn-Jones,2010,Handbook of Information and Communication Security,10.1007/978-3-642-04117-4_26,https://link.springer.com/chapter/10.1007/978-3-642-04117-4_26,Chapter,Yes,Unique,Passed,,Springer,Rejected,The paper is a general survey on WSN security challenges without proposing or evaluating any specific intrusion detection system architecture.,,EC2,,,,,,,Excluded
R1505,arXiv,2026-07-06,True,An Evaluation Framework for Network IDS/IPS Datasets: Leveraging MITRE ATT&CK and Industry Relevance Metrics,"Adrita Rahman Tori, Khondokar Fida Hasan",2025,arXiv (preprint),,https://arxiv.org/abs/2511.12743,preprint,Yes,Unique,Passed,,,Rejected,Paper focuses on evaluation framework for network IDS datasets using MITRE ATT&CK rather than proposing a hybrid detection system for IoMT environments.,IC2,EC1,,,,,,,Excluded
R1509,arXiv,2026-07-06,True,Explainable Machine Learning-Based Security and Privacy Protection Framework for Internet of Medical Things Systems,"Ayoub Si-ahmed, Mohammed Ali Al-Garadi, Narhimene Boustia",2024,arXiv (preprint),,https://arxiv.org/abs/2403.09752,preprint,Yes,Unique,Passed,,,Rejected,The paper uses only Artificial Neural Networks for intrusion detection without combining unsupervised anomaly detection with supervised classification in a hybrid architecture.,"IC1, IC2",EC3,,,,,,,Excluded
R1511,arXiv,2026-07-06,True,Survey of Machine Learning Based Intrusion Detection Methods for Internet of Medical Things,"Ayoub Si-Ahmed, Mohammed Ali Al-Garadi, Narhimene Boustia",2022,arXiv (preprint),,https://arxiv.org/abs/2202.09657,preprint,Yes,Unique,Passed,,,Rejected,Survey/review — moved to surveys_srls for background use; excluded from primary study screening,"IC1, IC2",EC5 — survey/review excluded from primary study screening; moved to background,,,,,,,Excluded
R1512,Semantic Scholar,2026-07-06,False,A Unified AI-Based Network Intrusion Detection Framework for Network and System Traffic,Gowtham V and Girijesh B and Shyam Sunder R. and Yamini B,2026,2026 2nd International Conference on Intelligent Systems and Computational Networks (ICISCN),,https://api.semanticscholar.org/CorpusID:289490107,index,Yes,Unique,Passed,,,Rejected,"The paper addresses enterprise and cloud networks rather than IoMT/healthcare IoT environments, failing to meet IC1.","IC2, IC3",EC1,,,,,,,Excluded
R1513,Semantic Scholar,2026-07-06,False,A multi-resolution ensemble model of three decision-tree-based algorithms to predict daily NO2 concentration in France 2005-2022.,Guillaume Barbalat and Ian Hough and Michael Dorman and Johanna Lepeule and Itai Kloog,2024,Environmental research,,https://api.semanticscholar.org/CorpusID:270077496,index,Yes,Unique,Passed,,,Rejected,"The paper addresses environmental air quality prediction (NO2 concentration forecasting) for epidemiological studies, not IoMT/healthcare network intrusion detection.",,EC5,,,,,,,Excluded
R1514,Semantic Scholar,2026-07-06,False,Flow Structure and Unsteady Behavior of Hub-Corner Separation in a Stator Cascade of a Multi-Stage Transonic Axial Compressor,Seishiro Saito and Kazutoyo Yamada and Masato Furukawa and Keisuke Watanabe and Akinori Matsuoka and Naoyuki Niwa,2018,Volume 2A: Turbomachinery,,https://api.semanticscholar.org/CorpusID:126263484,index,Yes,Unique,Passed,,,Rejected,"The paper focuses on aerodynamic flow separation in axial compressor stators for turbomachinery, not IoMT or intrusion detection systems.",,EC5,,,,,,,Excluded
R1515,Semantic Scholar,2026-07-06,False,"Advances in Machine Learning and Cybernetics, 4th International Conference, ICMLC 2005, Guangzhou, China, August 18-21, 2005, Revised Selected Papers",Daniel S. Yeung and Zhi-Qiang Liu and Xizhao Wang and Hong-yan Yan,2006,International Conference on Machine Learning and Computing,,https://api.semanticscholar.org/CorpusID:32797308,index,Yes,Unique,Passed,,,Rejected,This is a conference proceedings collection covering general machine learning and cybernetics topics without focus on IoMT intrusion detection systems.,,EC1,,,,,,,Excluded
R1518,OpenAlex,2026-07-06,False,Dual Stream Cross-Attentional Driven Adaptive Anomaly Detection for Zero-Day Attacks in IoMT Networks,"Pragya Bajpayi, Sandeep Mathur, Madhu Sharma Gaur",2026,,10.23919/indiacom70271.2026.11526185,https://openalex.org/works/w7162449012,article,Yes,Unique,Passed,,OpenAlex,Rejected,The paper proposes a purely supervised deep learning model (DSCA-CNN) without incorporating an unsupervised anomaly detection component in a hybrid architecture.,"IC1, IC2",EC3,,,,,,,Excluded
R1524,OpenAlex,2026-07-06,False,Federated Learning-Based Secure Intrusion Detection Framework for Edge-IoT Communication Systems,"Karar Talal, Rand Hadi",2026,International Journal of Computers and Informatics,,https://openalex.org/works/w7165456136,article,Yes,Unique,Passed,,,Rejected,"The paper addresses general Edge-IoT systems including smart home and industrial IoT, not specifically IoMT/healthcare IoT environments as required by IC1.",IC2,EC1,,,,,,,Excluded
R0303,ScienceDirect,2026-07-06,False,Explainable AI framework for digital twin-empowered battlefield threat assessment,Abdullah Aljumah and Tariq Ahamed Ahanger,2026,Array,10.1016/j.array.2026.100986,https://www.sciencedirect.com/science/article/pii/S2590005626003097,article,Yes,Unique,Passed,,,Passed,,,,,,,,,,Excluded
R0404,ScienceDirect,2026-07-06,False,SMART-DEFENSE: 3D hexagonal federated network for systematic attack detection in blockchain-integrated healthcare environment,Gobalakrishnan N and Muthu Pandeeswari R,2026,Computer Standards & Interfaces,10.1016/j.csi.2025.104053,https://www.sciencedirect.com/science/article/pii/S0920548925000820,article,Yes,Unique,Passed,,,Passed,,,,,,,,,,Excluded
R1026,SpringerLink,2026-07-06,False,A risk and conformity assessment framework to ensure security and resilience of healthcare systems and medical supply chain,Kitty KioskliElisavet GrigoriouShareeful IslamAndrianos M. YiorkasLoizos ChristofiHaralambos Mouratidis,2025,International Journal of Information Security,10.1007/s10207-025-01009-z,https://link.springer.com/article/10.1007/s10207-025-01009-z,Article,Yes,Unique,Passed,,OpenAlex,Passed,,,,,,,,,,Excluded
